date_received,product,sub_product,issue,sub_issue,consumer_narrative,company_public_response,company,state,zip_code,tags,consumer_consent,submitted_via,date_sent_to_company,company_response,timely_response,consumer_disputed,complaint_id,year,month,has_narrative,product_normalised
2023-08-28,Credit reporting or other personal consumer reports,Credit reporting,Improper use of your report,Credit inquiries on your report that you don't recognize,,Company has responded to the consumer and the CFPB and chooses not to provide a public response,Experian Information Solutions Inc.,WI,53143.0,,Consent not provided,Web,2023-08-28,Closed with non-monetary relief,1,,7463130,2023,8,0,Credit reporting or other personal consumer reports
2025-03-06,Credit reporting or other personal consumer reports,Credit reporting,Incorrect information on your report,Information belongs to someone else,"I have not supplied proof under the doctrine of estoppel by silence, XXXX XXXX XXXXXXXX XXXX XXXX XXXX  XXXX XXXX XXXX. I pressume that no proof of the alleged debt, nor therefore any such debt, in fact therefore exist.",Company has responded to the consumer and the CFPB and chooses not to provide a public response,"TRANSUNION INTERMEDIATE HOLDINGS, INC.",NJ,8046.0,,Consent provided,Web,2025-03-06,Closed with non-monetary relief,1,,12351479,2025,3,1,Credit reporting or other personal consumer reports
2020-04-08,"Credit reporting, credit repair services, or other personal consumer reports",Credit reporting,Incorrect information on your report,Information belongs to someone else,,,"EQUIFAX, INC.",NC,28277.0,,Consent not provided,Web,2020-04-08,Closed with explanation,1,,3598008,2020,4,0,Credit reporting / repair
2025-04-25,Credit reporting or other personal consumer reports,Credit reporting,Incorrect information on your report,Information belongs to someone else,,,"EQUIFAX, INC.",SC,29680.0,,Consent not provided,Web,2025-04-25,Closed with non-monetary relief,1,,13183092,2025,4,0,Credit reporting or other personal consumer reports
2018-05-16,Debt collection,I do not know,Written notification about debt,Didn't receive enough information to verify debt,,Company has responded to the consumer and the CFPB and chooses not to provide a public response,"JH Portfolio Debt Equities, LLC",FL,33901.0,,,Postal mail,2018-05-16,Closed with explanation,1,,2909081,2018,5,0,Debt collection
2026-02-08,Credit reporting or other personal consumer reports,Credit reporting,Problem with a company's investigation into an existing problem,Investigation took more than 30 days,,,Experian Information Solutions Inc.,IL,60061.0,,,Web,2026-02-08,In progress,1,,19338996,2026,2,0,Credit reporting or other personal consumer reports
2021-10-26,"Credit reporting, credit repair services, or other personal consumer reports",Credit reporting,Incorrect information on your report,Account information incorrect,"Pursuant to 15 USC 1681a ( 2 ) ( B ) any authorization or approval of a specific extension of credit directly or indirectly by the issuer of a credit card or similar device ; Should be excluded from a consumer report. The definition of a credit card under 15 USC 1681 is the same as it is under 15 USC 1602 ( l ) which is the term credit card means any card, plate, coupon, book or other credits device existing for the purpose of obtaining, money, property, labor, or services on credit Notice, congress said ANY card. The credit card is my social security card. This is the credit card I used to originate every consumer credit transaction. 

I, XXXX XXXX, never granted XXXX, XXXX, or XXXX written authorization or permission to furnish harmful and inaccurate information on my credit report.",,CAPITAL ONE FINANCIAL CORPORATION,IL,60419.0,Servicemember,Consent provided,Web,2021-10-26,Closed with explanation,1,,4847443,2021,10,1,Credit reporting / repair
2024-10-15,Credit reporting or other personal consumer reports,Credit reporting,Problem with a company's investigation into an existing problem,Their investigation did not fix an error on your report,"I have a goal of getting a house as soon as possible but the stuff on my credit report will really put me in trouble, been waiting for the credit bureaus response and its really making me feel XXXX since it seems that theyre not doing anything to resolve my issue. My name is XXXX XXXX and I am filing this complaint for falsely reporting misleading information. There is no third party involved, its me personally who is filling this complaint. Please review the uploaded letters.",Company has responded to the consumer and the CFPB and chooses not to provide a public response,"TRANSUNION INTERMEDIATE HOLDINGS, INC.",MA,1844.0,,Consent provided,Web,2024-10-15,Closed with non-monetary relief,1,,10459530,2024,10,1,Credit reporting or other personal consumer reports
2015-09-22,Consumer Loan,Vehicle loan,Managing the loan or lease,,,,Santander Consumer USA Holdings Inc.,TX,75644.0,,,Referral,2015-09-24,Closed with explanation,1,0.0,1573772,2015,9,0,Consumer Loan
2026-02-24,Credit reporting or other personal consumer reports,Credit reporting,Problem with a company's investigation into an existing problem,Their investigation did not fix an error on your report,,Company has responded to the consumer and the CFPB and chooses not to provide a public response,"TRANSUNION INTERMEDIATE HOLDINGS, INC.",TN,38141.0,,,Web,2026-02-24,Closed with non-monetary relief,1,,19723494,2026,2,0,Credit reporting or other personal consumer reports
2025-12-02,Credit reporting or other personal consumer reports,Credit reporting,Incorrect information on your report,Information belongs to someone else,,Company has responded to the consumer and the CFPB and chooses not to provide a public response,Experian Information Solutions Inc.,OR,97007.0,,,Web,2025-12-02,Closed with explanation,1,,17656186,2025,12,0,Credit reporting or other personal consumer reports
2025-09-02,Credit reporting or other personal consumer reports,Credit reporting,Incorrect information on your report,Information belongs to someone else,,Company has responded to the consumer and the CFPB and chooses not to provide a public response,"TRANSUNION INTERMEDIATE HOLDINGS, INC.",PR,783.0,,Consent not provided,Web,2025-09-02,Closed with explanation,1,,15659248,2025,9,0,Credit reporting or other personal consumer reports
2025-02-17,Credit reporting or other personal consumer reports,Credit reporting,Incorrect information on your report,Information belongs to someone else,,Company has responded to the consumer and the CFPB and chooses not to provide a public response,"TRANSUNION INTERMEDIATE HOLDINGS, INC.",CA,91752.0,,Consent not provided,Web,2025-02-24,Closed with explanation,1,,12111044,2025,2,0,Credit reporting or other personal consumer reports
2017-11-15,"Credit reporting, credit repair services, or other personal consumer reports",Credit reporting,Incorrect information on your report,Information belongs to someone else,,Company has responded to the consumer and the CFPB and chooses not to provide a public response,"TRANSUNION INTERMEDIATE HOLDINGS, INC.",GA,30288.0,,,Postal mail,2017-11-15,Closed with explanation,1,,2730328,2017,11,0,Credit reporting / repair
2025-09-26,Debt collection,Other debt,Written notification about debt,Notification didn't disclose it was an attempt to collect a debt,"There are collection accounts on my report that I believe contain inaccurate information. Under my rights pursuant to 15 USC 1681e ( b ) and 15 USC 1681i, I am entitled to an accurate credit report. I request a review of these entries, and if they can not be verified as accurate, I ask that they be removed.",Company has responded to the consumer and the CFPB and chooses not to provide a public response,"TRANSUNION INTERMEDIATE HOLDINGS, INC.",TX,77373.0,,Consent provided,Web,2025-09-26,Closed with explanation,1,,16194215,2025,9,1,Debt collection
2018-02-14,"Credit reporting, credit repair services, or other personal consumer reports",Credit reporting,Problem with a credit reporting company's investigation into an existing problem,Their investigation did not fix an error on your report,,Company has responded to the consumer and the CFPB and chooses not to provide a public response,"TRANSUNION INTERMEDIATE HOLDINGS, INC.",MI,49512.0,,Consent not provided,Web,2018-02-14,Closed with explanation,1,,2814187,2018,2,0,Credit reporting / repair
2024-05-11,Credit reporting or other personal consumer reports,Credit reporting,Incorrect information on your report,Information belongs to someone else,"I believe FCRA 605B mandates the removal of any erroneous accounts from my credit report. Could you verify this? Several listed accounts are inaccurate in terms of reporting, including incorrect amounts and dates.",Company has responded to the consumer and the CFPB and chooses not to provide a public response,Experian Information Solutions Inc.,FL,33068.0,,Consent provided,Web,2024-05-11,Closed with explanation,1,,8976790,2024,5,1,Credit reporting or other personal consumer reports
2026-02-21,Credit reporting or other personal consumer reports,Credit reporting,Improper use of your report,Reporting company used your report improperly,,Company has responded to the consumer and the CFPB and chooses not to provide a public response,"TRANSUNION INTERMEDIATE HOLDINGS, INC.",FL,33319.0,,Consent not provided,Web,2026-02-21,Closed with non-monetary relief,1,,19679495,2026,2,0,Credit reporting or other personal consumer reports
2020-02-29,Debt collection,Medical debt,Attempts to collect debt not owed,Debt was result of identity theft,PLUS FOUR INC ( XXXX XXXX ) is a result of identity theft. I recently discovered through my new monitoring service this account being reported I made efforts to remove this account from my file as the amount of {$0.00} does not belong to me. This account was fraudulently opened through this company in XXXX of 2014 an has been reported to the FTC and authorities as Identity theft. I have submitted all of my information needed to resolve this matter in this complaint and through the FTC report attached and do not feel comfortable giving any further information in any way to any others at this time due to the further possibilities of identity theft.,Company has responded to the consumer and the CFPB and chooses not to provide a public response,"PlusFour, Inc",NV,89123.0,,Consent provided,Web,2020-02-29,Closed with explanation,1,,3549369,2020,2,1,Debt collection
2024-11-02,Credit reporting or other personal consumer reports,Credit reporting,Improper use of your report,Reporting company used your report improperly,,Company has responded to the consumer and the CFPB and chooses not to provide a public response,"TRANSUNION INTERMEDIATE HOLDINGS, INC.",NC,28213.0,,Consent not provided,Web,2024-11-02,Closed with non-monetary relief,1,,10651928,2024,11,0,Credit reporting or other personal consumer reports
2024-11-27,Credit reporting or other personal consumer reports,Credit reporting,Incorrect information on your report,Information belongs to someone else,"I am greatly concerned about the inclusion of this late payment on my account, as my payment history has consistently been punctual. This situation is causing me considerable distress, and I implore you to correct this mistake by promptly removing it from my account.",Company has responded to the consumer and the CFPB and chooses not to provide a public response,"TRANSUNION INTERMEDIATE HOLDINGS, INC.",MO,,,Consent provided,Web,2024-11-27,Closed with non-monetary relief,1,,10944855,2024,11,1,Credit reporting or other personal consumer reports
2025-10-30,Credit reporting or other personal consumer reports,Credit reporting,Improper use of your report,Reporting company used your report improperly,,Company has responded to the consumer and the CFPB and chooses not to provide a public response,"TRANSUNION INTERMEDIATE HOLDINGS, INC.",NY,11566.0,,Consent not provided,Web,2025-10-30,Closed with non-monetary relief,1,,16936251,2025,10,0,Credit reporting or other personal consumer reports
2022-08-05,"Credit reporting, credit repair services, or other personal consumer reports",Credit reporting,Improper use of your report,Reporting company used your report improperly,,,"EQUIFAX, INC.",NY,10475.0,,Consent not provided,Web,2022-08-05,Closed with explanation,1,,5847992,2022,8,0,Credit reporting / repair
2025-07-21,Credit reporting or other personal consumer reports,Credit reporting,Incorrect information on your report,Account status incorrect,,,"EQUIFAX, INC.",NY,11701.0,,Consent not provided,Web,2025-07-21,Closed with explanation,1,,14775277,2025,7,0,Credit reporting or other personal consumer reports
2021-04-05,"Credit reporting, credit repair services, or other personal consumer reports",Credit reporting,Problem with a credit reporting company's investigation into an existing problem,Investigation took more than 30 days,"I sent out letters to Equifax in regards to inaccurate account information and the accounts Metro 2 compliance fields. The investigation was only supposed to last 30 days since no additional information was provided. It's been over 60 days and the investigation is still going on. When I called, they started I would get results, and to date, I haven't received anything and it's still active.",,"EQUIFAX, INC.",MO,,,Consent provided,Web,2021-04-05,Closed with explanation,1,,4273346,2021,4,1,Credit reporting / repair
2025-06-05,Debt collection,I do not know,False statements or representation,Attempted to collect wrong amount,,Company has responded to the consumer and the CFPB and chooses not to provide a public response,"TRANSUNION INTERMEDIATE HOLDINGS, INC.",AZ,85301.0,,Consent not provided,Web,2025-06-05,Closed with non-monetary relief,1,,13904752,2025,6,0,Debt collection
2025-03-06,Debt collection,Credit card debt,Attempts to collect debt not owed,Debt was paid,"Your Account Dispute has been updated. 
The incorrect account with XXXX XXXX XXXX starts with XXXX has not been changed and will remain on your credit report. 

Source : Experian Date Submitted : XX/XX/year> Report Number : XXXX Account Number : XXXX Company : XXXX XXXX XXXX XXXX : XXXX XXXX XXXX XXXX, XXXX XXXX MN XXXX This account was added back after it has been proven paid in full, they removed it as a collection account But same day added it to my credit profile as an account with a debt owed",Company has responded to the consumer and the CFPB and chooses not to provide a public response,Experian Information Solutions Inc.,AL,35806.0,,Consent provided,Web,2025-03-06,Closed with explanation,1,,12339272,2025,3,1,Debt collection
2021-11-22,Debt collection,I do not know,Threatened to contact someone or share information improperly,Talked to a third-party about your debt,"Portfolio Recovery Associates Inc unlawfully accessed my credit report, specifically XXXX, on XX/XX/21 without giving notification or receiving consent. I do not have a relationship with Portfolio Recovery Associates and never have. Accessing my credit or personal data is unlawful without consent and purpose under 15 USC and Consumer Law. 
My personal data has since been breached and I have been a victim of identity theft through bad debit purchases. A complaint with the FTC has also been filed.",,"Portfolio Recovery Associates, LLC",NJ,,,Consent provided,Web,2021-11-22,Closed with explanation,1,,4935585,2021,11,1,Debt collection
2026-02-17,Debt collection,I do not know,Took or threatened to take negative or legal action,Threatened or suggested your credit would be damaged,,Company has responded to the consumer and the CFPB and chooses not to provide a public response,"CITIBANK, N.A.",TX,78210.0,,Consent not provided,Web,2026-02-17,Closed with non-monetary relief,1,,19572373,2026,2,0,Debt collection
2024-11-20,Credit reporting or other personal consumer reports,Credit reporting,Incorrect information on your report,Information belongs to someone else,,,"EQUIFAX, INC.",CA,92691.0,,Consent not provided,Web,2024-11-20,Closed with non-monetary relief,1,,10875074,2024,11,0,Credit reporting or other personal consumer reports
2025-08-14,Credit reporting or other personal consumer reports,Credit reporting,Incorrect information on your report,Information belongs to someone else,,Company has responded to the consumer and the CFPB and chooses not to provide a public response,"TRANSUNION INTERMEDIATE HOLDINGS, INC.",MS,39206.0,,Consent not provided,Web,2025-08-14,Closed with explanation,1,,15298348,2025,8,0,Credit reporting or other personal consumer reports
2025-03-23,Credit reporting or other personal consumer reports,Credit reporting,Incorrect information on your report,Account status incorrect,,,"EQUIFAX, INC.",FL,34210.0,,Consent not provided,Web,2025-03-23,Closed with non-monetary relief,1,,12661756,2025,3,0,Credit reporting or other personal consumer reports
2024-11-13,Credit reporting or other personal consumer reports,Credit reporting,Problem with a company's investigation into an existing problem,Their investigation did not fix an error on your report,,Company has responded to the consumer and the CFPB and chooses not to provide a public response,Experian Information Solutions Inc.,FL,33025.0,,Consent not provided,Web,2024-11-13,Closed with explanation,1,,10787702,2024,11,0,Credit reporting or other personal consumer reports
2025-07-13,Credit reporting or other personal consumer reports,Credit reporting,Incorrect information on your report,Information belongs to someone else,,,"EQUIFAX, INC.",NC,27360.0,,Consent not provided,Web,2025-07-13,Closed with non-monetary relief,1,,14624015,2025,7,0,Credit reporting or other personal consumer reports
2022-06-17,"Credit reporting, credit repair services, or other personal consumer reports",Credit reporting,Improper use of your report,Reporting company used your report improperly,,Company has responded to the consumer and the CFPB and chooses not to provide a public response,Experian Information Solutions Inc.,MD,21015.0,,Consent not provided,Web,2022-06-17,Closed with non-monetary relief,1,,5680630,2022,6,0,Credit reporting / repair
2024-10-31,Credit reporting or other personal consumer reports,Credit reporting,Improper use of your report,Reporting company used your report improperly,,,Experian Information Solutions Inc.,CA,90292.0,,Consent not provided,Web,2024-10-31,Closed with explanation,1,,10642724,2024,10,0,Credit reporting or other personal consumer reports
2022-08-09,"Credit reporting, credit repair services, or other personal consumer reports",Credit reporting,Incorrect information on your report,Information belongs to someone else,"To whom it may concern I have not been checking my credit. Recently as an account with your name addresses a different Social Security numbers. The following are fraud accounts name addresses thats on my credit report. Accounts : XXXXXXXX XXXX, XXXX XXXX XXXX XXXX, XXXX XXXX XXXX XXXX XXXX XXXX XXXX XXXX XXXX XXXX Addresses : XXXXXXXX XXXX XXXX XXXX XXXX XXXX XXXX XXXX XXXX XXXX XXXX XXXX XXXX XXXX XXXX XXXX XXXX XXXX XXXX XXXX XXXX XXXX XXXX XXXX XXXX XXXXXXXX Phone numbers : XXXX",,"EQUIFAX, INC.",SC,29488.0,,Consent provided,Web,2022-08-09,Closed with explanation,1,,5857140,2022,8,1,Credit reporting / repair
2025-09-25,Credit reporting or other personal consumer reports,Credit reporting,Problem with a company's investigation into an existing problem,Their investigation did not fix an error on your report,,,"EQUIFAX, INC.",FL,32824.0,,Consent not provided,Web,2025-09-25,Closed with non-monetary relief,1,,16175603,2025,9,0,Credit reporting or other personal consumer reports
2025-05-09,Credit reporting or other personal consumer reports,Credit reporting,Problem with a company's investigation into an existing problem,Investigation took more than 30 days,,,"EQUIFAX, INC.",GA,30253.0,,Consent not provided,Web,2025-05-09,Closed with non-monetary relief,1,,13430998,2025,5,0,Credit reporting or other personal consumer reports
2025-06-12,Credit reporting or other personal consumer reports,Credit reporting,Improper use of your report,Reporting company used your report improperly,,Company has responded to the consumer and the CFPB and chooses not to provide a public response,"TRANSUNION INTERMEDIATE HOLDINGS, INC.",GA,31404.0,,Consent not provided,Web,2025-06-12,Closed with non-monetary relief,1,,14053278,2025,6,0,Credit reporting or other personal consumer reports
2021-05-22,"Credit reporting, credit repair services, or other personal consumer reports",Credit reporting,Problem with a credit reporting company's investigation into an existing problem,Was not notified of investigation status or results,"ATTN Collections Dept I am submitting a complaint in reference to this company knowingly reporting inaccurate data. My credit profile is affected by these penalties, preventing my creditworthiness, due to these companies. I demand proof of the purchasing agreement? Valid Authorization/ proof of alleged debt. Reporting without valid proper disclosure requirements are in direct violation of my consumer rights. I legally requested a description of the details of the verification process used to verify this alleged account. Federal law requires you to respond in thirty ( 30 ) days to failure to comply with these federal regulations by the FTC U.S C41, et esq. I am maintaining a careful record on my communication with your company. Thank you, I look forward to resolving this expeditiously",,"EQUIFAX, INC.",PA,19141.0,,Consent provided,Web,2021-05-22,Closed with explanation,1,,4399176,2021,5,1,Credit reporting / repair
2024-03-07,Mortgage,Conventional home mortgage,Struggling to pay mortgage,"Applying for or obtaining a modification, forbearance plan, short sale, or deed-in-lieu",,,Synovus Bank,FL,33771.0,,Consent not provided,Web,2024-03-07,Closed with explanation,1,,8495408,2024,3,0,Mortgage
2025-11-17,Credit reporting or other personal consumer reports,Credit reporting,Incorrect information on your report,Information belongs to someone else,,,"EQUIFAX, INC.",IL,60487.0,,Consent not provided,Web,2025-11-17,Closed with non-monetary relief,1,,17305809,2025,11,0,Credit reporting or other personal consumer reports
2022-07-19,"Credit reporting, credit repair services, or other personal consumer reports",Credit reporting,Problem with a credit reporting company's investigation into an existing problem,Their investigation did not fix an error on your report,,Company has responded to the consumer and the CFPB and chooses not to provide a public response,Experian Information Solutions Inc.,AR,72209.0,,Consent not provided,Web,2022-07-19,Closed with explanation,1,,5786912,2022,7,0,Credit reporting / repair
2015-01-08,Debt collection,Credit card,Communication tactics,Frequent or repeated calls,,,Gatestone & Co. International Inc.,NY,10706.0,,,Web,2015-01-08,Closed with explanation,1,0.0,1186360,2015,1,0,Debt collection
2022-01-18,"Credit reporting, credit repair services, or other personal consumer reports",Credit reporting,Incorrect information on your report,Information belongs to someone else,,,"EQUIFAX, INC.",CA,95758.0,,Consent not provided,Web,2022-01-18,Closed with explanation,1,,5119446,2022,1,0,Credit reporting / repair
2024-01-27,Credit reporting or other personal consumer reports,Credit reporting,Improper use of your report,Reporting company used your report improperly,,Company has responded to the consumer and the CFPB and chooses not to provide a public response,"TRANSUNION INTERMEDIATE HOLDINGS, INC.",FL,33010.0,,Consent not provided,Web,2024-01-27,Closed with non-monetary relief,1,,8235139,2024,1,0,Credit reporting or other personal consumer reports
2025-12-23,Credit reporting or other personal consumer reports,Credit reporting,Incorrect information on your report,Information belongs to someone else,,,"EQUIFAX, INC.",SC,29611.0,,Consent not provided,Web,2025-12-23,Closed with explanation,1,,18251565,2025,12,0,Credit reporting or other personal consumer reports
2024-06-27,Credit reporting or other personal consumer reports,Credit reporting,Incorrect information on your report,Information belongs to someone else,,Company has responded to the consumer and the CFPB and chooses not to provide a public response,Experian Information Solutions Inc.,SC,29615.0,,Consent not provided,Web,2024-06-27,Closed with explanation,1,,9356499,2024,6,0,Credit reporting or other personal consumer reports
2022-03-11,"Credit reporting, credit repair services, or other personal consumer reports",Other personal consumer report,Problem with a company's investigation into an existing issue,Their investigation did not fix an error on your report,Please take a look at the attached letters and ID docs for verification that it is XXXX XXXX XXXX filing this complaint. The stuff on my credit report is wrong.,Company has responded to the consumer and the CFPB and chooses not to provide a public response,"TRANSUNION INTERMEDIATE HOLDINGS, INC.",FL,34221.0,,Consent provided,Web,2022-03-11,Closed with non-monetary relief,1,,5314931,2022,3,1,Credit reporting / repair
2024-03-08,Credit reporting or other personal consumer reports,Credit reporting,Problem with a company's investigation into an existing problem,Was not notified of investigation status or results,"I hope you're doing well. I've run into a bit of a problem. While going through my credit report, I noticed some things that don't seem quite right, and it appears my XXXX have been stolen XXXX. My nephew, who's studying XXXX XXXX, helped me out by finding a way to check if my XXXX emails were involved in this breach. To my surprise, it turns out that XXXX out of XXXX of my emails contain a lot of my XXXX and XXXX information. I want to emphasize that I'm not the one behind these accounts. It would mean a lot to me if you could assist in removing the following from my credit report. these are the inquiries : XXXX - XX/XX/XXXX XXXX XXXX XXXX XXXX XXXX XXXX XXXX XXXX XXXX XXXX XXXX XXXX XXXX XXXX XXXX XXXX XXXX XXXX XXXX XXXX XXXX XXXX XXXX XXXX XXXX XXXX XXXX XXXX XXXXXX/XX/XXXX",Company has responded to the consumer and the CFPB and chooses not to provide a public response,"TRANSUNION INTERMEDIATE HOLDINGS, INC.",FL,33782.0,,Consent provided,Web,2024-03-08,Closed with non-monetary relief,1,,8508130,2024,3,1,Credit reporting or other personal consumer reports
2025-12-22,Credit reporting or other personal consumer reports,Credit reporting,Improper use of your report,Credit inquiries on your report that you don't recognize,,Company has responded to the consumer and the CFPB and chooses not to provide a public response,"TRANSUNION INTERMEDIATE HOLDINGS, INC.",FL,33625.0,,Consent not provided,Web,2025-12-22,Closed with non-monetary relief,1,,18220385,2025,12,0,Credit reporting or other personal consumer reports
2025-02-20,Credit reporting or other personal consumer reports,Credit reporting,Incorrect information on your report,Account information incorrect,,,"EQUIFAX, INC.",AL,36322.0,,Consent not provided,Web,2025-02-20,Closed with non-monetary relief,1,,12147721,2025,2,0,Credit reporting or other personal consumer reports
2025-12-27,Credit reporting or other personal consumer reports,Credit reporting,Improper use of your report,Reporting company used your report improperly,,Company has responded to the consumer and the CFPB and chooses not to provide a public response,"TRANSUNION INTERMEDIATE HOLDINGS, INC.",CA,94303.0,,,Web,2025-12-27,Closed with explanation,1,,18319861,2025,12,0,Credit reporting or other personal consumer reports
2025-10-24,Credit reporting or other personal consumer reports,Credit reporting,Incorrect information on your report,Information belongs to someone else,,,"EQUIFAX, INC.",CA,90044.0,,,Web,2025-10-24,Closed with non-monetary relief,1,,16789765,2025,10,0,Credit reporting or other personal consumer reports
2024-02-15,Credit reporting or other personal consumer reports,Credit reporting,Problem with a company's investigation into an existing problem,Their investigation did not fix an error on your report,,Company has responded to the consumer and the CFPB and chooses not to provide a public response,"TRANSUNION INTERMEDIATE HOLDINGS, INC.",FL,32250.0,,Consent not provided,Web,2024-02-15,Closed with non-monetary relief,1,,8342697,2024,2,0,Credit reporting or other personal consumer reports
2025-02-22,Credit reporting or other personal consumer reports,Credit reporting,Problem with a company's investigation into an existing problem,Investigation took more than 30 days,,Company has responded to the consumer and the CFPB and chooses not to provide a public response,"TRANSUNION INTERMEDIATE HOLDINGS, INC.",NY,11413.0,,Consent not provided,Web,2025-02-22,Closed with non-monetary relief,1,,12176432,2025,2,0,Credit reporting or other personal consumer reports
2026-01-08,Credit reporting or other personal consumer reports,Credit reporting,Improper use of your report,Reporting company used your report improperly,,,"EQUIFAX, INC.",DE,19805.0,,,Web,2026-01-08,Closed with explanation,1,,18581334,2026,1,0,Credit reporting or other personal consumer reports
2025-06-13,Credit reporting or other personal consumer reports,Credit reporting,Improper use of your report,Reporting company used your report improperly,,Company has responded to the consumer and the CFPB and chooses not to provide a public response,Experian Information Solutions Inc.,MA,1105.0,,Consent not provided,Web,2025-06-13,Closed with explanation,1,,14074837,2025,6,0,Credit reporting or other personal consumer reports
2013-03-11,Credit reporting,,Incorrect information on credit report,Information is not mine,,,"EQUIFAX, INC.",IL,60478.0,,,Web,2013-03-11,Closed with non-monetary relief,1,1.0,348766,2013,3,0,Credit reporting / repair
2025-02-26,Credit reporting or other personal consumer reports,Credit reporting,Incorrect information on your report,Account status incorrect,"I am writing to file a formal complaint regarding unauthorized accounts appearing on my credit report. Despite my repeated attempts to have these accounts removed, they persist, causing significant damage to my financial reputation and well-being. The accounts in question are in clear violation of XXXX XXXX XXXX regarding permissible purposes. It is evident that the credit bureaus have no permissible purpose to report these fraudulent items without my explicit consent. Please see attached file for these items I am complaining.",Company has responded to the consumer and the CFPB and chooses not to provide a public response,Experian Information Solutions Inc.,NJ,7304.0,,Consent provided,Web,2025-02-26,Closed with explanation,1,,12231978,2025,2,1,Credit reporting or other personal consumer reports
2025-04-02,Credit reporting or other personal consumer reports,Credit reporting,Problem with a company's investigation into an existing problem,Investigation took more than 30 days,I am writing to inform you that I have recently become a victim of a data breach that has compromised my personal information. This incident has caused me significant concern regarding the security of my sensitive data. Data breach has led to fraudulent accounts and debts being created in my name. I would appreciate it if you could consider this situation while reviewing my credit report and take the appropriate actions to correct any inaccuracies or fraudulent activities.,Company has responded to the consumer and the CFPB and chooses not to provide a public response,Experian Information Solutions Inc.,CA,92626.0,,Consent provided,Web,2025-04-02,Closed with explanation,1,,12774347,2025,4,1,Credit reporting or other personal consumer reports
2024-04-24,Credit reporting or other personal consumer reports,Credit reporting,Incorrect information on your report,Information belongs to someone else,I have no affiliation with the listed creditors and did not initiate this inquiry. Please remove it from my credit report immediately.,Company has responded to the consumer and the CFPB and chooses not to provide a public response,"TRANSUNION INTERMEDIATE HOLDINGS, INC.",AZ,85249.0,,Consent provided,Web,2024-04-24,Closed with non-monetary relief,1,,8847426,2024,4,1,Credit reporting or other personal consumer reports
2022-02-15,Credit card or prepaid card,General-purpose credit card or charge card,Problem with a purchase shown on your statement,Credit card company isn't resolving a dispute about a purchase on your statement,,Company has responded to the consumer and the CFPB and chooses not to provide a public response,"BANK OF AMERICA, NATIONAL ASSOCIATION",NJ,7109.0,Older American,,Postal mail,2022-02-15,Closed with explanation,1,,5226174,2022,2,0,Credit card
2016-10-29,Credit card,,Billing disputes,,"Maintained a credit card with Discover Financial services, for 3+ years and did n't file a fraud complaint until 2 months ago. After filing a fraud affidavit and sending the fraud department supporting documentation, Discover Financial Services sent me 5 confirmation letters stating my funds have been credited as of the beginning of XXXX 2016. Upon checking my account everyday since beginning of XXXX, no funds have been credited. Discover financial services owes me over XXXX XXXX dollars in credits. 

Publish this complaint publicly, on the CFPB website, so consumers can publicly view the fraudulent tactics Discover Financial Services considers business as usual.",,DISCOVER BANK,NY,10128.0,Servicemember,Consent provided,Web,2016-10-29,Closed with explanation,1,0.0,2185596,2016,10,1,Credit card
2025-12-16,Credit reporting or other personal consumer reports,Credit reporting,Improper use of your report,Reporting company used your report improperly,,Company has responded to the consumer and the CFPB and chooses not to provide a public response,Experian Information Solutions Inc.,MA,1607.0,,Consent not provided,Web,2025-12-16,Closed with explanation,1,,18066737,2025,12,0,Credit reporting or other personal consumer reports
2025-04-29,Credit reporting or other personal consumer reports,Credit reporting,Improper use of your report,Credit inquiries on your report that you don't recognize,,Company has responded to the consumer and the CFPB and chooses not to provide a public response,Experian Information Solutions Inc.,DE,19720.0,,Consent not provided,Web,2025-04-29,Closed with explanation,1,,13229224,2025,4,0,Credit reporting or other personal consumer reports
2017-01-03,Consumer Loan,Vehicle loan,Managing the loan or lease,,,Company has responded to the consumer and the CFPB and chooses not to provide a public response,WELLS FARGO & COMPANY,FL,32216.0,,,Referral,2017-01-04,Closed with monetary relief,1,0.0,2271647,2017,1,0,Consumer Loan
2025-07-28,Credit reporting or other personal consumer reports,Credit reporting,Incorrect information on your report,Information belongs to someone else,"Please delete these unauthorized accounts from my credit report, as I neither approved their creation nor was aware of them. Per USC 1681g, I request their removal within 15 days. Attached are supporting documents.",Company has responded to the consumer and the CFPB and chooses not to provide a public response,Experian Information Solutions Inc.,GA,,,Consent provided,Web,2025-07-28,Closed with explanation,1,,14930495,2025,7,1,Credit reporting or other personal consumer reports
2025-11-26,Credit reporting or other personal consumer reports,Credit reporting,Problem with a company's investigation into an existing problem,Investigation took more than 30 days,,,"EQUIFAX, INC.",NY,11207.0,,Consent not provided,Web,2025-11-26,Closed with explanation,1,,17532224,2025,11,0,Credit reporting or other personal consumer reports
2025-04-22,Credit reporting or other personal consumer reports,Credit reporting,Improper use of your report,Credit inquiries on your report that you don't recognize,"I did not authorize these accounts, for I am a victim of the data breach, and all of my personal information was exposed in the breach and has been used. By understanding my right to privacy under the Fair Credit Reporting Act. I did not authorize these items listed. I demand that these items be removed from my credit report through all the credit bureaus. I understand that the creditor bought debt without my wet signature for pennies on the dollar. I know that I am protected under 15 U.S.C Sec 1681i ( a ) by",Company has responded to the consumer and the CFPB and chooses not to provide a public response,"TRANSUNION INTERMEDIATE HOLDINGS, INC.",GA,,Servicemember,Consent provided,Web,2025-04-22,Closed with non-monetary relief,1,,13107124,2025,4,1,Credit reporting or other personal consumer reports
2025-03-19,Credit reporting or other personal consumer reports,Credit reporting,Improper use of your report,Reporting company used your report improperly,,,"EQUIFAX, INC.",NH,3873.0,,Consent not provided,Web,2025-03-19,Closed with non-monetary relief,1,,12558818,2025,3,0,Credit reporting or other personal consumer reports
2026-02-01,"Money transfer, virtual currency, or money service",Mobile or digital wallet,"Managing, opening, or closing your mobile wallet account",,,,"Paypal Holdings, Inc",NY,11040.0,,,Web,2026-02-01,Closed with explanation,1,,19165547,2026,2,0,Money transfer / service
2025-10-31,Credit reporting or other personal consumer reports,Credit reporting,Improper use of your report,Reporting company used your report improperly,,Company has responded to the consumer and the CFPB and chooses not to provide a public response,"TRANSUNION INTERMEDIATE HOLDINGS, INC.",GA,30013.0,,,Web,2025-10-31,Closed with explanation,1,,16943525,2025,10,0,Credit reporting or other personal consumer reports
2014-08-22,Debt collection,Credit card,Cont'd attempts collect debt not owed,Debt was paid,,,SYNCHRONY FINANCIAL,FL,33028.0,,,Web,2014-08-22,Closed with explanation,1,1.0,996369,2014,8,0,Debt collection
2026-02-19,Credit reporting or other personal consumer reports,Credit reporting,Improper use of your report,Reporting company used your report improperly,,Company has responded to the consumer and the CFPB and chooses not to provide a public response,"TRANSUNION INTERMEDIATE HOLDINGS, INC.",LA,70769.0,,Consent not provided,Web,2026-02-19,Closed with explanation,1,,19638675,2026,2,0,Credit reporting or other personal consumer reports
2024-05-24,Credit reporting or other personal consumer reports,Credit reporting,Improper use of your report,Reporting company used your report improperly,,Company has responded to the consumer and the CFPB and chooses not to provide a public response,Experian Information Solutions Inc.,PA,19120.0,,Consent not provided,Web,2024-05-24,Closed with explanation,1,,9080645,2024,5,0,Credit reporting or other personal consumer reports
2024-10-08,Credit reporting or other personal consumer reports,Credit reporting,Incorrect information on your report,Account information incorrect,,Company has responded to the consumer and the CFPB and chooses not to provide a public response,Experian Information Solutions Inc.,AL,35228.0,,Consent not provided,Web,2024-10-08,Closed with explanation,1,,10385766,2024,10,0,Credit reporting or other personal consumer reports
2025-05-06,Credit reporting or other personal consumer reports,Credit reporting,Problem with a company's investigation into an existing problem,Problem with personal statement of dispute,"This is my FINAL notice of demand regarding the alleged debt tied to my vehicle loan. Based on newly obtained filings from the U.S. Securities and Exchange Commission ( SEC ), including your Form ABS-15G and 10-K filings, it is clear that XXXX XXXX securitizes auto loans and may no longer legally own or have standing to collect on this debt.

SECURITIZATION = TRANSFERRED OWNERSHIP Your Form ABS-15G filed on XX/XX/year>, confirms that XXXX XXXX acted as a securitizer in the auto loan asset class under Rule 15Ga-1. This indicates my auto loan may have been : Sold to a trust or SPV ( special purpose vehicle ) Converted into a security, And is now owned by investors, such as XXXX XXXX XXXX, as disclosed in your Schedule 13G filing. 

If XXXX XXXX no longer holds legal title, and merely acts as a servicer, you are in violation of 15 U.S.C. 1692e ( 2 ) ( A ) of the FDCPA for misrepresenting the character or legal status of the debt, and possibly TILA 15 U.S.C. 1641 ( g ) by failing to disclose assignment to the debtor.

FORMAL DEMAND FOR DOCUMENTATION : You are hereby directed to produce, in writing : 1. Full Chain of Assignment From loan origination through all sales or transfers 2. Trust or Pool Information If securitized, provide trust name, XXXX  number, closing date, and a copy of the Pooling and Servicing Agreement ( PSA ) 3. Proof of Standing Legal proof that XXXX XXXX currently owns the debt, not merely services it 4. Dates Date of first delinquency, date of last payment, and current legal holder of title DEMAND FOR REFUND & CESSATION If you can not verify ownership or legal standing : Cease and desist all collection activity under 15 U.S.C. 1692c ( c ) Delete all reporting to any credit bureaus under 15 U.S.C. 1681s-2 Issue a full refund of payments collected after the loan was transferred or securitized Remove all internal and third-party contact attempts Failure to comply within 10 business days from the date of this letter will result in : Filing with the FTC, SEC, and State Attorney General Civil litigation seeking monetary damages, legal fees, and punitive relief NOTICE OF PRESERVATION You are instructed to preserve all documents related to this account, including but not limited to securitization records, assignments, internal notes, emails, and payment logs, as this matter may lead to formal litigation.",Company has responded to the consumer and the CFPB and chooses not to provide a public response,Experian Information Solutions Inc.,MI,48192.0,,Consent provided,Web,2025-05-06,Closed with explanation,1,,13344026,2025,5,1,Credit reporting or other personal consumer reports
2024-10-01,Debt collection,Other debt,Written notification about debt,Notification didn't disclose it was an attempt to collect a debt,,Company has responded to the consumer and the CFPB and chooses not to provide a public response,"TRANSUNION INTERMEDIATE HOLDINGS, INC.",AZ,85340.0,,Consent not provided,Web,2024-10-01,Closed with non-monetary relief,1,,10302592,2024,10,0,Debt collection
2024-06-17,Debt collection,Medical debt,Attempts to collect debt not owed,Debt is not yours,This company contacted me stating I owed a debt that didn't exist. I contacted the original healthcare provider to confirm this. The healthcare provider sent all supporting documents showing I owe no debts. This company stated to provide all supporting documents in which I did. Now they are not responding to me when I ask for confirmation. I have sent four emails asking for assistance. They only continue to send me letters in the mail and ignore what I have provided.,,Phoenix Financial Services LLC,IL,60402.0,,Consent provided,Web,2024-06-17,Closed with explanation,1,,9276374,2024,6,1,Debt collection
2024-04-29,Credit reporting or other personal consumer reports,Credit reporting,Improper use of your report,Reporting company used your report improperly,"To Whom It May Concern : I was in the process of applying for new employment and it was brought to my attention that there is some inaccurate information reporting on my credit report.I received a copy of my credit report and to my surprise I saw all these inaccurate items that are not correct. By the way I hope that this does not hinder my ability to obtain employment due to this inaccurate information showing. I was advised by a legal friend of mine that under 15 US Code 1681a section 603 ( k ) ( b ) ( ii ) can be considered an adverse action.

Therefore I want the following accounts to be updated to the correct amount, date, status, open and closed date, last date of activity and time.

If you can not complete this request, please delete the accounts immediately. I have provided an exhibit of evidence showing the inaccuracies of my reports.

Please investigate if every piece of information is correct. If not, please remove it from my credit report. 

XXXX there is some inaccurate information reporting XXXX Account Number : XXXX Please remove it from my credit report. 


2. 15 U.S. CODE 1692E 10 - FALSE OR MISLEADING REPRESENTATIONS XXXX Account Number : XXXX Delete this account. 


XXXX. 15 U.S. CODE 1692E 10 - FALSE OR MISLEADING REPRESENTATIONS GRAIN XXXX XXXX Account Number : XXXX Please remove it from my credit report. 


XXXX. 15 U.S. CODE 1692G - VALIDATION OF DEBTS XXXX XXXX XXXX  Account Number : XXXX Please remove it from my credit report. 


5. 15 U.S. CODE 1681B - PERMISSIBLE PURPOSES OF CONSUMER REPORTS XXXX Date of inquiry : XX/XX/XXXX Please remove it from my credit report. 


6. 15 U.S. CODE 1681B - PERMISSIBLE PURPOSES OF CONSUMER REPORTS XXXXXXXX XXXX Date of inquiry : XX/XX/XXXX Please remove it from my credit report. 


7. 15 U.S. CODE 1681B - PERMISSIBLE PURPOSES OF CONSUMER REPORTS CREDIT XXXX XXXX XXXX  Date of inquiry : XX/XX/XXXX Please remove it from my credit report. 


8. 15 U.S. CODE 1681B - PERMISSIBLE PURPOSES OF CONSUMER REPORTS CREDIT XXXXXXXX XXXX XXXX  Date of inquiry : XX/XX/XXXX Please remove it from my credit report. 


XXXX. 15 U.S. CODE 1681B - PERMISSIBLE PURPOSES OF CONSUMER REPORTS EXPERIAN BUSINESS CRED Date of inquiry : XX/XX/XXXX Please remove it from my credit report.",Company has responded to the consumer and the CFPB and chooses not to provide a public response,Experian Information Solutions Inc.,AZ,85013.0,,Consent provided,Web,2024-04-29,Closed with explanation,1,,8881555,2024,4,1,Credit reporting or other personal consumer reports
2025-06-02,Credit reporting or other personal consumer reports,Credit reporting,Incorrect information on your report,Account status incorrect,,Company has responded to the consumer and the CFPB and chooses not to provide a public response,Experian Information Solutions Inc.,GA,30349.0,,Consent not provided,Web,2025-06-02,Closed with explanation,1,,13847021,2025,6,0,Credit reporting or other personal consumer reports
2026-02-19,Credit reporting or other personal consumer reports,Credit reporting,Incorrect information on your report,Account information incorrect,,,"EQUIFAX, INC.",NJ,7501.0,,,Web,2026-02-19,In progress,1,,19635244,2026,2,0,Credit reporting or other personal consumer reports
2025-07-30,Credit reporting or other personal consumer reports,Credit reporting,Incorrect information on your report,Information belongs to someone else,,,"EQUIFAX, INC.",TX,79413.0,,Consent not provided,Web,2025-07-30,Closed with non-monetary relief,1,,14966558,2025,7,0,Credit reporting or other personal consumer reports
2025-11-15,Credit reporting or other personal consumer reports,Credit reporting,Incorrect information on your report,Information belongs to someone else,,Company has responded to the consumer and the CFPB and chooses not to provide a public response,Experian Information Solutions Inc.,LA,70131.0,,Consent not provided,Web,2025-11-15,Closed with explanation,1,,17244571,2025,11,0,Credit reporting or other personal consumer reports
2023-02-14,"Credit reporting, credit repair services, or other personal consumer reports",Credit reporting,Incorrect information on your report,Account information incorrect,"RE : State, ex Rel. Attorney General as Notice of Rescission of Signature for Cease and Desist caused by Predatory Debt Collection Operation, I am writing to shed light on a company that I feel is operating unfairly. I see this as unfair and it appears deceptive. I feel I was targeted for unauthorized use of my signature caused by making false and misleading representations due to engaging in various abusive and unfair practices. I am able to fight this but what about the elderly and the infirm who depend on these products or services and are taken advantage of by this type of financing for alleged debts. I do think this is an unfair practice for all consumers. This builds distrust. I will never do business with this dishonorable company again as I feel they failed to provide validation of debts, proof for legally binding signature as a valid contract, and lack of due process as adequate notification of contract changes. This pattern of dishonest practice acts, although maybe legal, is not fair. Please take a look at this companys practices as adverse actions. Please feel free to forward and share this deprivation of rights complaint with the Office of the Comptroller of Currency for full-scale and complete intensive investigations. I declare under penalty of perjury under the laws of the United States of America that the foregoing is true and correct. Executed on todays date.",,"EQUIFAX, INC.",GA,30909.0,,Consent provided,Web,2023-02-14,Closed with explanation,1,,6572773,2023,2,1,Credit reporting / repair
2020-10-24,"Credit reporting, credit repair services, or other personal consumer reports",Credit reporting,Incorrect information on your report,Information belongs to someone else,,,AMERICAN EXPRESS COMPANY,VA,22555.0,,,Postal mail,2020-10-24,Closed with explanation,1,,3916919,2020,10,0,Credit reporting / repair
2022-06-02,"Credit reporting, credit repair services, or other personal consumer reports",Credit reporting,Problem with a credit reporting company's investigation into an existing problem,Difficulty submitting a dispute or getting information about a dispute over the phone,,,"EQUIFAX, INC.",NV,89156.0,Older American,,Postal mail,2022-06-02,Closed with explanation,1,,5629357,2022,6,0,Credit reporting / repair
2021-06-14,"Credit reporting, credit repair services, or other personal consumer reports",Credit reporting,Improper use of your report,Reporting company used your report improperly,"I, the consumer, in fact, have a right to privacy pursuant to 15 USC 1681 ( a ) ( 4 ). My privacy is violated by the following company Transunion. I have informed the consumer reporting agency TransUnion by mail of the specific accounts they are continuing to report in violation of 15 USC 1681 ( a ) ( 4 ).",Company has responded to the consumer and the CFPB and chooses not to provide a public response,"TRANSUNION INTERMEDIATE HOLDINGS, INC.",OK,74133.0,,Consent provided,Web,2021-06-14,Closed with explanation,1,,4460019,2021,6,1,Credit reporting / repair
2024-09-12,Credit reporting or other personal consumer reports,Credit reporting,Incorrect information on your report,Information belongs to someone else,,Company has responded to the consumer and the CFPB and chooses not to provide a public response,"TRANSUNION INTERMEDIATE HOLDINGS, INC.",CA,91403.0,,Consent not provided,Web,2024-09-12,Closed with non-monetary relief,1,,10119720,2024,9,0,Credit reporting or other personal consumer reports
2024-04-12,Credit reporting or other personal consumer reports,Credit reporting,Problem with a company's investigation into an existing problem,Investigation took more than 30 days,,Company has responded to the consumer and the CFPB and chooses not to provide a public response,Experian Information Solutions Inc.,IN,46410.0,,Consent not provided,Web,2024-04-12,Closed with explanation,1,,8761269,2024,4,0,Credit reporting or other personal consumer reports
2025-04-11,Debt collection,Credit card debt,Took or threatened to take negative or legal action,Threatened or suggested your credit would be damaged,,Company has responded to the consumer and the CFPB and chooses not to provide a public response,WELLS FARGO & COMPANY,FL,32127.0,Older American,Consent not provided,Web,2025-05-29,Closed with explanation,1,,12944702,2025,4,0,Debt collection
2025-10-23,Credit reporting or other personal consumer reports,Credit reporting,Problem with a company's investigation into an existing problem,Their investigation did not fix an error on your report,,,"EQUIFAX, INC.",FL,32940.0,,Consent not provided,Web,2025-10-23,Closed with non-monetary relief,1,,16741719,2025,10,0,Credit reporting or other personal consumer reports
2016-08-01,Mortgage,FHA mortgage,"Application, originator, mortgage broker",,"First of let me say for a manager to start yelling at a customer is beyond belief. I reluctantly dealt with XXXX and it was one of the worst things I could do. She constantly made excuses, would not call me back or answer questions. I got answers from another lender. She told me that I did not qualify for a loan because the loan to debt ratio was XXXX. Another lender told me XXXX, and I called her numerous times because I wanted to know, would I qualify if I paid off my XXXX car loan. So it would not be considered debt if it were not there. She never even mentioned any other options after running my credit. She is unprofessional, rude and loud. She got angry because I questioned her lack of customer service, went off on me as though she was some street fighter and frankly she only embarrassed herself! Please allow me to send you the emails where she tried to send me to another company. I did not want to deal with her ecause of her poor customer service and you will see that in the emails. I cant believe you have such an unprofessional person in your employ. I would like to speak to the President of the company. She lied and manipulated me into allowing her to r run my credit information. I sent her all of the documentation and she claimed that she looked it over BEFORE to see if it were feasible to run my credit which I do n't believe she did. All she was interested in was running my credit. Also to try to send me to another lender without even trying to earn my business is disturbing. The emails outline the fact that she was ignoring me and I had to get answers from another lender. She never even gave me any alternatives to make the loan work. 
despite all of this, no 'PROFESSIONAL ' has the right to yell at a customer., tell them anything to run their credit then abandon the customer Here is her information XXXX XXXX , Sales Manager/Mortgage Loan Originator, XXXX # XXXX HomeBridge Financial Services , Inc . 
XXXX Member Preferred Lender XXXX XXXX XXXX XXXX XXXX, NJ XXXX o : XXXX c : XXXX f : XXXX e : XXXXXXXXXXXX",Company believes it acted appropriately as authorized by contract or law,"AMA Advisors, LLC.",CA,,,Consent provided,Web,2016-08-03,Closed with explanation,1,0.0,2040678,2016,8,1,Mortgage
2026-03-06,Credit reporting or other personal consumer reports,Credit reporting,Incorrect information on your report,Account status incorrect,,,"TRANSUNION INTERMEDIATE HOLDINGS, INC.",CA,92555.0,,,Web,2026-03-06,In progress,1,,20035539,2026,3,0,Credit reporting or other personal consumer reports
2024-02-09,Credit reporting or other personal consumer reports,Credit reporting,Improper use of your report,Reporting company used your report improperly,"In accordance with the Fair Credit Reporting act. The List of accounts below has violated my federally protected consumer rights to privacy and confidentiality under 15 USC 1681.

15 U.S.C 1681 section 602 A. States I have the right to privacy.

15 U.S.C 1681 Section 604 A Section 2 : It also states a consumer reporting agency can not furnish a account without my written instructions 15 U.S.C 1681c. ( a ) ( 5 ) Section States : no consumer reporting agency may make any consumer report containing any of the following items of information Any other adverse item of information, other than records of convictions of crimes which antedates the report by more than seven years.

15 U.S.C. 1681s-2 ( A ) ( 1 ) A person shall not furnish any information relating to a consumer to any consumer reporting agency if the person knows or has reasonable cause to believe that the information is inaccurate.",Company has responded to the consumer and the CFPB and chooses not to provide a public response,"TRANSUNION INTERMEDIATE HOLDINGS, INC.",MD,21144.0,,Consent provided,Web,2024-02-09,Closed with non-monetary relief,1,,8314386,2024,2,1,Credit reporting or other personal consumer reports
2015-02-22,Mortgage,FHA mortgage,"Loan modification,collection,foreclosure",,,,"BANK OF AMERICA, NATIONAL ASSOCIATION",TN,37042.0,Servicemember,,Web,2015-02-22,Closed with explanation,1,0.0,1251200,2015,2,0,Mortgage
2025-12-08,Credit reporting or other personal consumer reports,Credit reporting,Incorrect information on your report,Information belongs to someone else,,Company has responded to the consumer and the CFPB and chooses not to provide a public response,Experian Information Solutions Inc.,PA,19124.0,,Consent not provided,Web,2025-12-08,Closed with explanation,1,,17846152,2025,12,0,Credit reporting or other personal consumer reports
2024-02-15,Credit reporting or other personal consumer reports,Credit reporting,Problem with a company's investigation into an existing problem,Their investigation did not fix an error on your report,,Company has responded to the consumer and the CFPB and chooses not to provide a public response,"TRANSUNION INTERMEDIATE HOLDINGS, INC.",TX,76031.0,,Consent not provided,Web,2024-02-15,Closed with non-monetary relief,1,,8349452,2024,2,0,Credit reporting or other personal consumer reports
2024-04-24,Debt collection,I do not know,Written notification about debt,Notification didn't disclose it was an attempt to collect a debt,"I recognize the importance of removing any inaccurate accounts from my credit report in accordance with FCRA 605B. Could you please review the documents? I've observed discrepancies in several listed accounts, which is troubling to me.",Company has responded to the consumer and the CFPB and chooses not to provide a public response,"TRANSUNION INTERMEDIATE HOLDINGS, INC.",PA,19103.0,,Consent provided,Web,2024-04-24,Closed with non-monetary relief,1,,8845056,2024,4,1,Debt collection
2023-01-23,Checking or savings account,Checking account,Managing an account,Fee problem,No matter how many times I used my card they was charging me additional fees.,Company has responded to the consumer and the CFPB and chooses not to provide a public response,WELLS FARGO & COMPANY,GA,30236.0,,Consent provided,Web,2023-01-23,Closed with explanation,1,,6475275,2023,1,1,Bank account / service
2025-01-06,Credit reporting or other personal consumer reports,Credit reporting,Problem with a company's investigation into an existing problem,Their investigation did not fix an error on your report,,Company has responded to the consumer and the CFPB and chooses not to provide a public response,Experian Information Solutions Inc.,TX,77584.0,,Consent not provided,Web,2025-01-06,Closed with explanation,1,,11403535,2025,1,0,Credit reporting or other personal consumer reports
2021-01-10,Credit card or prepaid card,General-purpose credit card or charge card,Problem with a purchase shown on your statement,Credit card company isn't resolving a dispute about a purchase on your statement,,,DISCOVER BANK,PA,19152.0,,Consent not provided,Web,2021-01-10,Closed with monetary relief,1,,4059167,2021,1,0,Credit card
2021-12-21,"Credit reporting, credit repair services, or other personal consumer reports",Credit reporting,Incorrect information on your report,Personal information incorrect,,,"EQUIFAX, INC.",RI,2816.0,,Consent not provided,Web,2021-12-21,Closed with explanation,1,,5028278,2021,12,0,Credit reporting / repair
2025-08-05,Debt collection,Other debt,Attempts to collect debt not owed,Debt was result of identity theft,,Company has responded to the consumer and the CFPB and chooses not to provide a public response,"SUNRISE CREDIT SERVICES, INC",WI,53212.0,,Consent not provided,Web,2025-08-05,Closed with explanation,1,,15097976,2025,8,0,Debt collection
2018-05-23,"Credit reporting, credit repair services, or other personal consumer reports",Credit reporting,Incorrect information on your report,Account status incorrect,"Was told by Navient Corp that my loans were in forbearance but Navient proceeded to report late payments for 90 days from XX/XX/XXXX-XX/XX/XXXX. Loans should have never been in forbearance and should  have had a grace period starting in XX/XX/XXXX ( year I graduated ). 

Now I also just paid off my last loan balance and Navient for some reason charged me an additional {$97.00}. This needs to be refunded back to me as soon as possible.",,"Navient Solutions, LLC.",PA,,,Consent provided,Web,2018-05-23,Closed with explanation,1,,2914402,2018,5,1,Credit reporting / repair
2026-02-14,Credit reporting or other personal consumer reports,Credit reporting,Problem with a company's investigation into an existing problem,Their investigation did not fix an error on your report,,,"EQUIFAX, INC.",NM,87110.0,,Other,Web,2026-02-14,Closed with non-monetary relief,1,,19504057,2026,2,0,Credit reporting or other personal consumer reports
2025-04-08,Credit reporting or other personal consumer reports,Credit reporting,Incorrect information on your report,Account status incorrect,,,"EQUIFAX, INC.",NV,89015.0,,Consent not provided,Web,2025-04-08,Closed with explanation,1,,12856147,2025,4,0,Credit reporting or other personal consumer reports
2020-11-19,Debt collection,Medical debt,Written notification about debt,Didn't receive enough information to verify debt,"Dispute Timeline I noticed on my credit report a collections account from American Capital ENT claiming I owe {$1800.00}. This debt is not mine and they will not respond to my request to remove this fraudulent item from my credit report.

File Name : Dispute Letter 1 XXXX XX/XX/XXXX 1st Dispute letter mailed on XX/XX/2020, with no response. 

File Name : USPS Certified Mail Receipt Receipt for 1st Dispute Letter being sent.

File Name : USPS Tracking Date Letter Received XX/XX/XXXX 1st Letter received by American Capital on XX/XX/2020. 

File Name : Credit Report American Capital XXXX XX/XX/XXXX I downloaded my credit report dated XX/XX/2020, with no mention in the comment section account being disputed by the consumer. 

File Name : Credit Report American Capital XXXX XX/XX/XXXX I downloaded my credit report 46 days later from the date the letter was received by American Capital, with no mention in the comment section that this account is being disputed by the consumer. 

File Name : Dispute Letter 2 XXXX XX/XX/XXXX 2nd Dispute letter sent to American Capital with no response.

File Name : USPS Certified Mail Receipt XX/XX/XXXX - Receipt for 2nd Dispute Letter being sent. 

File Name : USPS Tracking Date Dispute Letter Received XX/XX/XXXX - 1st Letter received by American Capital on XX/XX/2020.",Company believes it acted appropriately as authorized by contract or law,"American Capital Enterprises, Inc.",CA,,,Consent provided,Web,2020-11-19,Closed with explanation,1,,3964415,2020,11,1,Debt collection
2025-11-18,Credit reporting or other personal consumer reports,Credit reporting,Improper use of your report,Reporting company used your report improperly,,Company has responded to the consumer and the CFPB and chooses not to provide a public response,"TRANSUNION INTERMEDIATE HOLDINGS, INC.",CA,90606.0,,Consent not provided,Web,2025-11-18,Closed with explanation,1,,17325842,2025,11,0,Credit reporting or other personal consumer reports
2023-09-08,Credit reporting or other personal consumer reports,Credit reporting,Improper use of your report,Reporting company used your report improperly,I sent some letters to the credit bureaus regarding inaccurate items on my credit report. My letters have been disregarded and Ive been receiving letters stating Im using a 3rd party. I have attached my ID and letters to this complaint for your review.,Company has responded to the consumer and the CFPB and chooses not to provide a public response,"TRANSUNION INTERMEDIATE HOLDINGS, INC.",NC,27893.0,,Consent provided,Web,2023-09-08,Closed with non-monetary relief,1,,7520222,2023,9,1,Credit reporting or other personal consumer reports
2025-06-23,Credit reporting or other personal consumer reports,Credit reporting,Improper use of your report,Reporting company used your report improperly,I kindly request that you investigate this matter and correct the status of my account to reflect the timely payment. I would appreciate your confirmation once this issue has been resolved. The imposition of this charge is not only incorrect but also a violation of our agreement. Please review your records regarding this payment. I have enclosed copies of documents and attached the report to verify that the payment was processed before the due date.,Company has responded to the consumer and the CFPB and chooses not to provide a public response,Experian Information Solutions Inc.,CA,94591.0,,Consent provided,Web,2025-06-23,Closed with explanation,1,,14211303,2025,6,1,Credit reporting or other personal consumer reports
2025-04-22,Credit reporting or other personal consumer reports,Credit reporting,Improper use of your report,Credit inquiries on your report that you don't recognize,,Company has responded to the consumer and the CFPB and chooses not to provide a public response,"TRANSUNION INTERMEDIATE HOLDINGS, INC.",TX,75054.0,,Consent not provided,Web,2025-04-22,Closed with non-monetary relief,1,,13105411,2025,4,0,Credit reporting or other personal consumer reports
2018-06-21,Checking or savings account,Other banking product or service,Closing an account,Can't close your account,,,GOLDMAN SACHS BANK USA,,,,,Phone,2018-06-21,Closed with explanation,1,,2942123,2018,6,0,Bank account / service
2025-11-24,Credit reporting or other personal consumer reports,Credit reporting,Incorrect information on your report,Personal information incorrect,"I am filing this complaint because TransUnion is reporting inaccurate information on my consumer report in violation of the Fair Credit Reporting Act and Metro 2 reporting standards. The account in question is being reported incorrectly, and the current status, terminology, and data fields do not meet the required Metro 2 formatting and accuracy guidelines.

I previously disputed this information, and TransUnion failed to properly investigate and correct the inaccurate data as required under FCRA 602, 607 ( b ), and 611. The information furnished does not match my records and is not being reported consistently across all CRAs. This raises concerns about compliance with Metro 2 fields including the Account Status, Current Balance, Date of First Delinquency ( DOFD ), and Payment Rating.

Because this inaccurate data is negatively affecting my creditworthiness, I am requesting the CFPB to require TransUnion to conduct a full reinvestigation, obtain proper verification from the furnisher, and correct or delete all data that can not be verified according to FCRA and Metro 2 guidelines.",Company has responded to the consumer and the CFPB and chooses not to provide a public response,"TRANSUNION INTERMEDIATE HOLDINGS, INC.",TN,37040.0,,Consent provided,Web,2025-11-24,Closed with explanation,1,,17452545,2025,11,1,Credit reporting or other personal consumer reports
2025-09-22,Credit reporting or other personal consumer reports,Credit reporting,Improper use of your report,Reporting company used your report improperly,,Company has responded to the consumer and the CFPB and chooses not to provide a public response,"TRANSUNION INTERMEDIATE HOLDINGS, INC.",GA,30228.0,,Consent not provided,Web,2025-09-22,Closed with non-monetary relief,1,,16108819,2025,9,0,Credit reporting or other personal consumer reports
2025-07-05,Debt collection,I do not know,Written notification about debt,Didn't receive enough information to verify debt,"I am writing in response to your recent correspondence by reporting to my credit report regarding the alleged debt you claim I owe. As per my rights under the Fair Debt Collection Practices Act ( FDCPA ) and the guidelines outlined by the Consumer Financial Protection Bureau ( CFPB ), I previously requested proper validation of this debt through the credit bureau. However, the information you provided does not constitute sufficient proof of my obligation to pay you. I was never properly notified of the debt in order to dispute it prior to reporting it to my credit report. I dont recall authorizing your company in particular to have a purpose to report with ANY signed agreement. Below is the letter I sent directly to this collection agency. I never received any follow up and my credit has been tarnished as a result of their unlawful collection reporting. 
"" To Whom it May Concern, I am writing to demand that you immediately cease all attempts to collect on the debt you allege I owe. I do not recognize this debt, and I am formally disputing its validity. Under the Fair Debt Collection Practices Act ( FDCPA ), specifically 15 U.S.C. 1692c ( c ), you must cease all further communication with me regarding this alleged debt, including phone calls, letters, emails, and any other forms of contact.

Account number : XXXX, I need to see all paperwork and contracts with my signature that would verify ownership. Remove this account immediately. 

Demand for Documentation In addition to ceasing all collection activity, I demand that you provide me with the following documentation to validate the debt : Agreement with Original Creditor : A copy of the agreement between your agency and the original creditor, authorizing you to collect on this debt. 

Original Agreement : A copy of the original agreement or contract with the original creditor that clearly shows my signature, proving that I agreed to the terms and conditions of the original debt.

Complete Chain of Title : A full and complete chain of title on this account, detailing each transfer or sale of the account from the original creditor to your agency, demonstrating that you have the legal right to collect this debt. 

Contract Confirming Debt Obligation to Your Agency : Any documentation that indicates I entered into an agreement with your agency, showing that I consented to pay this debt specifically to you. 

Additionally, I advise you that the original agreement includes an arbitration clause. Therefore, any legal action or dispute involving this debt should follow the arbitration process outlined in that agreement. Continuing collection attempts without adhering to the terms of the original contract may constitute a breach of contract.

Violations of the FDCPA By sending harassing collection letters, calling me repeatedly, and reporting this disputed debt to the credit bureaus without a permissible purpose, you are in direct violation of several provisions of the FDCPA, including but not limited to : 15 U.S.C. 1692d Prohibition Against Harassment : Repeated calls and letters from your agency constitute harassment, which is strictly prohibited under this section.

15 U.S.C. 1692e False or Misleading Representations : Reporting a disputed and unverified debt to the credit bureaus may be considered a misleading representation, as you have no confirmed basis for collecting this debt.

15 U.S.C. 1692f Prohibition of Unfair Practices : Attempting to collect a debt without proper validation or verification of its legitimacy is an unfair practice under the FDCPA.

15 U.S.C. 1681b Permissible Purpose Requirement : Reporting this alleged debt to credit reporting agencies without a legitimate permissible purpose is a violation of my privacy and rights under the Fair Credit Reporting Act ( FCRA ).

Final Demand for Deletion and Warning of Legal Action If the alleged debt is not fully validated and documented within 30 days, or if it is not deleted from my credit report, I will pursue arbitration or file a lawsuit for your violations of the FDCPA and FCRA. Additionally, I will seek monetary compensation for damages caused by your unlawful and harassing collection practices. 

Thank you for your immediate attention to this matter. I expect a prompt and complete response, along with the deletion of the alleged debt from my credit report within the specified timeframe. '' After sending this, I never received any proper notification prior to this account affecting my credit.",,Resurgent Capital Services L.P.,TX,77007.0,,Consent provided,Web,2025-07-05,Closed with non-monetary relief,1,,14500277,2025,7,1,Debt collection
2023-11-11,Credit reporting or other personal consumer reports,Credit reporting,Problem with a company's investigation into an existing problem,Investigation took more than 30 days,COMPANY NNEVER RESPONDED PASSED 90 days,Company has responded to the consumer and the CFPB and chooses not to provide a public response,"Fidelity National Information Services, Inc. (FNIS)",CA,92374.0,,Consent provided,Web,2023-11-11,Closed with explanation,1,,7838407,2023,11,1,Credit reporting or other personal consumer reports
2019-05-27,Mortgage,Conventional home mortgage,Trouble during payment process,,"Hello and thank you for offering this service, it is nice to know that there is a government entity that provides a place to be heard and hopefully justice kept inline because of it. 

What happened ; In XXXX XXXX XXXX approved me for a 30 year mortgage. I am in excellent standing with XXXX XXXX. 

XX/XX/XXXX I received a notification of assignment, sale or transfer of my mortgage loan to XXXX XXXX XXXX XXXX XXXX XXXX effective XX/XX/XXXX. 
I don't know what to do with this information. 

- XX/XX/XXXX XXXX XXXX sends me my monthly bill and statement, which I pay. 

- XX/XX/XXXX XXXX XXXX sends me my monthly bill and statement, which I pay. 

- XX/XX/XXXX I received a letter from Select Portfolio, stating that my loan will now be paid to SPS. Confused by this letter and no warning from XXXX XXXX I speak in person with two XXXX XXXX Mortgage agents, they too are confused and after many phone calls determine that I am to send my mortgage payments to SPS. 
I am upset that XXXX XXXX did not inform me. 

XX/XX/XXXX XXXX XXXX sends me my monthly bill and statement. Confused, I pay. 

XX/XX/XXXX I finally receive a transfer of servicing mortgage loan from XXXX XXXX to Select Portfolio Servicing. 

XX/XX/XXXX Select Portfolio servicing sends me a letter of their payment address. 

XX/XX/XXXX Select Portfolio servicing sends me my mortgage bill and statement. Which I pay. 

XX/XX/XXXX I received from XXXX XXXX Mortgage Company, a notice of assignment, sale or transfer of ownership of mortgage loan ; Select Portfolio Servicing. 
I am confused by this letter of yet another possible sale!? 

XX/XX/XXXX Select Portfolio servicing sends me my mortgage statement and bill, which I pay. 

XX/XX/XXXX Select Portfolio servicing sends me my annual escrow account disclosure statement and my new escrow payment amount. 

XX/XX/XXXX Select Portfolio servicing sends me my mortgage statement and bill, which I pay. 

XX/XX/XXXX Select Portfolio servicing sends me a notice of servicing transfer. 
Loan now transferred to XXXX XXXX XXXX XXXX. 

Complaint ; My loan was transferred twice almost three times in less than five months! 
Each time requires time and effort in setting up new company to pay. 
Is this legal, of so why? 
How many people are currently experiencing this and what is the intention behind the buying and selling of home loans? 

Thank you for your time and effort. 

- XXXX XXXX",Company believes it acted appropriately as authorized by contract or law,"SELECT PORTFOLIO SERVICING, INC.",CA,,,Consent provided,Web,2019-05-27,Closed with explanation,1,,3254746,2019,5,1,Mortgage
2025-08-15,Credit reporting or other personal consumer reports,Credit reporting,Improper use of your report,Reporting company used your report improperly,,,"EQUIFAX, INC.",KS,67220.0,,Consent not provided,Web,2025-08-15,Closed with non-monetary relief,1,,15313704,2025,8,0,Credit reporting or other personal consumer reports
2026-02-04,Credit reporting or other personal consumer reports,Credit reporting,Incorrect information on your report,Personal information incorrect,,,"EQUIFAX, INC.",IN,46221.0,,,Web,2026-02-04,Closed with non-monetary relief,1,,19248522,2026,2,0,Credit reporting or other personal consumer reports
2024-10-30,Credit reporting or other personal consumer reports,Credit reporting,Incorrect information on your report,Information belongs to someone else,,Company has responded to the consumer and the CFPB and chooses not to provide a public response,Experian Information Solutions Inc.,MD,21218.0,,Consent not provided,Web,2024-10-30,Closed with explanation,1,,10635393,2024,10,0,Credit reporting or other personal consumer reports
2025-09-18,Credit reporting or other personal consumer reports,Credit reporting,Improper use of your report,Reporting company used your report improperly,,Company has responded to the consumer and the CFPB and chooses not to provide a public response,Experian Information Solutions Inc.,TX,77583.0,,Consent not provided,Web,2025-09-18,Closed with explanation,1,,16023258,2025,9,0,Credit reporting or other personal consumer reports
2019-08-07,Mortgage,Home equity loan or line of credit (HELOC),Struggling to pay mortgage,,"I was told that house was already sold and no one had contacted them. Then a few weeks later, told house not sold for foreclosure and new date is XX/XX/XXXX. I asked for a refund of the {$900.00}, emergency payment to stop foreclosure and told no refunds and still many other options. The man that asked for the {$900.00} phone payment, XXXX XXXX at XXXX XXXX XXXX, did so on a Friday and on the following Tuesday I was told house was sold, by Real Estate Agents. Tried to reach him in office but was out of office until the following Friday. Asked for refund and told no refunds allowed. Made several calls and spoke to ladies in office, but never heard from him again. Loan is with Bank of America, a Home Equity Loan, and in my husband 's name only. He passed away in XX/XX/XXXX, and Bank of America was given a death certificate. After that date, I was not allowed to receive any information regarding the loan and told my job was only to pay the monthly statements. I did until XX/XX/XXXX, and became behind on payments. Spoke to an attorney that referred me to Senator XXXX XXXX Office and XXXX XXXX, has been assisting me to get help with information regarding this loan. He put me in contact with XXXX XXXX, Resolutions Specialist. Had a couple of phone contacts, then a taped phone interview. Told me he would send me five documents I asked for a something in writing on Bank of America Letterhead, that he did a loan search and found that no other names had ever been on this loan and that a Power of Attorney, was not involved in the loan history. I did not receive the documents or letter from him, regarding our conversation on the taped phone call on XX/XX/XXXX. I waited ten days and then went to my local Bank of American Bank and they got the information I needed to contact the Loan Retention Department. Got XXXX XXXX and she got busy explaining how things worked and that I needed to be a Successor to receive information. She checked XXXX XXXX 's nots on loan history file and saw that he approved the "" Successor '' status for me to get information on XX/XX/XXXX. I told her it has been two weeks and no paperwork. She got busy and sent me the original paperwork, with my husband 's name on it, the loan settlement statement the loan history and the load pay off date and amount. The loan line of credit, approximately {$50000.00}, with transaction information, did not show up with the other four documents I am still in the process of trying to get a copy of those documents, with XXXX XXXX, XXXX XXXX and XXXX XXXX, have not responded and have concerns about the final date to pay off my husband 's loan being XX/XX/XXXX, without the complete paperwork and the time to seek legal and financial advice, regarding it's status and how it is going to impact whether or not I will be able to sell house and pay off both loans on the house and unsecured credit, as planned. Getting threating telephone calls from XXXX XXXX XXXX, a company I am not familiar with. The most recent caller has been a man named XXXX XXXX, but several other men and women calling my unlisted number and no idea who they are. The calls tell me to call the number XXXX, or I will have a lot of unpleasant legal things happen to me. Must call immediately and they all ended with sarcastic wishes for Good Luck. The only banks I am dealing with are Bank of America, for the Home Equity Loan in my husband 's name and XXXX / XXXX XXXX, represented by XXXX XXXX XXXX. I have been told by Mr. XXXX in Congresswoman 's Office, working on this, that I have been given until end of XX/XX/XXXX to deal with Original Mortgage in my name. XXXX XXXX XXXX 's office phone number is XXXX and her fax # is XXXX. They have copies of the transactions between both XXXX XXXX XXXX and Bank of America, and been in contact with them since XX/XX/XXXX. When I could not get paperwork from bank of America, a local attorney, suggested I contact them and ask for their help. They have been wonderful in navigating this difficult situation. During this entire process a great deal of confusion as to who was foreclosing. The company that handles the paperwork in our area, XXXX XXXX, did not list the name of the bank and not until three days before the first foreclosure date was scheduled, we were all under the impression that the foreclosure was for the home mortgage and that XXXX was foreclosing. Asked Bank of America to have their name listed on the paperwork sent out. There was one notice that listed the name of a XXXX / XXXX employee and that lead us all to believe it was the mortgage company as we all have been working with them. It turned out to be Bank of America and since we had not heard form them in months, had no idea. Did get updated, XXXX XXXX document with Bank of America on the paperwork. The attorney 's that are representing Bank of America on the foreclosure are XXXX XXXX, at XXXX. Don't know if they can be helpful or not.",Company has responded to the consumer and the CFPB and chooses not to provide a public response,"BANK OF AMERICA, NATIONAL ASSOCIATION",NV,89015.0,Servicemember,Consent provided,Web,2019-08-07,Closed with explanation,1,,3332932,2019,8,1,Mortgage
2025-10-13,Credit reporting or other personal consumer reports,Credit reporting,Incorrect information on your report,Account information incorrect,,Company has responded to the consumer and the CFPB and chooses not to provide a public response,"Fidelity National Information Services, Inc. (FNIS)",TX,76155.0,Servicemember,Consent not provided,Web,2025-10-13,Closed with explanation,1,,16552229,2025,10,0,Credit reporting or other personal consumer reports
2016-09-22,Debt collection,Credit card,Cont'd attempts collect debt not owed,Debt was paid,,,Resurgent Capital Services L.P.,IL,60142.0,,Consent not provided,Web,2016-09-22,Closed with explanation,1,0.0,2127580,2016,9,0,Debt collection
2022-09-19,"Credit reporting, credit repair services, or other personal consumer reports",Credit reporting,Incorrect information on your report,Information belongs to someone else,,Company has responded to the consumer and the CFPB and chooses not to provide a public response,Experian Information Solutions Inc.,MD,21030.0,,Consent not provided,Web,2022-09-19,Closed with explanation,1,,5997336,2022,9,0,Credit reporting / repair
2025-02-20,Credit reporting or other personal consumer reports,Credit reporting,Incorrect information on your report,Account information incorrect,"XXXX XXXX are reporting inaccurate information to the credit bureaus. I sent a complaint about XXXX XXXX  reporting that I owe a certain amount for a repossession, when I have never received a letter that states the vehicle was sold, how much the vehicle was sold for, and how much do I owe. Theres no proof of this vehicle being sold at auction, therefore, there is no proof of me owing what they claim I own. This goes against the FCRA laws. And now they are reporting inaccuracy on how much they claim I owe. First they claimed I owed {$8900.00}, and a few months later now they claim I owe {$8700.00}. Again, there is no proof that this debt is owed. No proof that this vehicle was indeed sold at auction. I am sending screenshots of the inaccurate information.",Company has responded to the consumer and the CFPB and chooses not to provide a public response,Experian Information Solutions Inc.,MI,48174.0,,Consent provided,Web,2025-02-26,Closed with explanation,1,,12131000,2025,2,1,Credit reporting or other personal consumer reports
2025-12-20,Credit reporting or other personal consumer reports,Credit reporting,Problem with a company's investigation into an existing problem,Investigation took more than 30 days,,Company has responded to the consumer and the CFPB and chooses not to provide a public response,Experian Information Solutions Inc.,MD,20619.0,,Consent not provided,Web,2025-12-20,Closed with explanation,1,,18188517,2025,12,0,Credit reporting or other personal consumer reports
2025-03-06,Credit reporting or other personal consumer reports,Credit reporting,Incorrect information on your report,Information belongs to someone else,,Company has responded to the consumer and the CFPB and chooses not to provide a public response,"TRANSUNION INTERMEDIATE HOLDINGS, INC.",MS,39701.0,,Consent not provided,Web,2025-03-06,Closed with non-monetary relief,1,,12340144,2025,3,0,Credit reporting or other personal consumer reports
2018-04-26,"Credit reporting, credit repair services, or other personal consumer reports",Credit reporting,Incorrect information on your report,Account information incorrect,,,FORD MOTOR CREDIT CO.,MD,20852.0,,,Postal mail,2018-04-26,Closed with explanation,1,,2888540,2018,4,0,Credit reporting / repair
2025-08-18,Credit reporting or other personal consumer reports,Credit reporting,Incorrect information on your report,Account information incorrect,,,"EQUIFAX, INC.",NY,10460.0,,,Web,2025-08-18,Closed with explanation,1,,15365277,2025,8,0,Credit reporting or other personal consumer reports
2024-09-24,Credit reporting or other personal consumer reports,Credit reporting,Incorrect information on your report,Information belongs to someone else,,Company has responded to the consumer and the CFPB and chooses not to provide a public response,"TRANSUNION INTERMEDIATE HOLDINGS, INC.",LA,71202.0,,Consent not provided,Web,2024-09-24,Closed with non-monetary relief,1,,10228922,2024,9,0,Credit reporting or other personal consumer reports
2022-04-26,"Credit reporting, credit repair services, or other personal consumer reports",Credit reporting,Improper use of your report,Reporting company used your report improperly,,Company has responded to the consumer and the CFPB and chooses not to provide a public response,Experian Information Solutions Inc.,FL,34237.0,,Consent not provided,Web,2022-04-26,Closed with explanation,1,,5497382,2022,4,0,Credit reporting / repair
2026-02-03,Credit reporting or other personal consumer reports,Credit reporting,Incorrect information on your report,Information belongs to someone else,,Company has responded to the consumer and the CFPB and chooses not to provide a public response,"TRANSUNION INTERMEDIATE HOLDINGS, INC.",GA,30060.0,Servicemember,Consent not provided,Web,2026-02-03,Closed with explanation,1,,19224762,2026,2,0,Credit reporting or other personal consumer reports
2023-11-02,"Payday loan, title loan, personal loan, or advance loan",Personal line of credit,Problem with a company's investigation into an existing problem,Difficulty submitting a dispute or getting information about a dispute over the phone,"Good Day I hope this letter finds you well. I am writing to request your attention in addressing a late payment that was reported to the credit bureaus by Truist Bank. The late payment occurred on or around XX/XX/2023 and was associated with my account, Lightstream Account XXXX. I understand the importance of maintaining a positive credit history and am committed to rectifying this matter by speaking with you. 

I would like to reference my previous communication and fully respect your commitment to ensuring your customers are fully understood. This was an isolated incident which was not my fault but it seems that all communication till this point has not experienced the expected empathic touch, especially in a business that deals with customers daily. 

I am reaching out to request a goodwill gesture from Truist Bank to have the late payment removed from my credit report as a current good-standing customer. It has to mean something to XXXX that there was an issue with the system somewhere that caused this isolated incident. Does this error by your system mandate a total destruction of my credit profile even as my account is being debited monthly? 

I kindly ask for your consideration in granting this request. The removal of this late payment from my credit report would greatly benefit my financial standing and provide me with an opportunity to rebuild my credit history. 

I kindly request that you review my account and, if possible, initiate the process to remove the late payment entry from my credit report. Your assistance in this matter would be greatly appreciated. 

Please feel free to contact me at XXXX or XXXX if you require any additional information or if you need to discuss this request further. 

Thank you for your attention to this matter, and I look forward to a positive resolution. 

I really look forward to speaking with you sometime soon. 

Sincerely, XXXX XXXX",Company has responded to the consumer and the CFPB and chooses not to provide a public response,TRUIST FINANCIAL CORPORATION,MA,2155.0,,Consent provided,Web,2023-11-02,Closed with explanation,1,,7794826,2023,11,1,Payday loan / title / personal
2023-09-25,Credit reporting or other personal consumer reports,Credit reporting,Incorrect information on your report,Account information incorrect,I received an notification of a debt collection on my credit report. I contacted tmobile to dispute it. The debt collection is from DIVERSIFIED ADJUSTMENT INC out of Minnesota. XXXX billing services explained to me that the info is incorrect and that I do not owe them anything. XXXX asked me to call the collection agency and asked them to call tmobile billing asap so they could explain to the collection agency that I do not owe anything and have them remove it from my credit report. I spoke with 3 reps at the collection agency DIVERSIFIED Adjustment inc and each time the rep would not do what I asked and then transferred my call to an extension that was not available and the call ended.,Company believes it acted appropriately as authorized by contract or law,"Diversified Adjustment Service, Inc.",IL,60107.0,,Consent provided,Web,2023-09-25,Closed with explanation,1,,7598888,2023,9,1,Credit reporting or other personal consumer reports
2025-02-11,Credit reporting or other personal consumer reports,Credit reporting,Improper use of your report,Reporting company used your report improperly,,Company has responded to the consumer and the CFPB and chooses not to provide a public response,Experian Information Solutions Inc.,FL,33323.0,,Consent not provided,Web,2025-02-11,Closed with explanation,1,,12027774,2025,2,0,Credit reporting or other personal consumer reports
2025-10-22,Credit reporting or other personal consumer reports,Credit reporting,Problem with a company's investigation into an existing problem,Their investigation did not fix an error on your report,,Company has responded to the consumer and the CFPB and chooses not to provide a public response,"TRANSUNION INTERMEDIATE HOLDINGS, INC.",TX,77096.0,,Consent not provided,Web,2025-10-22,Closed with non-monetary relief,1,,16755794,2025,10,0,Credit reporting or other personal consumer reports
2024-11-11,Credit reporting or other personal consumer reports,Credit reporting,Incorrect information on your report,Information belongs to someone else,,Company has responded to the consumer and the CFPB and chooses not to provide a public response,"TRANSUNION INTERMEDIATE HOLDINGS, INC.",PA,17055.0,,Consent not provided,Web,2024-11-11,Closed with non-monetary relief,1,,10758358,2024,11,0,Credit reporting or other personal consumer reports
2022-11-29,"Credit reporting, credit repair services, or other personal consumer reports",Credit reporting,Problem with a credit reporting company's investigation into an existing problem,Their investigation did not fix an error on your report,,Company has responded to the consumer and the CFPB and chooses not to provide a public response,Experian Information Solutions Inc.,LA,70584.0,,Consent not provided,Web,2022-11-29,Closed with explanation,1,,6258551,2022,11,0,Credit reporting / repair
2024-02-18,Credit reporting or other personal consumer reports,Credit reporting,Improper use of your report,Reporting company used your report improperly,,,"EQUIFAX, INC.",IN,46237.0,,Consent not provided,Web,2024-02-18,Closed with explanation,1,,8369165,2024,2,0,Credit reporting or other personal consumer reports
2023-01-09,"Credit reporting, credit repair services, or other personal consumer reports",Credit reporting,Improper use of your report,Reporting company used your report improperly,"I asked the credit bureaus to verify the following accounts but after sending in a letter of dispute, they still failed to verify the said accounts. 

In accordance with the Fair Credit Reporting act XXXX XXXX XXXX XXXX XXXX XXXX XXXX XXXX XXXX XXXX XXXX XXXX XXXX XXXX XXXX XXXX XXXX XXXX XXXX XXXX XXXX XXXX XXXX XXXX XXXX XXXX XXXX XXXX XXXX XXXX XXXX XXXX XXXX XXXX XXXX XXXX XXXX XXXX XXXX XXXX XXXX XXXX XXXX XXXX XXXX XXXX XXXX XXXX XXXX XXXX XXXX XXXX XXXX XXXX XXXX XXXX XXXX XXXX XXXX XXXX XXXX XXXX XXXX XXXX XXXX XXXX XXXX XXXX XXXX XXXX XXXX XXXX XXXX XXXX XXXX XXXX XXXX XXXX XXXX XXXX XXXX XXXX XXXX XXXX XXXX XXXX XXXX XXXX XXXX XXXX XXXX XXXX XXXX XXXX XXXX XXXX XXXX XXXX XXXX  has violated my rights. 

15 U.S.C 1681 section 602 A. States I have right to privacy.

15 U.S.C 1681 section 602 A Section 2 : It also states a consumer reporting agency can not furnish a account without my written instructions.",,"EQUIFAX, INC.",NC,27502.0,,Consent provided,Web,2023-01-09,Closed with explanation,1,,6417893,2023,1,1,Credit reporting / repair
2025-10-07,Credit reporting or other personal consumer reports,Credit reporting,Incorrect information on your report,Account status incorrect,,Company has responded to the consumer and the CFPB and chooses not to provide a public response,"TRANSUNION INTERMEDIATE HOLDINGS, INC.",VA,20147.0,,Consent not provided,Web,2025-10-07,Closed with non-monetary relief,1,,16418599,2025,10,0,Credit reporting or other personal consumer reports
2026-01-15,Credit reporting or other personal consumer reports,Credit reporting,Improper use of your report,Reporting company used your report improperly,,Company has responded to the consumer and the CFPB and chooses not to provide a public response,Experian Information Solutions Inc.,GA,30041.0,,Consent not provided,Web,2026-01-15,Closed with explanation,1,,18739926,2026,1,0,Credit reporting or other personal consumer reports
2025-05-28,Credit reporting or other personal consumer reports,Credit reporting,Problem with a company's investigation into an existing problem,Investigation took more than 30 days,,Company has responded to the consumer and the CFPB and chooses not to provide a public response,Experian Information Solutions Inc.,FL,32808.0,,Consent not provided,Web,2025-05-28,Closed with explanation,1,,13745073,2025,5,0,Credit reporting or other personal consumer reports
2015-05-14,Prepaid card,Gift or merchant card,Fees,,,Company chooses not to provide a public response,"SUNTRUST BANKS, INC.",MD,21044.0,,,Referral,2015-05-15,Closed with monetary relief,1,0.0,1376553,2015,5,0,Credit card
2025-08-18,Credit reporting or other personal consumer reports,Credit reporting,Incorrect information on your report,Information belongs to someone else,,,"EQUIFAX, INC.",FL,33015.0,,Consent not provided,Web,2025-08-18,Closed with explanation,1,,15344527,2025,8,0,Credit reporting or other personal consumer reports
2025-11-24,Credit reporting or other personal consumer reports,Credit reporting,Incorrect information on your report,Account status incorrect,,Company has responded to the consumer and the CFPB and chooses not to provide a public response,"TRANSUNION INTERMEDIATE HOLDINGS, INC.",NY,10457.0,,Consent not provided,Web,2025-11-24,Closed with non-monetary relief,1,,17475741,2025,11,0,Credit reporting or other personal consumer reports
2025-11-20,Credit reporting or other personal consumer reports,Credit reporting,Improper use of your report,Reporting company used your report improperly,,,"EQUIFAX, INC.",NY,14215.0,,Consent not provided,Web,2025-11-20,Closed with non-monetary relief,1,,17394064,2025,11,0,Credit reporting or other personal consumer reports
2025-04-10,Credit reporting or other personal consumer reports,Credit reporting,Problem with a company's investigation into an existing problem,Investigation took more than 30 days,"XXXX, XXXX XXXX SOC SEC # XXXX XXXX XX/XX/XXXX ADDRESS XXXX XXXX XXXX XXXX, XXXX XXXX FL XXXX TODAYS DATE : XX/XX/XXXX ACCOUNTS THAT ARE NOT MINE : XXXX XXXX XXXX XXXXXXXX XX/XX/XXXX XX/XX/XXXX XX/XX/XXXX {$6000.00} XXXX {$7300.00} - {$7300.00} XXXX XXXX XXXX XXXX CHARGE OFF XXXX History : XX/XX/XXXX ; XXXX Late Dates : XXXX ( See status ), XXXX, XXXX, XXXX, XXXX, XXXX ACCOUNT CLOSED AT CREDIT XXXX 'S REQUEST XXXX XXXX XXXX XX/XX/XXXX XX/XX/XXXX XX/XX/XXXX {$4000.00XXXX XXXX {$5200.00} - {$5200.00} XXXX XXXX XXXX XXXX CHARGE OFF XXXX History : XX/XX/XXXX ; XXXX Late Dates : XXXX ( See status ), XXXX, XXXX, XXXX, XXXX ACCOUNT CLOSED AT CREDIT GRANTOR 'S REQUEST Ive submitted enough information regarding the fraudulent account thats open in my name I have provided information for your company to have carried out a reasonable investigation of this dispute. If you had investigated properly rather then using your e-Oscar system you would have noticed that this account is not mine which your companies have claimed to Verified.

This letter is being sent to you in response to notices sent to me from your company and more importantly, due to your erroneous reporting to the Credit Bureau { s }, the highly negative impact on my personal credit report. Please be advised that this is not a refusal to pay, but a notice sent pursuant to the Fair Debt Collection Practices Act, 15 USC 1692g Sec. 809 { b } that your claim is disputed and validation is requested.

This is NOT a request for verification or proof of my mailing address, but a request for VALIDATION made pursuant to the above named Title and Section. I respectfully request that your offices provide me with competent evidence that I have any legal obligation to pay you.

Please provide me with the following : What the money you say I owe is for : Explain and show me how you calculated what you say I owe : Provide me with copies of any papers that show I agreed to pay what you say I owe : Provide a verification or copy of any judgment if applicable : Identify the original creditor : Prove the Statute of Limitations has not expired on this account : Show me the you are licensed to collect in my state : Provide me with your license numbers and Registered Agent or Agent of Service : At this time I will also inform that if offices have reported invalidated information to any of the 3 major Credit Bureaus { Experian, Equifax or TransUnion } this action might constitute fraud under both Federal and State Laws. Due to this fact, if any negative mark is found on any of my credit reports by theses companies, I will not hesitate to bring legal action against you for the following : Violation of the Fair Credit Reporting Act Violation of the Fair Debt Collection Practices Act Defamation of Character If your offices are able to provide proper documentation as requested in the following Declaration, I will require at least 30 days to investigate this information and during such time all collection activity must cease and desist. 

Since youve obviously neglected to investigate this account thoroughly I am demanding you remove this account off my profile. It is at this time that I will point out the in XXXX XXXX XXXX, XXXX XXXX XXXX ( Experian ), and XXXX XXXX XXXX, XXXX XXXX, the courts ruled each and every time that the CRA couldnt merely Parrot information from the creditors and collection agencies that they have conduct an independent REASONABLE investigation to ensure the validity of the debt and honesty/integrity of the creditors/CA in question. Sending out a generic form through the e-Oscar system that doesnt even contain my reasons for the dispute is not reasonable.

Which Im sure you are aware each violation of the Fair Credit Reporting Act allows damages of {$1000.00} should this matter ends up in court. 
I look forward to an expedite resolution of this matter Thank you. 


Also, during this validation period, if any action is taken which could be considered detrimental to any of my credit reports, I will consult with my legal counsel for suit. This includes listing any information with a credit reporting repository that could be inaccurate or invalidated or verifying an account as accurate, when it fact there is no provided proof that it is accurate. 

If your company fails to respond to this validation request within 30 days from the date of your receipt, all references to this account must be deleted and completely removed from my credit report and a copy of such deletion { to any/all of the 3 major credit reporting bureaus : Equifax, Experian and TransUnion } request shall be sent to me immediately.

I would also like to request, in writing, that no telephone contact be made by your company to my home or my place of employment. If your offices attempt telephone communication with me, including but not limited to computer generated calls and calls or correspondence sent to or with any third parties, it will be considered harassment and I will have no choice but to file suit. All future communications with me MUST be done in writing and sent to the address noted in this letter by XXXX. 

It would be advisable that you assure your records are in order before I am forced to take legal action against your company and your client. This is an attempt to correct your records, any information obtained shall be used for that purpose. 


Best Regards, XXXX, XXXX XXXX SOC SEC # XXXX XXXX XX/XX/XXXX ADDRESS XXXX XXXX XXXX XXXX, XXXX XXXX FL XXXX",Company has responded to the consumer and the CFPB and chooses not to provide a public response,Experian Information Solutions Inc.,FL,32828.0,,Consent provided,Web,2025-04-10,Closed with explanation,1,,12928559,2025,4,1,Credit reporting or other personal consumer reports
2024-10-28,Credit reporting or other personal consumer reports,Credit reporting,Incorrect information on your report,Account status incorrect,,Company has responded to the consumer and the CFPB and chooses not to provide a public response,"TRANSUNION INTERMEDIATE HOLDINGS, INC.",NJ,7002.0,,Consent not provided,Web,2024-10-28,Closed with non-monetary relief,1,,10596635,2024,10,0,Credit reporting or other personal consumer reports
2025-10-15,Credit reporting or other personal consumer reports,Credit reporting,Incorrect information on your report,Information belongs to someone else,,Company has responded to the consumer and the CFPB and chooses not to provide a public response,Experian Information Solutions Inc.,GA,30260.0,,Consent not provided,Web,2025-10-15,Closed with explanation,1,,16602280,2025,10,0,Credit reporting or other personal consumer reports
2024-08-04,Credit reporting or other personal consumer reports,Credit reporting,Problem with a company's investigation into an existing problem,Their investigation did not fix an error on your report,,Company has responded to the consumer and the CFPB and chooses not to provide a public response,Experian Information Solutions Inc.,FL,33032.0,,Consent not provided,Web,2024-08-04,Closed with explanation,1,,9705070,2024,8,0,Credit reporting or other personal consumer reports
2025-03-28,Debt or credit management,Mortgage modification or foreclosure avoidance,Confusing or missing disclosures,,"I was informed by Dean Morris and XXXX XXXX XXXX that I was serviced with documents regarding the default of my mortgage but I was not. On the documents used for verification that were previously sent these documents were served to my husband. At the time of service, I was not living there due to separation. I had a completely new address. I need proof that I was served with papers because during the time frame that documents were delivered ... No documents were served to me. I had a court date for separation during the same time period. Review of court documents will show the proceedings in XXXX XXXX. As a legal homeowner and financial obligee, I am entitled to due process and proper notification laws just like everyone else.",,"Dean Morris, L.L.P.",LA,71118.0,,Consent provided,Web,2025-03-28,Closed with explanation,1,,12702749,2025,3,1,Debt or credit management
2023-09-29,Credit reporting or other personal consumer reports,Credit reporting,Incorrect information on your report,Account status incorrect,,Company has responded to the consumer and the CFPB and chooses not to provide a public response,Experian Information Solutions Inc.,WI,53209.0,,Consent not provided,Web,2023-09-29,Closed with non-monetary relief,1,,7624342,2023,9,0,Credit reporting or other personal consumer reports
2017-05-04,Credit card or prepaid card,General-purpose credit card or charge card,"Other features, terms, or problems",Problem with rewards from credit card,On   XXXX   XXXX   XXXX     I went to redeem some points to purchase an   XXXX   XXXX   XXXX    XXXX   tablet . By mistake I entered it twice. There is no page before submitting order to check for correctness or edit anything so I did not realize I had ordered  XXXX  in error. Withi n 5 mi nutes I called the company & they stated it is their policy not to allow returns or refunds & they could not cancel the second order. Now I am out  XXXX  points & receiving  XXXX   XXXX  when I only want & need one. The credit card company is Elan Financial Services,Company has responded to the consumer and the CFPB and chooses not to provide a public response,U.S. BANCORP,NY,11710.0,Older American,Consent provided,Web,2017-05-04,Closed with non-monetary relief,1,,2475503,2017,5,1,Credit card
2024-10-09,Credit reporting or other personal consumer reports,Credit reporting,Incorrect information on your report,Information belongs to someone else,"I AM SUBMITTING THIS WITHOUT ANY INFLUENCE AND THIS IS NOT A THIRD PARTY. THE CREDIT BUREAUS STATED MY ACC WAS PROPERLY INVESTIGATED BUT HOW IS THAT POSSIBLE IF THE OPEN DATE IS INACCURATE, THE DATE LAST ACTIVE IS INACCURATE, AND THE DATE LAST REPORTED IS NOT ACCURATE? THIS GROUND FOR REMOVAL, THEY ALSO VIOLATED MY RIGHTS UNDER 15 U.S.C 1681 SECTION 602 A. STATES I HAVE THE RIGHT TO PRIVACY. 15 U.S.C 1681 SECTION 604 SECTION 2. IT ALSO STATES A CONSUMER REPORTING AGENCY CAN NOT FURNISH AN ACCOUNT WITHOUT MY WRITTEN INSTRUCTIONS. PLEASE SEE ATTACHED LETTERS.",Company has responded to the consumer and the CFPB and chooses not to provide a public response,"TRANSUNION INTERMEDIATE HOLDINGS, INC.",NC,27545.0,,Consent provided,Web,2024-10-09,Closed with non-monetary relief,1,,10405609,2024,10,1,Credit reporting or other personal consumer reports
2024-07-01,Credit reporting or other personal consumer reports,Credit reporting,Incorrect information on your report,Information belongs to someone else,"RE : XXXX BLOCK REQUEST To whom it may concern, I am writing to advise that I am a victim of XXXX. The information listed below, that is currently listed on my credit report is a result of that XXXX. Listed below are the Personal Information that are being challenged Incorrect Name : - XXXX XXXX Incorrect CurrentAddress : - XXXX XXXX XXXX, XXXX XXXX, IL, XXXX Listed below are the Accounts that are being challenged XXXXXXXX XXXX XXXX XXXX XXXX XXXX XXXX XXXX XXXX XXXX XXXX XXXX XXXX XXXX XXXX XXXX XXXX XXXX XXXX XXXX XXXX XXXX XXXX XXXX XXXX below are the Collections that are being challenged XXXX XXXX - XXXX XXXX - XXXX XXXX - XXXXXXXX XXXX XXXX XXXX XXXX PLEASE BLOCK THIS INFORMATION FROM MY CREDIT REPORT WITHIN FOUR BUSINESS DAYS, PURSUANT TO SECTION 605C OF THE FAIR CREDIT REPORTING ACT. PER 605C-2 IN BRIEF, SECTION 605C PROVIDES THAT A CONSUMER REPORTING AGENCY MAY NOT FURNISH A CONSUMER REPORT CONTAINING ANY ADVERSE ITEM OF INFORMATION CONCERNING A CONSUMER THAT RESULTED FROM A SEVERE FORM OF XXXX  IN PERSONS OR XXXX XXXX XXXX. IF THE CONSUMER HAS PROVIDED XXXX DOCUMENTATION TO THE CONSUMER BILLING CODE : 12 CFR PART 1022 [ DOCKET NO. XXXX ] RIN XXXX PROHIBITION ON INCLUSION OF ADVERSE INFORMATION IN CONSUMER REPORTING IN CASES OF XXXX XXXX  ( REGULATION V ) PLEASE SEND ME NOTIFICATION OF THE ACTIONS TAKEN. I GREATLY APPRECIATE YOUR PROMPT EXPEDITED ACTION TOTHISMATTER!!",Company has responded to the consumer and the CFPB and chooses not to provide a public response,"TRANSUNION INTERMEDIATE HOLDINGS, INC.",IL,,,Consent provided,Web,2024-07-01,Closed with explanation,1,,9400267,2024,7,1,Credit reporting or other personal consumer reports
2015-08-12,Mortgage,Other mortgage,"Loan modification,collection,foreclosure",,,Company chooses not to provide a public response,"BANK OF AMERICA, NATIONAL ASSOCIATION",NC,28173.0,,,Referral,2015-08-19,Closed with explanation,1,0.0,1514446,2015,8,0,Mortgage
2024-09-23,Debt collection,I do not know,Attempts to collect debt not owed,Debt is not yours,,,"W&A Intermediate Co., LLC",IL,60625.0,,Consent not provided,Web,2024-09-23,Closed with explanation,1,,10220381,2024,9,0,Debt collection
2023-12-26,Credit reporting or other personal consumer reports,Credit reporting,Improper use of your report,Reporting company used your report improperly,"According to the Fair Credit Reporting Act 15 USC 1681 section 602 which states "" There is a need to insure that consumer reporting agencies exercise their grave responsibilities with fairness, impartiality, and a respect for the consumers right to privacy. '' Equifax, XXXX and XXXX are consumer reporting agencies and I am the Consumer. I have the right to make sure my private information isn't shared which is backed by 15 USC 6801 which states '' It is the policy of the Congress that each financial institution has an affirmative and continuing obligation to respect the privacy of its customers and to protect the security and confidentiality of those customers nonpublic personal information. '' ( Furnisher of information to credit agencies ) is a financial institution by definition under that title. 15 USC 1681 section 604 a section 2 states that "" In general Subject to subsection ( c ), any consumer reporting agency may furnish a consumer report under the following circumstances and no other : in accordance with the written instructions of the consumer to whom it relates. '' ( Furnisher of information to credit agencies ) the financial institution and the Consumer reporting agencies Equifax, XXXX and XXXX do not have my consent to furnish this information and they surely do not have my written consent. Any and all consent to Equifax, XXXX and XXXX ( Furnisher of information to credit agencies ) whether it be verbal, non-verbal, written, implied or otherwise is revoked. 15 USC 6802 ( b ) ( c ) states that "" A financial institution may not disclose nonpublic personal information to a nonaffiliated third party unless the consumer is given an explanation of how the consumer can exercise that nondisclosure option. '' ( Furnisher of information to credit agencies ) Never informed me of my right to exercise my nondisclosure option. Not only that 15 USC 1681C ( a ) ( 5 ) states '' Except as authorized under subsection ( b ), no consumer reporting agency may make any consumer report containing any of the following items of information Any other adverse item of information, other than records of convictions of crimes which antedates the report by more than seven years. '' This account is an adverse item they are reporting again without my permission which is against the law. 15 U.S. Code 1681s2 ( A ) ( 1 ) A states "" A person shall not furnish any information relating to a consumer to any consumer reporting agency if the person knows or has reasonable cause to believe that the information is inaccurate. 15 U.S. Code 1681e states '' Every consumer reporting agency shall maintain reasonable procedures designed to avoid violations of section 1681c of this title and to limit the furnishing of consumer reports to the purposes listed under section 1681b of this title. Equifax, XXXX and XXXX are not maintaining reasonable procedures. Also 12 CFR 1016.7 states that "" A consumer may exercise the right to opt out at any time. '' I am opting out of your reporting services",,"EQUIFAX, INC.",GA,30127.0,,Consent provided,Web,2023-12-26,Closed with non-monetary relief,1,,8057982,2023,12,1,Credit reporting or other personal consumer reports
2015-08-27,Mortgage,Conventional adjustable mortgage (ARM),"Loan servicing, payments, escrow account",,"We received the attached demand letter, on XXXX/XXXX/2015. After receiving a resolution letter from Nationstar on XXXX/XXXX/2015, we thought we resolved this issue. I called Nationstar Mortgage, Customer service did not know how to handle directed me to consumer relations. I called ( XXXX ) XXXX spoke with XXXX on XXXX/XXXX/15 & she said that she can not give any explanation nor any status and our Attorney has call on our behalf. I told her we do not have attorney representing us and she told me to write a letter stating so. We do not understand why they can not provide us straight answers. Nationstar is demanding {$9400.00} and we want to know how & why they came up with this amount as we have been sending in our monthly payments every month and have sent in cleared checks to prove the checks have cleared thru Nationstar.",,NATIONSTAR MORTGAGE LLC,CA,91302.0,,Consent provided,Web,2015-08-27,Closed with explanation,1,1.0,1538998,2015,8,1,Mortgage
2021-08-07,"Credit reporting, credit repair services, or other personal consumer reports",Credit reporting,Problem with a credit reporting company's investigation into an existing problem,Investigation took more than 30 days,,,"EQUIFAX, INC.",LA,70454.0,,Consent not provided,Web,2021-08-07,Closed with explanation,1,,4611279,2021,8,0,Credit reporting / repair
2018-08-02,Checking or savings account,Checking account,Managing an account,Problem accessing account,,,FIFTH THIRD FINANCIAL CORPORATION,MI,48306.0,,,Referral,2018-08-03,Closed with explanation,1,,2981356,2018,8,0,Bank account / service
2023-08-25,Credit reporting or other personal consumer reports,Credit reporting,Incorrect information on your report,Information belongs to someone else,,,"EQUIFAX, INC.",SC,29546.0,,Consent not provided,Web,2023-08-25,Closed with non-monetary relief,1,,7455186,2023,8,0,Credit reporting or other personal consumer reports
2025-12-08,Credit reporting or other personal consumer reports,Credit reporting,Incorrect information on your report,Account status incorrect,,Company has responded to the consumer and the CFPB and chooses not to provide a public response,"TRANSUNION INTERMEDIATE HOLDINGS, INC.",GA,30062.0,,Consent not provided,Web,2025-12-08,Closed with non-monetary relief,1,,17851547,2025,12,0,Credit reporting or other personal consumer reports
2025-03-01,Credit reporting or other personal consumer reports,Credit reporting,Incorrect information on your report,Information belongs to someone else,,Company has responded to the consumer and the CFPB and chooses not to provide a public response,Experian Information Solutions Inc.,TX,77073.0,,Consent not provided,Web,2025-03-01,Closed with explanation,1,,12275703,2025,3,0,Credit reporting or other personal consumer reports
2022-11-05,Debt collection,Auto debt,Attempts to collect debt not owed,Debt was paid,,,"CarMax, Inc.",NJ,7008.0,,Consent not provided,Web,2022-11-05,Closed with explanation,1,,6169992,2022,11,0,Debt collection
2025-10-03,Credit reporting or other personal consumer reports,Credit reporting,Improper use of your report,Reporting company used your report improperly,,,"EQUIFAX, INC.",IL,60609.0,,Consent not provided,Web,2025-10-03,Closed with explanation,1,,16349488,2025,10,0,Credit reporting or other personal consumer reports
2023-01-13,"Credit reporting, credit repair services, or other personal consumer reports",Credit reporting,Improper use of your report,Credit inquiries on your report that you don't recognize,,,"EQUIFAX, INC.",CA,92345.0,,Consent not provided,Web,2023-01-13,Closed with explanation,1,,6440508,2023,1,0,Credit reporting / repair
2024-11-09,Credit reporting or other personal consumer reports,Credit reporting,Incorrect information on your report,Personal information incorrect,,Company has responded to the consumer and the CFPB and chooses not to provide a public response,Experian Information Solutions Inc.,GA,30024.0,,Consent not provided,Web,2024-11-09,Closed with explanation,1,,10750659,2024,11,0,Credit reporting or other personal consumer reports
2022-04-11,"Credit reporting, credit repair services, or other personal consumer reports",Credit reporting,Incorrect information on your report,Old information reappears or never goes away,,Company has responded to the consumer and the CFPB and chooses not to provide a public response,"TRANSUNION INTERMEDIATE HOLDINGS, INC.",TX,78240.0,,,Phone,2022-04-11,Closed with non-monetary relief,1,,5433834,2022,4,0,Credit reporting / repair
2025-07-08,Debt collection,I do not know,Communication tactics,Frequent or repeated calls,Portfolio Recovery calls and texts me repeatedly multiple times per week. Before XXXX XXXX,,"Portfolio Recovery Associates, LLC",NV,89129.0,,Consent provided,Web,2025-07-08,Closed with non-monetary relief,1,,14520513,2025,7,1,Debt collection
2025-07-13,Credit reporting or other personal consumer reports,Credit reporting,Incorrect information on your report,Information belongs to someone else,,,"EQUIFAX, INC.",IL,60615.0,,Consent not provided,Web,2025-07-14,Closed with non-monetary relief,1,,14626095,2025,7,0,Credit reporting or other personal consumer reports
2019-05-09,"Credit reporting, credit repair services, or other personal consumer reports",Credit reporting,Problem with a credit reporting company's investigation into an existing problem,Investigation took more than 30 days,failure to respond now in fault legaly enclosed companies fail to respond or refuse I request that this alleged account be removed Documents enclosed,Company has responded to the consumer and the CFPB and chooses not to provide a public response,"TRANSUNION INTERMEDIATE HOLDINGS, INC.",TX,,,Consent provided,Web,2019-05-09,Closed with explanation,1,,3237155,2019,5,1,Credit reporting / repair
2023-09-02,Credit reporting or other personal consumer reports,Credit reporting,Incorrect information on your report,Information belongs to someone else,"I have notice there was an unauthorized account reported on my consumer report. I have reach out to XXXX XXXX ( XXXX XXXX  XXXX ) and also reached out to XXXX about my concerns about the following account which is XXXX XXXX ( XXXX XXXX  XXXX ) account XXXXYour agency has furnished this account that is Identity theft after I have contacted your agency about this matter according to FCRA I am entitled to monetary compensation 15 U.S. Code 1681c-2 a consumer reporting agency shall block the reporting of any information in the file of a consumer that the consumer identifies as information that resulted from an alleged identity theft, not later than 4 business days after the date of receipt. It has been over 30 days and you are in VIOLATION of this law because I am a victim of identity theft Please delete these items IMMEDIATELY.",Company has responded to the consumer and the CFPB and chooses not to provide a public response,Experian Information Solutions Inc.,FL,33311.0,,Consent provided,Web,2023-09-02,Closed with explanation,1,,7492370,2023,9,1,Credit reporting or other personal consumer reports
2026-03-12,Credit reporting or other personal consumer reports,Credit reporting,Incorrect information on your report,Account information incorrect,,,"EQUIFAX, INC.",FL,32792.0,,,Web,2026-03-12,Closed with explanation,1,,20201094,2026,3,0,Credit reporting or other personal consumer reports
2023-09-01,Prepaid card,Gift card,Trouble using the card,Trouble using the card to spend money in a store or online,"I purchased a pre-paid American Express Gift Card at a local XXXX for {$72.00} XXXX attempted to purchase goods at two online stores ; XXXX XXXX and XXXX. I had sufficient funds for both purchases. Both were declined. No good reason other than to "" select a different payment method ''. 

I contacted both merchants and they claimed it was an Amex Gift Card issue. 

I contacted American Express and they stated it was an issue with the merchants and I should try another online store. 

Several online discussion boards are posting hundreds of comments that it is virtually impossible to use an Amex gift card online. 

This is fraud",,AMERICAN EXPRESS COMPANY,MA,,,Consent provided,Web,2023-09-01,Closed with monetary relief,1,,7488378,2023,9,1,Credit card
2024-10-15,Credit reporting or other personal consumer reports,Credit reporting,Improper use of your report,Reporting company used your report improperly,,Company has responded to the consumer and the CFPB and chooses not to provide a public response,"TRANSUNION INTERMEDIATE HOLDINGS, INC.",FL,32907.0,,Consent not provided,Web,2024-10-15,Closed with non-monetary relief,1,,10466937,2024,10,0,Credit reporting or other personal consumer reports
2025-04-30,Credit reporting or other personal consumer reports,Credit reporting,Incorrect information on your report,Information belongs to someone else,,Company has responded to the consumer and the CFPB and chooses not to provide a public response,"TRANSUNION INTERMEDIATE HOLDINGS, INC.",TN,38127.0,,Consent not provided,Web,2025-04-30,Closed with non-monetary relief,1,,13244513,2025,4,0,Credit reporting or other personal consumer reports
2024-10-29,Credit reporting or other personal consumer reports,Credit reporting,Incorrect information on your report,Information belongs to someone else,""" I am addressing the issue with regarding the noncompliance. This is a violation of my privacy with my consumer report, since I control what is listed and what is not, that is considered identity theft. 

As per the Fair Credit Reporting Act, particularly under 15 U.S.C. 1681n, there exists statutory civil liability for willful noncompliance. This provision stipulates that any person who willfully fails to comply with consumer protection requirements may be liable to the affected consumer for damages, including potential punitive measures and reimbursement of legal costs. This underscores the importance of addressing and rectifying this matter promptly and responsibly. 
""",,"EQUIFAX, INC.",TX,77056.0,,Consent provided,Web,2024-10-29,Closed with non-monetary relief,1,,10615840,2024,10,1,Credit reporting or other personal consumer reports
2020-08-20,"Credit reporting, credit repair services, or other personal consumer reports",Credit reporting,Incorrect information on your report,Information belongs to someone else,,Company has responded to the consumer and the CFPB and chooses not to provide a public response,Experian Information Solutions Inc.,MD,21207.0,,Consent not provided,Web,2020-08-20,Closed with explanation,1,,3805795,2020,8,0,Credit reporting / repair
2025-05-13,Credit reporting or other personal consumer reports,Credit reporting,Incorrect information on your report,Information belongs to someone else,,Company has responded to the consumer and the CFPB and chooses not to provide a public response,Experian Information Solutions Inc.,NJ,,,Other,Web,2025-05-13,Closed with explanation,1,,13487758,2025,5,0,Credit reporting or other personal consumer reports
2025-08-14,Credit reporting or other personal consumer reports,Credit reporting,Incorrect information on your report,Information belongs to someone else,,,"EQUIFAX, INC.",GA,30019.0,,Consent not provided,Web,2025-08-14,Closed with non-monetary relief,1,,15295767,2025,8,0,Credit reporting or other personal consumer reports
2023-06-22,Debt collection,Credit card debt,Attempts to collect debt not owed,Debt is not yours,"I received this SMS message on XXXX at XXXX PT for a credit card collection that I have never had. The sender 's phone number is XXXX _______________________________________ This message is from Spring Oaks Capital , LLC. 

We have options available to help you pay off the debt on your account. Pay off the balance of your account with payments of {$71.00} per month for 9 months. 

To set up a payment plan, visit XXXX. Have questions? Reply to this text or call XXXX. We have agents ready to respond during normal business hours. 

This message is regarding your XXXX XXXXXXXX account originated by XXXX Bank, which is now owned by Spring Oaks Capital SPV , LLC. 

We are a debt collector. Click here for important disclosures https : XXXX. Reply STOP to opt out.",,"Spring Oaks Capital, LLC",WA,98006.0,,Consent provided,Web,2023-06-22,Closed with explanation,1,,7151136,2023,6,1,Debt collection
2025-07-24,Credit reporting or other personal consumer reports,Credit reporting,Incorrect information on your report,Information belongs to someone else,,,"CBC Companies, Inc.",IL,60643.0,,Consent not provided,Web,2025-07-24,Closed with non-monetary relief,1,,14855643,2025,7,0,Credit reporting or other personal consumer reports
2024-08-18,Credit reporting or other personal consumer reports,Credit reporting,Incorrect information on your report,Account information incorrect,,,JPMORGAN CHASE & CO.,MS,39192.0,,Consent not provided,Web,2024-08-18,Closed with explanation,1,,9839959,2024,8,0,Credit reporting or other personal consumer reports
2024-11-16,Credit reporting or other personal consumer reports,Credit reporting,Improper use of your report,Reporting company used your report improperly,,Company has responded to the consumer and the CFPB and chooses not to provide a public response,"TRANSUNION INTERMEDIATE HOLDINGS, INC.",CA,90212.0,,Consent not provided,Web,2024-11-16,Closed with non-monetary relief,1,,10822282,2024,11,0,Credit reporting or other personal consumer reports
2017-02-24,Credit reporting,,Incorrect information on credit report,Account status,"i am making a complaint about a late payment / delinquency reporting on my credit report, on all the three credit agencies. 
the account name is XXXX. svs. they are 100 % sure that the error is not on their end but i am 100 % sure that it was never mu fault and it has been a data entry issue. and i have paid on time. i would greatly appreciate your help in this regards. 
thank you",Company has responded to the consumer and the CFPB and chooses not to provide a public response,"TRANSUNION INTERMEDIATE HOLDINGS, INC.",CA,91405.0,,Consent provided,Web,2017-02-24,Closed with explanation,1,0.0,2359731,2017,2,1,Credit reporting / repair
2020-05-08,"Credit reporting, credit repair services, or other personal consumer reports",Credit reporting,Problem with a credit reporting company's investigation into an existing problem,Their investigation did not fix an error on your report,"XXXX XXXX XXXX ( XXXX ) assumed my home equity loan from XXXX  XXXX XXXX in XX/XX/XXXX. I received no written notification that this had occurred, which from what I have read is required by law at least 15 days prior to my loan being sold. I applied for a new loan with XXXX XXXX  in XXXX to pay off this loan after reading the reviews of XXXX. I was to sign the papers for this loan today ( XX/XX/XXXX ). However, I received a phone call from an officer at XXXX XXXX  facilitating my loan today in which he stated XXXX had filed an additional complaint to the credit reporting agencies, today, saying I was 120 days delinquent. I didn't find out until XXXX XXXX  XXXX XXXX had sold my loan when I went in and spoke to an officer and was informed by him that that was what happened. I was told by him they had mailed a notification of this to the address I lived at when I took out the loan. I haven't lived there for 12 years and they have all my current address and telephone information because I still bank with them. So is XXXX  XXXX XXXX 's incompetence my fault? 

I didn't make payments from XXXX to XXXX because I had no idea where to make a payment. Yes, I should have gone to XXXX  XXXX XXXX when that loan disappeared from my accounts. My bad. However, XXXX  during that time period made no attempt to contact me and they can't say they couldn't get my current address and phone number from XXXX  XXXX XXXX. There are no other companies - mobile phone, power, water, etc ... that wouldn't notify you if you were past due on a bill after a month. This was done deliberately by them, of this I have no doubt, in the hopes they would be able to foreclose on my house. 

As soon as I did contact XXXX I brought my account up to date. They then told me my XXXX payment was for the amount of {$740.00}. My loan was converted to a fixed rate option in XX/XX/XXXX. My payments are {$460.00} per month. By telling me that's what my payment was they committed fraud. A lawyer told me they can't increase my payments and I pay my taxes and insurance myself. As I far as I'm concerned they owe me {$280.00}. And I was told by representative of XXXX  that my XXXX payment and all after were going to increase to approximately {$810.00} no explanation as to why. 

I want the 120 day delinquency removed from my credit report because they broke the law by not sending me written notification, to my current address, that they had assumed my loan in XX/XX/XXXX. I want this done so I can secure a new loan with an honest bank in order to pay them off and get out from being under them. I had never missed a payment until they took this over and I wouldn't have if I had known who to whom to make a payment. XXXX  is company run by low lifes who profit off other peoples misery ( please read the reviews online, that is if you have a strong stomach ). Hence, the over 600 complaints to the XXXX XXXX XXXX  in one year and over 2,000 to the  CFPB. XXXX XXXX XXXX should be the poster child for corporate greed in America.",Company has responded to the consumer and the CFPB and chooses not to provide a public response,Experian Information Solutions Inc.,SC,29407.0,,Consent provided,Web,2020-05-08,Closed with non-monetary relief,1,,3643349,2020,5,1,Credit reporting / repair
2024-06-06,Debt collection,I do not know,Written notification about debt,Notification didn't disclose it was an attempt to collect a debt,"I recognize the significance of eliminating any erroneous entries from my credit report, as required by FCRA 605B. Would you mind examining the documents? I've identified several accounts that appear to be inaccurate, and this is troubling to me.",,"EQUIFAX, INC.",IN,46220.0,,Consent provided,Web,2024-06-06,Closed with explanation,1,,9196229,2024,6,1,Debt collection
2023-01-30,"Credit reporting, credit repair services, or other personal consumer reports",Credit reporting,Problem with a credit reporting company's investigation into an existing problem,Investigation took more than 30 days,,Company has responded to the consumer and the CFPB and chooses not to provide a public response,"TRANSUNION INTERMEDIATE HOLDINGS, INC.",OK,74436.0,,Consent not provided,Web,2023-01-30,Closed with non-monetary relief,1,,6507999,2023,1,0,Credit reporting / repair
2019-08-20,Credit card or prepaid card,Store credit card,Getting a credit card,Application denied,"I applied to Home Depot for a credit card to finance wall to wall carpeting.  This credit card offers interest free financing and $XXXX credit toward the purchase.  I already paid the measuring fee of $XXXX.     Before the purchase was complete I was advised that I had been declined for the credit card.  No reason for the denial was given.  I later received a letter from Home Depot Credit Services citing the reason for denial as “History of delinquent credit obligations”. I was referred to XXXX  for information on which Home Depot relied for this denial. I did not receive any adverse action notices.     I reviewed the credit report from XXXX and my record is absolutely clean.  All accounts I have open are in good standing with no delinquencies reported.  Four years ago I was forced to file bankruptcy, and even then I paid my credit cards up to the filing date so there were no delinquencies.  I have worked hard to re-establish my credit and now have a Good credit rating.        Under ECOA, it is unlawful for any creditor to discriminate against any applicant with respect to any aspect of credit.  I am a female senior citizen with a veteran spouse.  Denying credit for a blatantly false reason is unlawful and discriminatory.  There was no reason for this denial and Home Depot’s callus disregard for the facts of my credit has now gained me a credit inquiry to damage my credit further.  To deny me credit was reckless and a willful disregard for the truth. It was unwarranted and their decision should be reversed.  In their response I ask that they file only a truthful statement and that they refrain from adding any additional requirements or reasons for the credit denial.     And finally, I respectfully request they stop the Robocalls to my home everyday telling me to complete my carpeting purpose.  This is completely negligent on their part in not maintaining a check and balance against purchase/credit transactions.     This case has been referred to CFPB because they stop unfair, deceptive and/or fraudulent business practices.",Company has responded to the consumer and the CFPB and chooses not to provide a public response,"CITIBANK, N.A.",SC,,"Older American, Servicemember",Consent provided,Web,2019-08-20,Closed with explanation,1,,3348150,2019,8,1,Credit card
2025-07-09,Credit reporting or other personal consumer reports,Credit reporting,Improper use of your report,Reporting company used your report improperly,,Company has responded to the consumer and the CFPB and chooses not to provide a public response,"TRANSUNION INTERMEDIATE HOLDINGS, INC.",TX,77078.0,,Consent not provided,Web,2025-07-09,Closed with non-monetary relief,1,,14541972,2025,7,0,Credit reporting or other personal consumer reports
2020-06-14,"Credit reporting, credit repair services, or other personal consumer reports",Credit reporting,Incorrect information on your report,Information belongs to someone else,,Company has responded to the consumer and the CFPB and chooses not to provide a public response,Experian Information Solutions Inc.,FL,32773.0,,Other,Web,2020-06-14,Closed with explanation,1,,3698695,2020,6,0,Credit reporting / repair
2024-07-15,Credit reporting or other personal consumer reports,Credit reporting,Incorrect information on your report,Information belongs to someone else,,Company has responded to the consumer and the CFPB and chooses not to provide a public response,Experian Information Solutions Inc.,NV,89408.0,,Consent not provided,Web,2024-07-15,Closed with explanation,1,,9516112,2024,7,0,Credit reporting or other personal consumer reports
2025-11-21,Credit reporting or other personal consumer reports,Credit reporting,Incorrect information on your report,Account information incorrect,,Company has responded to the consumer and the CFPB and chooses not to provide a public response,Experian Information Solutions Inc.,GA,31061.0,,Consent not provided,Web,2025-11-21,Closed with explanation,1,,17430312,2025,11,0,Credit reporting or other personal consumer reports
2020-04-28,"Credit reporting, credit repair services, or other personal consumer reports",Credit reporting,Incorrect information on your report,Information belongs to someone else,,Company has responded to the consumer and the CFPB and chooses not to provide a public response,Experian Information Solutions Inc.,SC,29486.0,,Consent not provided,Web,2020-04-28,Closed with explanation,1,,3627935,2020,4,0,Credit reporting / repair
2026-01-20,Credit reporting or other personal consumer reports,Credit reporting,Incorrect information on your report,Account information incorrect,,Company has responded to the consumer and the CFPB and chooses not to provide a public response,"TRANSUNION INTERMEDIATE HOLDINGS, INC.",FL,33015.0,,Consent not provided,Web,2026-01-20,Closed with explanation,1,,18849316,2026,1,0,Credit reporting or other personal consumer reports
2019-04-03,"Credit reporting, credit repair services, or other personal consumer reports",Credit reporting,Incorrect information on your report,Information belongs to someone else,,Company has responded to the consumer and the CFPB and chooses not to provide a public response,"TRANSUNION INTERMEDIATE HOLDINGS, INC.",FL,33351.0,,Other,Web,2019-04-03,Closed with explanation,1,,3200667,2019,4,0,Credit reporting / repair
2020-10-15,Checking or savings account,CD (Certificate of Deposit),Managing an account,Deposits or withdrawals,,Company has responded to the consumer and the CFPB and chooses not to provide a public response,U.S. BANCORP,TN,37056.0,,,Referral,2020-10-19,Closed with explanation,1,,3906745,2020,10,0,Bank account / service
2025-09-05,Credit reporting or other personal consumer reports,Credit reporting,Incorrect information on your report,Information belongs to someone else,,Company has responded to the consumer and the CFPB and chooses not to provide a public response,Experian Information Solutions Inc.,GA,30039.0,,Consent not provided,Web,2025-09-05,Closed with explanation,1,,15737205,2025,9,0,Credit reporting or other personal consumer reports
2026-02-19,Credit reporting or other personal consumer reports,Credit reporting,Problem with a company's investigation into an existing problem,Their investigation did not fix an error on your report,,,"EQUIFAX, INC.",WA,99163.0,,,Web,2026-02-19,Closed with explanation,1,,19611339,2026,2,0,Credit reporting or other personal consumer reports
2019-06-06,Debt collection,Credit card debt,Attempts to collect debt not owed,Debt is not yours,,Company has responded to the consumer and the CFPB and chooses not to provide a public response,"TRANSUNION INTERMEDIATE HOLDINGS, INC.",GA,30253.0,,Consent not provided,Web,2019-06-06,Closed with explanation,1,,3266128,2019,6,0,Debt collection
2015-04-18,Consumer Loan,Vehicle loan,Problems when you are unable to pay,,The last payment made on this Account was XXXX,,CAPITAL ONE FINANCIAL CORPORATION,IL,60188.0,,Consent provided,Web,2015-04-20,Closed with explanation,1,1.0,1336478,2015,4,1,Consumer Loan
2017-02-16,Student loan,Federal student loan servicing,Dealing with my lender or servicer,Don't agree with fees charged,I have a student loan thru Navient I have been paying on the loans but over the years instead of the loan amount decreasing they have been increasing.,,"Navient Solutions, LLC.",LA,70094.0,,Consent provided,Web,2017-02-16,Closed with explanation,1,0.0,2347245,2017,2,1,Student loan
2023-09-28,Debt collection,Credit card debt,Took or threatened to take negative or legal action,Sued you without properly notifying you of lawsuit,Alridge Pite Haan has garnished my wages. I am a XXXX parent. This law firm went ahead and garnished my wages for a debt without allowing me to settle thru a payment arrangement. As a result I am not able to pay my rent. I am a state employee and a XXXX  mother on very low income. I have made repeated attempts to both call their office and filled out a online payment settlement letter request form more than once. All attempts have been ignored. I emailed them this morning and they stated that someone would contact me. I then attempted to call their office six or seven times and left messages. I still haven't received any responses. This garnishment has placed me in a state of homelessness because I was unable to make my rental obligation.,,"Aldridge PIte Haan, LLP",GA,,,Consent provided,Web,2023-10-18,Closed with explanation,1,,7674493,2023,9,1,Debt collection
2024-11-05,Credit reporting or other personal consumer reports,Credit reporting,Incorrect information on your report,Account information incorrect,"I sent ample letters in to prove that the information that's reporting is inaccurate, I pointed out all the errors and incorrect information and haven't back. As my understanding of they are obligations under the Fair Credit Reporting Act ( FCRA ), I am entitled to a timely resolution of this matter but they have failed to do so",Company has responded to the consumer and the CFPB and chooses not to provide a public response,Experian Information Solutions Inc.,IL,60629.0,,Consent provided,Web,2024-11-05,Closed with explanation,1,,10680822,2024,11,1,Credit reporting or other personal consumer reports
2015-06-08,Mortgage,Other mortgage,Other,,,,PNC Bank N.A.,CA,95212.0,,,Postal mail,2015-06-11,Closed with explanation,1,0.0,1411222,2015,6,0,Mortgage
2023-06-11,Debt collection,I do not know,Attempts to collect debt not owed,Debt is not yours,,,"Synerprise Consulting Services, Inc.",TX,75141.0,,Consent not provided,Web,2023-06-11,Closed with explanation,1,,7101862,2023,6,0,Debt collection
2026-02-03,Credit reporting or other personal consumer reports,Credit reporting,Incorrect information on your report,Information belongs to someone else,,Company has responded to the consumer and the CFPB and chooses not to provide a public response,"TRANSUNION INTERMEDIATE HOLDINGS, INC.",MS,38668.0,,Consent not provided,Web,2026-02-03,Closed with explanation,1,,19217243,2026,2,0,Credit reporting or other personal consumer reports
2025-12-04,Credit reporting or other personal consumer reports,Credit reporting,Incorrect information on your report,Information belongs to someone else,,,"EQUIFAX, INC.",AL,36116.0,,Consent not provided,Web,2025-12-04,Closed with non-monetary relief,1,,17708279,2025,12,0,Credit reporting or other personal consumer reports
2021-06-08,"Money transfer, virtual currency, or money service",International money transfer,Wrong amount charged or received,,,Company believes complaint is the result of an isolated error,NAVY FEDERAL CREDIT UNION,NC,28312.0,Servicemember,,Phone,2021-06-08,Closed with monetary relief,1,,4441344,2021,6,0,Money transfer / service
2025-04-01,Credit reporting or other personal consumer reports,Credit reporting,Problem with a company's investigation into an existing problem,Their investigation did not fix an error on your report,,,"EQUIFAX, INC.",NY,10030.0,,Consent not provided,Web,2025-04-01,Closed with non-monetary relief,1,,12740994,2025,4,0,Credit reporting or other personal consumer reports
2015-02-27,Mortgage,FHA mortgage,"Loan modification,collection,foreclosure",,,,M&T BANK CORPORATION,MD,21216.0,,,Web,2015-02-27,Closed with explanation,1,0.0,1261061,2015,2,0,Mortgage
2020-09-27,"Credit reporting, credit repair services, or other personal consumer reports",Credit reporting,Incorrect information on your report,Information belongs to someone else,,,AFNI INC.,FL,33467.0,,Consent not provided,Web,2020-09-30,Closed with explanation,1,,3867022,2020,9,0,Credit reporting / repair
2025-01-17,Credit reporting or other personal consumer reports,Credit reporting,Incorrect information on your report,Information belongs to someone else,,Company has responded to the consumer and the CFPB and chooses not to provide a public response,Experian Information Solutions Inc.,TX,77407.0,,Consent not provided,Web,2025-01-17,Closed with explanation,1,,11659192,2025,1,0,Credit reporting or other personal consumer reports
2025-05-28,Credit reporting or other personal consumer reports,Credit reporting,Incorrect information on your report,Account information incorrect,"In accordance with 15 U.S.C. 1681e ( b ), you are required by federal law to maintain procedures ensuring maximum possible accuracy in the preparation and reporting of consumer credit information. Upon reviewing my credit reports, I have identified inaccuracies pertaining to the collections accounts : Auto Loan account opened at XXXXXXXX XXXX on XX/XX/year> account number XXXXXXXX XXXX XXXX XXXX account is showing late payment history only on Experian and Equifax but not shown on TransUnion Auto Loan account opened at XXXXXXXX XXXX  on XX/XX/year> account number XXXXXXXX XXXX XXXX XXXX account is showing late payment history only on Experian and Equifax but not shown on TransUnion which is being inconsistently reported among the national credit bureaus.",Company has responded to the consumer and the CFPB and chooses not to provide a public response,Experian Information Solutions Inc.,TX,78640.0,,Consent provided,Web,2025-05-28,Closed with explanation,1,,13752899,2025,5,1,Credit reporting or other personal consumer reports
2026-02-06,Credit reporting or other personal consumer reports,Credit reporting,Incorrect information on your report,Information belongs to someone else,,,"EQUIFAX, INC.",NY,11422.0,,,Web,2026-02-06,In progress,1,,19303102,2026,2,0,Credit reporting or other personal consumer reports
2022-01-27,Student loan,Federal student loan servicing,Dealing with your lender or servicer,Received bad information about your loan,"I'm currently pursuing PSLF through FedLoan Servicing, and they have completely erased my entire history of PSLF payments. 

In XXXX of 2021 I was at roughly 82 qualifying payments towards PSLF ( pre-waiver rules ), but should be near or at forgiveness when the Limited Waiver is applied. However, as of XX/XX/2021 FedLoan has erased my entire PSLF history and it is now set to 0 with no explanation, especially in the context on the new Limited Waiver. 

I originally filed a complaint through the FSA with the Ombudsman, who helped get my pre-limited waiver PSLF payment counts to that 82. When my PSLF payment count dropped to 0 in XXXX I filed a new complaint with the Ombudsman, but they have put my request in "" pending '' status and say that the error is "" stuck '' with FedLoan. I have not been able to get any help from FedLoan or the Ombudsman in moving my complaint case forward. 

I am asking for my payment counts to be restored and for the limited waiver to be applied to update my now eligible past payments as I am either near forgiveness or should already have my loans forgiven under the PSLF Limited Waiver.",,AES/PHEAA,CA,90027.0,,Consent provided,Web,2022-01-28,Closed with non-monetary relief,1,,5158139,2022,1,1,Student loan
2013-03-29,Bank account or service,Savings account,Deposits and withdrawals,,,,BANCO POPULAR DE PUERTO RICO,PR,784.0,,,Referral,2013-04-01,Closed with explanation,1,0.0,369835,2013,3,0,Bank account / service
2025-05-22,Credit reporting or other personal consumer reports,Credit reporting,Problem with a company's investigation into an existing problem,Investigation took more than 30 days,,Company has responded to the consumer and the CFPB and chooses not to provide a public response,Experian Information Solutions Inc.,TX,78516.0,,Consent not provided,Web,2025-05-22,Closed with explanation,1,,13655703,2025,5,0,Credit reporting or other personal consumer reports
2021-07-06,Student loan,Federal student loan servicing,Incorrect information on your report,Information belongs to someone else,,Company believes it acted appropriately as authorized by contract or law,"Nelnet, Inc.",CA,95127.0,,Consent not provided,Web,2021-07-06,Closed with explanation,1,,4520103,2021,7,0,Student loan
2026-01-23,Credit reporting or other personal consumer reports,Credit reporting,Improper use of your report,Reporting company used your report improperly,,,"EQUIFAX, INC.",TX,77583.0,,Consent not provided,Web,2026-01-23,Closed with non-monetary relief,1,,18964555,2026,1,0,Credit reporting or other personal consumer reports
2023-12-24,Credit reporting or other personal consumer reports,Credit reporting,Incorrect information on your report,Information belongs to someone else,,Company has responded to the consumer and the CFPB and chooses not to provide a public response,Experian Information Solutions Inc.,OK,73159.0,,Consent not provided,Web,2023-12-24,Closed with non-monetary relief,1,,8052923,2023,12,0,Credit reporting or other personal consumer reports
2025-04-10,Credit reporting or other personal consumer reports,Credit reporting,Incorrect information on your report,Information belongs to someone else,,Company has responded to the consumer and the CFPB and chooses not to provide a public response,"TRANSUNION INTERMEDIATE HOLDINGS, INC.",TX,78244.0,,Consent not provided,Web,2025-04-10,Closed with non-monetary relief,1,,12949001,2025,4,0,Credit reporting or other personal consumer reports
2026-01-19,Credit reporting or other personal consumer reports,Credit reporting,Incorrect information on your report,Information belongs to someone else,,Company has responded to the consumer and the CFPB and chooses not to provide a public response,"TRANSUNION INTERMEDIATE HOLDINGS, INC.",TX,76108.0,,,Web,2026-01-19,Closed with explanation,1,,18836640,2026,1,0,Credit reporting or other personal consumer reports
2013-02-26,Mortgage,Other mortgage,Other,,,,WELLS FARGO & COMPANY,IL,60188.0,,,Postal mail,2013-02-27,Closed with non-monetary relief,1,1.0,334519,2013,2,0,Mortgage
2025-01-21,Checking or savings account,Other banking product or service,Managing an account,Problem making or receiving payments,My information was used fraudulent with my bank account using zelle,,"Early Warning Services, LLC",NY,10463.0,,Consent provided,Web,2025-01-21,Closed with explanation,1,,11610234,2025,1,1,Bank account / service
2025-02-06,Credit reporting or other personal consumer reports,Credit reporting,Problem with a company's investigation into an existing problem,Their investigation did not fix an error on your report,,Company has responded to the consumer and the CFPB and chooses not to provide a public response,"TRANSUNION INTERMEDIATE HOLDINGS, INC.",CA,92804.0,,Consent not provided,Web,2025-02-06,Closed with non-monetary relief,1,,11942393,2025,2,0,Credit reporting or other personal consumer reports
2022-04-05,Checking or savings account,Checking account,Managing an account,Problem using a debit or ATM card,"I live in California, was on a vacation in XXXX, Tennessee. During my time there ( XXXX ), my card was charged for Gas in the amount of {$26.00} with the location saying "" city, Florida '' XXXX XX/XX/22. I have never been to Florida, I don't know anyone in Florida, and have never given my card number or authorized anyone to use my bank account information. When I contacted Chase, they filed a claim and reimbursed the funds. A few days later on XX/XX/22 they then sent me a letter stating that after investigation they feel that the charge was valid and authorized. It makes no sense that I was in Tennessee, and all my charges prior to and after that Florida charge were in Tennessee. They said the extent of their investigation was that the PIN number was correctly input on the first attempt, and that they can't reverse it. Due to the fear of my account being compromised, I withdrew then entirety of my funds. I also received an email with an invoice that someone from New Mexico ordered personal checks with their name and address information on them from XXXX, Chase 's check company partner, with my bank account information on it. This tells me that my bank account is completely compromised, and Chase is doing nothing to help me resolve the situation. There is no safety and security from Chase in this.",,JPMORGAN CHASE & CO.,CA,93311.0,,Consent provided,Web,2022-04-05,Closed with explanation,1,,5410289,2022,4,1,Bank account / service
2024-12-06,Credit reporting or other personal consumer reports,Credit reporting,Improper use of your report,Reporting company used your report improperly,,Company has responded to the consumer and the CFPB and chooses not to provide a public response,"TRANSUNION INTERMEDIATE HOLDINGS, INC.",TX,77089.0,,Consent not provided,Web,2024-12-06,Closed with non-monetary relief,1,,11062614,2024,12,0,Credit reporting or other personal consumer reports
2022-10-26,Mortgage,Conventional home mortgage,Applying for a mortgage or refinancing an existing mortgage,,,Company has responded to the consumer and the CFPB and chooses not to provide a public response,WELLS FARGO & COMPANY,VA,22079.0,,Consent not provided,Web,2022-10-26,Closed with explanation,1,,6133500,2022,10,0,Mortgage
2022-05-05,"Credit reporting, credit repair services, or other personal consumer reports",Credit reporting,Problem with a credit reporting company's investigation into an existing problem,Was not notified of investigation status or results,"On XX/XX/2022, XX/XX/2022, XX/XX/2022, XX/XX/2022, and XX/XX/2022 I sent disputes to XXXX, Equifax and XXXX about the following inaccurate and unverifiable accounts. I have done my research and according to the FairCredit Reporting Act, my consumer rights have been violated by these credit reporting agencies and their failure to reinvestigate the accuracy of my credit reports, as well as their failure to delete all inaccurate information. This is ridiculous! Additionally, XXXX will not review my dispute requests and continues sending these outrageous response letters saying "" it didn't appear that you or a properly authorized third party sent this to us '' which is false and unacceptable. Each credit reporting agency has a proof of my ID and proof of my address to confirm my identity and support my disputes. These stalling responses are clearly a way to get out of doing their job in accordance with the credit reporting laws as there are MULTIPLE errors to be addressed. 

The following accounts are in error and in total violation of my rights XXXX XXXX XXXX XXXX XXXX XXXX XXXX XXXX XXXX XXXX XXXX XXXX XXXX XXXX XXXX XXXX XXXX XXXX XXXX XXXX XXXX XXXX XXXX XXXX XXXX XXXX XXXX XXXX XXXX XXXX XXXX 

It is completely unacceptable that these erroneous accounts have not been thoroughly investigated in accordance with the LAW and removed from my credit reports immediately after 5 months of sending reinvestigation requests and waiting for a status update or confirmation of deletion. 

15 U.S.C. 1681 Section 602 A ; States that credit reporting must be fair and accurate and unfair credit reporting methods undermine the public confidence 15 U.S.C. 1681 Section 604 A ; States a consumer reporting agency can not furnish an account without my written instructions or permissible purpose It has been well over 45 days since I've sent these different disputes. I have thoroughly reviewed the laws above and others that are applicable under the FCRA and demand they be followed by the credit reporting agencies.",,"EQUIFAX, INC.",LA,70126.0,,Consent provided,Web,2022-05-05,Closed with explanation,1,,5547532,2022,5,1,Credit reporting / repair
2024-01-26,Credit reporting or other personal consumer reports,Credit reporting,Improper use of your report,Reporting company used your report improperly,"Capital One has violated their own terms and conditions, which states they will not share your information with 3rd party affiliates without your written permission in which I have never given Capital One written permission to share my bank information which consist of my transaction history ( It is against the law to share transaction history- that is ILLEGAL ), opening of my accounts, types of accounts, full name, address, phone #, SSN,, etc. Due to the actions of Capital One, I have faced socioeconomic discrimination in regard to credit transactions and I have been injured by the furnishings ( of my non-public personal information provided to a financial institution ) of the respondent. I have been denied credit and access to my human right of realization pursuant to 42 USC 1981. Pursuant to 15 USC 1681b Permissible Purposes ( 2 ), the respondent was never granted written consent. If in any way the respondent was granted written consent, it was granted to the respondent by way of extrinsic fraud and I the consumer rescind the respondent 's authority. Per the FCRA, the term consumer report does not include : Any report containing information solely about transactions or experiences between the consumer and the institution making the report any authorization or approval of a specific extension of credit directly or indirectly by the issuer of a credit card or similar device. Capital One has furnished my transaction history to credit reporting agencies. These actions have caused socioeconomic discrimination against me for I have been denied credit transactions due to the furnishing of the respondent. I the consumer has never received a privacy notice. Privacy notices must be clear and conspicuous, meaning they must be reasonably understandable and designed to call attention to the nature and significance of the information contained in the notice. The regulation does not prescribe specific methods for making a notice clear and conspicuous but does provide examples of ways in which to achieve the standard, such as the use of short explanatory sentences or bullet lists and the use of plain-language headings and easily readable typeface and type size. Privacy notices also must accurately reflect the institutions privacy practices per Regulation P - Privacy of Consumer Financial Information. I would hope they heavily consider their oath whereas it states "" I solemnly swear that I will support the Constitution of the United States, that I will faithfully discharge the duties of the office of attorney, and that I will conduct myself at all times with integrity and civility. '' Any action against this oath is misconduct and actionable per se.The 3rd parties who received this information are XXXX, XXXX, and XXXX. As the consumer I feel betrayed and mislead that this was taking place without my knowledge and most importantly my consent. These unfair and misleading practices have caused me both emotional and physical harm. I have made attempts to do business with other banks only to be told that they can not proceed with opening a bank account in my name due to reports received and the system not allowing them to move forward.. This is a violation of Privacy Act of 1974 - establishes a code of fair information practices that governs the collection, maintenance, use, and dissemination of information about individuals that is maintained in systems of records by federal agencies. A system of records is a group of records under the control of an agency from which information is retrieved by the name of the individual or by some identifier assigned to the individual. The Privacy Act requires that agencies give the public notice of their systems of records by publication in the Federal Register. The Privacy Act prohibits the disclosure of a record about an individual from a system of records absent the written consent of the individual, unless the disclosure is pursuant to one of twelve statutory exceptions. The Act also provides individuals with a means by which to seek access to and amendment of their records, and sets forth various agency record-keeping requirements. Fair Credit Reporting Act - The Act ( Title VI of the Consumer Credit Protection Act ) protects information collected by consumer reporting agencies such as credit bureaus, medical information companies and tenant screening services. Information in a consumer report can not be provided to anyone who does not have a purpose specified in the Act. Companies that provide information to consumer reporting agencies also have specific legal obligations, including the duty to investigate disputed information. In addition, users of the information for credit, insurance, or employment purposes must notify the consumer when an adverse action is taken on the basis of such reports. The Fair and Accurate Credit Transactions Act added many provisions to this Act primarily relating to record accuracy and identity theft. The Dodd-Frank Act transferred to the Consumer Financial Protection Bureau most of the rulemaking responsibilities added to this Act by the Fair and Accurate Credit Transactions Act and the Credit CARD Act, but the Commission retains all its enforcement authority. 15 U.S. Code 1681- Congressional findings and statement of purpose - Accuracy and fairness of credit reporting. The Congress makes the following findings : ( 1 ) The banking system is dependent upon fair and accurate credit reporting. Inaccurate credit reports directly impair the efficiency of the banking system, and unfair credit reporting methods undermine the public confidence which is essential to the continued functioning of the banking system. ( 2 ) An elaborate mechanism has been developed for investigating and evaluating the credit worthiness, credit standing, credit capacity, character, and general reputation of consumers. ( 3 ) Consumer reporting agencies have assumed a vital role in assembling and evaluating consumer credit and other information on consumers. ( 4 ) There is a need to insure that consumer reporting agencies exercise their grave responsibilities with fairness, impartiality, and a respect for the consumers right to privacy. 15 U.S. Code 6801 - Protection of nonpublic personal information- ( a ) Privacy obligation policy : It is the policy of the Congress that each financial institution has an affirmative and continuing obligation to respect the privacy of its customers and to protect the security and confidentiality of those customers nonpublic personal information. ( b ) Financial institutions safeguards In furtherance of the policy in subsection ( a ), each agency or authority described in section 6805 ( a ) of this title, other than the Bureau of Consumer Financial Protection, shall establish appropriate standards for the financial institutions subject to their jurisdiction relating to administrative, technical, and physical safeguards ( 1 ) to insure the security and confidentiality of customer records and information ; ( 2 ) to protect against any anticipated threats or hazards to the security or integrity of such records ; and ( 3 ) to protect against unauthorized access to or use of such records or information which could result in substantial harm or inconvenience to any customer. 15 U.S. Code 6802 - Obligations with respect to disclosures of personal information - Except as otherwise provided in this subchapter, a financial institution may not, directly or through any affiliate, disclose to a nonaffiliated third party any nonpublic personal information, unless such financial institution provides or has provided to the consumer a notice that complies with section 6803 of this title : ( b ) Opt out ( 1 ) In general A financial institution may not disclose nonpublic personal information to a nonaffiliated third party unless ( A ) such financial institution clearly and conspicuously discloses to the consumer, in writing or in electronic form or other form permitted by the regulations prescribed under section 6804 of this title, that such information may be disclosed to such third party ; ( B ) the consumer is given the opportunity, before the time that such information is initially disclosed, to direct that such information not be disclosed to such third party ; and ( C ) the consumer is given an explanation of how the consumer can exercise that nondisclosure option. ( 2 ) Exception This subsection shall not prevent a financial institution from providing nonpublic personal information to a nonaffiliated third party to perform services for or functions on behalf of the financial institution, including marketing of the financial institutions own products or services, or financial products or services offered pursuant to joint agreements between two or more financial institutions that comply with the requirements imposed by the regulations prescribed under section 6804 of this title, if the financial institution fully discloses the providing of such information and enters into a contractual agreement with the third party that requires the third party to maintain the confidentiality of such information. ( c ) Limits on reuse of information Except as otherwise provided in this subchapter, a nonaffiliated third party that receives from a financial institution nonpublic personal information under this section shall not, directly or through an affiliate of such receiving third party, disclose such information to any other person that is a nonaffiliated third party of both the financial institution and such receiving third party, unless such disclosure would be lawful if made directly to such other person by the financial institution. ( d ) Limitations on the sharing of account number information for marketing purposes A financial institution shall not disclose, other than to a consumer reporting agency, an account number or similar form of access number or access code for a credit card account, deposit account, or transaction account of a consumer to any nonaffiliated third party for use in telemarketing, direct mail marketing, or other marketing through electronic mail to the consumer.

( e ) General exceptions Subsections ( a ) and ( b ) shall not prohibit the disclosure of nonpublic personal information ( 1 ) as necessary to effect, administer, or enforce a transaction requested or authorized by the consumer, or in connection with ( A ) servicing or processing a financial product or service requested or authorized by the consumer ; ( B ) maintaining or servicing the consumers account with the financial institution, or with another entity as part of a private label credit card program or other extension of credit on behalf of such entity ; or ( C ) a proposed or actual securitization, secondary market sale ( including sales of servicing rights ), or similar transaction related to a transaction of the consumer ; ( 2 ) with the consent or at the direction of the consumer ; ( 3 ) ( A ) to protect the confidentiality or security of the financial institutions records pertaining to the consumer, the service or product, or the transaction therein ; ( B ) to protect against or prevent actual or potential fraud, unauthorized transactions, claims, or other liability ; ( C ) for required institutional risk control, or for resolving customer disputes or inquiries ; ( D ) to persons holding a legal or beneficial interest relating to the consumer ; or ( E ) to persons acting in a fiduciary or representative capacity on behalf of the consumer ; ( 4 ) to provide information to insurance rate advisory organizations, guaranty funds or agencies, applicable rating agencies of the financial institution, persons assessing the institutions compliance with industry standards, and the institutions attorneys, accountants, and auditors ; ( 5 ) to the extent specifically permitted or required under other provisions of law and in accordance with the Right to Financial Privacy Act of 1978 [ 12 U.S.C. 3401 et seq. ], to law enforcement agencies ( including the Bureau of Consumer Financial Protection [ 1 ] a Federal functional regulator, the Secretary of the Treasury with respect to subchapter II of chapter 53 of title 31, and chapter 2 of title I of Public Law 91508 ( 12 U.S.C. 19511959 ), a State insurance authority, or the Federal Trade Commission ), self-regulatory organizations, or for an investigation on a matter related to public safety ; ( 6 ) ( A ) to a consumer reporting agency in accordance with the Fair Credit Reporting Act [ 15 U.S.C. 1681 et seq. ], or ( B ) from a consumer report reported by a consumer reporting agency ; ( 7 ) in connection with a proposed or actual sale, merger, transfer, or exchange of all or a portion of a business or operating unit if the disclosure of nonpublic personal information concerns solely consumers of such business or unit; or ( 8 ) to comply with Federal, State, or local laws, rules, and other applicable legal requirements ; to comply with a properly authorized civil, criminal, or regulatory investigation or subpoena or summons by Federal, State, or local authorities ; or to respond to judicial process or government regulatory authorities having jurisdiction over the financial institution for examination, compliance, or other purposes as authorized by law. 15 U.S. Code 6803 - Disclosure of institution privacy policy- ( a ) Disclosure required At the time of establishing a customer relationship with a consumer and not less than annually during the continuation of such relationship, a financial institution shall provide a clear and conspicuous disclosure to such consumer, in writing or in electronic form or other form permitted by the regulations prescribed under section 6804 of this title, of such financial institutions policies and practices with respect to ( 1 ) disclosing nonpublic personal information to affiliates and nonaffiliated third parties, consistent with section 6802 of this title, including the categories of information that may be disclosed ; ( 2 ) disclosing nonpublic personal information of persons who have ceased to be customers of the financial institution; and ( 3 ) protecting the nonpublic personal information of consumers. ( b ) Regulations Disclosures required by subsection ( a ) shall be made in accordance with the regulations prescribed under section 6804 of this title. ( c ) Information to be included The disclosure required by subsection ( a ) shall include ( 1 ) the policies and practices of the institution with respect to disclosing nonpublic personal information to nonaffiliated third parties, other than agents of the institution, consistent with section 6802 of this title, and including ( A ) the categories of persons to whom the information is or may be disclosed, other than the persons to whom the information may be provided pursuant to section 6802 ( e ) of this title ; and ( B ) the policies and practices of the institution with respect to disclosing of nonpublic personal information of persons who have ceased to be customers of the financial institution ; ( 2 ) the categories of nonpublic personal information that are collected by the financial institution ; ( 3 ) the policies that the institution maintains to protect the confidentiality and security of nonpublic personal information in accordance with section 6801 of this title ; and ( 4 ) the disclosures required, if any, under section 1681a ( d ) ( 2 ) ( A ) ( iii ) of this title.

( d ) Exemption for certified public accountants ( 1 ) In general The disclosure requirements of subsection ( a ) do not apply to any person, to the extent that the person is ( A ) a certified public accountant ; ( B ) certified or licensed for such purpose by a State ; and ( C ) subject to any provision of law, rule, or regulation issued by a legislative or regulatory body of the State, including rules of professional conduct or ethics, that prohibits disclosure of nonpublic personal information without the knowing and expressed consent of the consumer. ( 2 ) Limitation Nothing in this subsection shall be construed to exempt or otherwise exclude any financial institution that is affiliated or becomes affiliated with a certified public accountant described in paragraph ( 1 ) from any provision of this section. ( 3 ) Definitions For purposes of this subsection, the term State means any State or territory of the United States, the District of Columbia, Puerto Rico, Guam, American Samoa, the Trust Territory of the Pacific Islands, the Virgin Islands, or the Northern Mariana Islands. ( e ) Model forms ( 1 ) In general The agencies referred to in section 6804 ( a ) ( 1 ) of this title shall jointly develop a model form which may be used, at the option of the financial institution, for the provision of disclosures under this section. ( 2 ) Format A model form developed under paragraph ( 1 ) shall ( A ) be comprehensible to consumers, with a clear format and design ; ( B ) provide for clear and conspicuous disclosures ; ( C ) enable consumers easily to identify the sharing practices of a financial institution and to compare privacy practices among financial institutions ; and ( D ) be succinct, and use an easily readable type font. ( 3 ) Timing A model form required to be developed by this subsection shall be issued in proposed form for public comment not later than 180 days after XX/XX/XXXX. ( 4 ) Safe harbor Any financial institution that elects to provide the model form developed by the agencies under this subsection shall be deemed to be in compliance with the disclosures required under this section. ( f ) Exception to annual notice requirement A financial institution that ( 1 ) provides nonpublic personal information only in accordance with the provisions of subsection ( b ) ( 2 ) or ( e ) of section 6802 of this title or regulations prescribed under section 6804 ( b ) of this title, and ( 2 ) has not changed its policies and practices with regard to disclosing nonpublic personal information from the policies and practices that were disclosed in the most recent disclosure sent to consumers in accordance with this section, shall not be required to provide an annual disclosure under this section until such time as the financial institution fails to comply with any criteria described in paragraph ( 1 ) or ( 2 ). 15 U.S. Code 6804 - Rulemaking - ( a ) Regulatory authority ( 1 ) Rulemaking ( A ) In general Except as provided in subparagraph ( C ), the Bureau of Consumer Financial Protection and the Securities and Exchange Commission shall have authority to prescribe such regulations as may be necessary to carry out the purposes of this subchapter with respect to financial institutions and other persons subject to their respective jurisdiction under section 6805 of this title ( and notwithstanding subtitle B of the Consumer Financial Protection Act of 2010 [ 12 U.S.C. 5511 et seq. ] ), except that the Bureau of Consumer Financial Protection shall not have authority to prescribe regulations with respect to the standards under section 6801 of this title.

( B ) CFTC The Commodity Futures Trading Commission shall have authority to prescribe such regulations as may be necessary to carry out the purposes of this subchapter with respect to financial institutions and other persons subject to the jurisdiction of the Commodity Futures Trading Commission under section 7b2 of title 7. ( C ) Federal Trade Commission authority Notwithstanding the authority of the Bureau of Consumer Financial Protection under subparagraph ( A ), the Federal Trade Commission shall have authority to prescribe such regulations as may be necessary to carry out the purposes of this subchapter with respect to any financial institution that is a person described in section 1029 ( a ) of the Consumer Financial Protection Act of 2010 [ 12 U.S.C. 5519 ( a ) ]. ( D ) Rule of construction Nothing in this paragraph shall be construed to alter, affect, or otherwise limit the authority of a State insurance authority to adopt regulations to carry out this subchapter. ( 2 ) Coordination, consistency, and comparability Each of the agencies authorized under paragraph ( 1 ) to prescribe regulations shall consult and coordinate with the other such agencies and, as appropriate, and with [ 1 ] representatives of State insurance authorities designated by the XXXX XXXX XXXX XXXX XXXX, for the purpose of assuring, to the extent possible, that the regulations prescribed by each such agency are consistent and comparable with the regulations prescribed by the other such agencies. ( 3 ) Procedures and deadline Such regulations shall be prescribed in accordance with applicable requirements of title 5. ( b ) Authority to grant exceptions The regulations prescribed under subsection ( a ) may include such additional exceptions to subsections ( a ) through ( d ) of section 6802 of this title as are deemed consistent with the purposes of this subchapter. 15 U.S. Code 6805 - Enforcement - ( a ) In general Subject to subtitle B of the Consumer Financial Protection Act of 2010 [ 12 U.S.C. 5511 et seq. ], this subchapter and the regulations prescribed thereunder shall be enforced by the Bureau of Consumer Financial Protection, the Federal functional regulators, the State insurance authorities, and the Federal Trade Commission with respect to financial institutions and other persons subject to their jurisdiction under applicable law, as follows : ( 1 ) Under section 1818 of title 12, by the appropriate Federal banking agency, as defined in section 1813 ( q ) of title 12, in the case of ( A ) national banks, Federal branches and Federal agencies of foreign banks, and any subsidiaries of such entities ( except brokers, dealers, persons providing insurance, investment companies, and investment advisers ) ; ( B ) member banks of the Federal Reserve System ( other than national banks ), branches and agencies of foreign banks ( other than Federal branches, Federal agencies, and insured State branches of foreign banks ), commercial lending companies owned or controlled by foreign banks, organizations operating under section 25 or 25A of the Federal Reserve Act [ 12 U.S.C. 601 et seq., 611 et seq. ], and bank holding companies and their nonbank subsidiaries or affiliates ( except brokers, dealers, persons providing insurance, investment companies, and investment advisers ) ; ( C ) banks insured by the Federal Deposit Insurance Corporation ( other than members of the Federal Reserve System ), insured State branches of foreign banks, and any subsidiaries of such entities ( except brokers, dealers, persons providing insurance, investment companies, and investment advisers ) ; and ( D ) savings associations the deposits of which are insured by the Federal Deposit Insurance Corporation, and any subsidiaries of such savings associations ( except brokers, dealers, persons providing insurance, investment companies, and investment advisers ). ( 2 ) Under the Federal Credit Union Act [ 12 U.S.C. 1751 et seq. ], by the Board of the XXXX XXXX XXXX XXXX with respect to any federally insured credit union, and any subsidiaries of such an entity. ( 3 ) Under the Securities Exchange Act of 1934 [ 15 U.S.C. 78a et seq. ], by the Securities and Exchange Commission with respect to any broker or dealer.

( 4 ) Under the Investment Company Act of 1940 [ 15 U.S.C. 80a1 et seq. ], by the Securities and Exchange Commission with respect to investment companies. ( 5 ) Under the Investment Advisers Act of 1940 [ 15 U.S.C. 80b1 et seq. ], by the Securities and Exchange Commission with respect to investment advisers registered with the Commission under such Act. ( 6 ) Under State insurance law, in the case of any person engaged in providing insurance, by the applicable State insurance authority of the State in which the person is domiciled, subject to section 6701 of this title. ( 7 ) Under the Federal Trade Commission Act [ 15 U.S.C. 41 et seq. ], by the Federal Trade Commission for any other financial institution or other person that is not subject to the jurisdiction of any agency or authority under paragraphs ( 1 ) through ( 6 ) of this subsection. ( 8 ) Under subtitle E of the Consumer Financial Protection Act of 2010 [ 12 U.S.C. 5561 et seq. ], by the Bureau of Consumer Financial Protection, in the case of any financial institution and other covered person or service provider that is subject to the jurisdiction of the Bureau and any person subject to this subchapter, but not with respect to the standards under section 6801 of this title. ( b ) Enforcement of section 6801 ( 1 ) In general Except as provided in paragraph ( 2 ), the agencies and authorities described in subsection ( a ), other than the Bureau of Consumer Financial Protection, shall implement the standards prescribed under section 6801 ( b ) of this title in the same manner, to the extent practicable, as standards prescribed pursuant to section 1831p1 ( a ) of title 12 are implemented pursuant to such section. ( 2 ) Exception The agencies and authorities described in paragraphs ( 3 ), ( 4 ), ( 5 ), ( 6 ), and ( 7 ) of subsection ( a ) shall implement the standards prescribed under section 6801 ( b ) of this title by rule with respect to the financial institutions and other persons subject to their respective jurisdictions under subsection ( a ). ( c ) Absence of State action If a State insurance authority fails to adopt regulations to carry out this subchapter, such State shall not be eligible to override, pursuant to section 1831x ( g ) ( 2 ) ( B ) ( iii ) of title 12, the insurance customer protection regulations prescribed by a Federal banking agency under section 1831x ( a ) of title 12. ( d ) Definitions The terms used in subsection ( a ) ( 1 ) that are not defined in this subchapter or otherwise defined in section 1813 ( s ) of title 12 shall have the same meaning as given in section 3101 of title 12. 16 CFR Part 313 - PART 313PRIVACY OF CONSUMER FINANCIAL INFORMATION. 16 CFR 433.1 - Definitions. 16 CFR 433.2 - Preservation of consumers ' claims and defenses, unfair or deceptive acts or practices- In connection with any sale or lease of goods or services to consumers, in or affecting commerce as commerce is defined in the Federal Trade Commission Act, it is an unfair or deceptive act or practice within the meaning of section 5 of that Act for a seller, directly or indirectly, to : ( a ) Take or receive a consumer credit contract which fails to contain the following provision in at least ten point, bold face, type : NOTICE - ANY HOLDER OF THIS CONSUMER CREDIT CONTRACT IS SUBJECT TO ALL CLAIMS AND DEFENSES WHICH THE DEBTOR COULD ASSERT AGAINST THE SELLER OF GOODS OR SERVICES OBTAINED PURSUANT HERETO OR WITH THE PROCEEDS HEREOF. RECOVERY HEREUNDER BY THE DEBTOR SHALL NOT EXCEED AMOUNTS PAID BY THE DEBTOR HEREUNDER. Or, ( b ) Accept, as full or partial payment for such sale or lease, the proceeds of any purchase money loan ( as purchase money loan is defined herein ), unless any consumer credit contract made in connection with such purchase money loan contains the following provision in at least ten point, bold face, type : NOTICE ANY HOLDER OF THIS CONSUMER CREDIT CONTRACT IS SUBJECT TO ALL CLAIMS AND DEFENSES WHICH THE DEBTOR COULD ASSERT AGAINST THE SELLER OF GOODS OR SERVICES OBTAINED WITH THE PROCEEDS HEREOF. RECOVERY HEREUNDER BY THE DEBTOR SHALL NOT EXCEED AMOUNTS PAID BY THE DEBTOR HEREUNDER. 16 CFR 433.3 - Exemption of sellers taking or receiving open end consumer credit contracts before XX/XX/XXXX from requirements of 433.2 ( a ). - ( a ) Any seller who has taken or received an open end consumer credit contract before XX/XX/XXXX, shall be exempt from the requirements of 16 CFR part 433 with respect to such contract provided the contract does not cut off consumers ' claims and defenses. ( b ) Definitions. The following definitions apply to this exemption : ( 1 ) All pertinent definitions contained in 16 CFR 433.1. ( 2 ) Open end consumer credit contract : a consumer credit contract pursuant to which open end credit is extended. ( 3 ) Open end credit : consumer credit extended on an account pursuant to a plan under which a creditor may permit an applicant to make purchases or make loans, from time to time, directly from the creditor or indirectly by use of a credit card, check, or other device, as the plan may provide. The term does not include negotiated advances under an open-end real estate mortgage or a letter of credit. ( 4 ) Contract which does not cut off consumers ' claims and defenses : A consumer credit contract which does not constitute or contain a negotiable instrument, or contain any waiver, limitation, term, or condition which has the effect of limiting a consumer 's right to assert against any holder of the contract all legally sufficient claims and defenses which the consumer could assert against the seller of goods or services purchased pursuant to the contract.",,CAPITAL ONE FINANCIAL CORPORATION,VA,23225.0,,Consent provided,Web,2024-01-26,Closed with explanation,1,,8227588,2024,1,1,Credit reporting or other personal consumer reports
2025-02-04,Credit reporting or other personal consumer reports,Credit reporting,Incorrect information on your report,Personal information incorrect,,Company has responded to the consumer and the CFPB and chooses not to provide a public response,Experian Information Solutions Inc.,NJ,7047.0,,Consent not provided,Web,2025-02-04,Closed with explanation,1,,11933525,2025,2,0,Credit reporting or other personal consumer reports
2024-12-02,Credit reporting or other personal consumer reports,Credit reporting,Incorrect information on your report,Account information incorrect,,,"EQUIFAX, INC.",TX,78249.0,,Consent not provided,Web,2024-12-02,Closed with non-monetary relief,1,,10999597,2024,12,0,Credit reporting or other personal consumer reports
2022-06-01,"Credit reporting, credit repair services, or other personal consumer reports",Credit reporting,Improper use of your report,Reporting company used your report improperly,In accordance with the credit fair reporting act account # XXXX has violated my rights 15 U.S.C 1681 section 602 A states I have the right to privacy 15 U.S.C 1681 section 604 A section 2 states a consumer agency can not furnish my account without my written instructions,Company has responded to the consumer and the CFPB and chooses not to provide a public response,Experian Information Solutions Inc.,GA,30296.0,,Consent provided,Web,2022-06-01,Closed with explanation,1,,5620465,2022,6,1,Credit reporting / repair
2024-06-17,Checking or savings account,Checking account,Closing an account,Company closed your account,"I opened an account by the name of XXXX XXXX XXXX XXXX with a wells fargo representative in XXXX XXXXXXXX XXXX, on or around XX/XX/year>, the representative told me they would send me a debit card so I can use it at an ATM to make deposits on the go. They stated they would wait and not penalize me for the wait for receiving my account information. I waited for but never received this debit card, Meanwhile Wells Fargo began to charge my account for inadequate balance and eventually closed my account.",Company has responded to the consumer and the CFPB and chooses not to provide a public response,WELLS FARGO & COMPANY,CA,,Servicemember,Consent provided,Web,2024-06-17,Closed with explanation,1,,9275884,2024,6,1,Bank account / service
2024-05-21,Credit reporting or other personal consumer reports,Credit reporting,Incorrect information on your report,Information belongs to someone else,,Company has responded to the consumer and the CFPB and chooses not to provide a public response,"TRANSUNION INTERMEDIATE HOLDINGS, INC.",MD,20746.0,,Consent not provided,Web,2024-05-21,Closed with non-monetary relief,1,,9064255,2024,5,0,Credit reporting or other personal consumer reports
2022-09-08,Mortgage,FHA mortgage,Trouble during payment process,,"Right after Covid started. I went on a forbearance with my Mortgage company. At the very end of my forbearance we decided to do a loan modification. This was in XXXX of 2022. After 4 different attempts to send them back all the necessary paperwork notarized to finalize the deal they finally accepted it. All three of the first three attempts that had to be resubmitted were errors by XXXX XXXX. Not errors by me. So from XXXX when the process started until the beginning of XXXX after the fourth time sending everything in it was finally accepted on their end. After trying for a couple months to sign into their website to navigate and learn it I was finally able to in late XXXX. In the midst of all this XXXX XXXX sold my Loan to a company called Right Path servicing. It wont let me navigate certain things and wont let me make any kind of payment. My biggest concern is that at the top of the website when i sign in, it says account under review by underwriting. It also says that once all notarized papers are processed the account will be unlocked as soon as everything passes. Thats kinda strange to me because they accepted the modification in XX/XX/2022. The reason it took over 5 months to get everything worked out is because the first three times they sent the packet to me it was wrong and all were errors on their end. And now we are in XXXX and it still says that I cant make any kind of payment on my account and that all my stuff is being reviewed 9 months later. They have been calling me every day for the last 5 months telling me the same thing everytime, that they are a debt collector, etc, etc. I always ask them the same thing. Why is my paperwork still being reviewed 8-9 months later? Nobody can give me an answer at all. I refuse to make my payments that were slated to start on XX/XX/XXXX, because nothing is finalized on their end yet. Its strange because my payment went up and so did my mortage rate as well.Im honestly contemplating doing a refinance with a different company just to get away from this company all together. Before Covid i made all my payments on time and never had any issues. I fell on some hard times and it is what it is. I would really like to see what my options are please. I really dont want to lose my house. I can make the XXXX, XXXX, and XXXX payments if needed but I just dont know why the papers are still being reviewed after all this time. Please help me with some options. Thanks and Have a good day.",,Mr. Cooper Group Inc.,MI,,,Consent provided,Web,2022-09-08,Closed with explanation,1,,5962692,2022,9,1,Mortgage
2024-10-18,Credit reporting or other personal consumer reports,Credit reporting,Incorrect information on your report,Account information incorrect,"Since XX/XX/XXXX, I have made repeated attemptsby phone, mail, and written responsesto resolve inaccurate information on my credit report with XXXX, XXXX, and Experian. Despite my efforts, they continue to report inaccurate details on several accounts. 

One account I have specifically disputed is with XXXX XXXX XXXX. XXXX, for instance, is not reporting any record of my last payment. For the information to be accurate, all aspects of the account must be fully and correctly reflected on my credit report. As of XXXX latest report on XX/XX/XXXX, there is still no update regarding my last payment. In this case, the account should either be updated with accurate information or removed entirely. 

Experian is similarly reporting inaccuracies on this same account, listing the last payment date as XX/XX/XXXX, with a last report date of XX/XX/XXXX. This information is inconsistent with both XXXX and XXXX. According to the Fair Credit Reporting Act ( FCRA ), credit reports must reflect 100 % accurate information. Incomplete or inconsistent reporting violates this standard. 

Additionally, there are other accounts on my credit reportsuch as those with XXXX, XXXX XXXX, and XXXX  XXXX  XXXX are also inaccurately reported across all three credit bureaus. I have contacted XXXX, XXXX, and Experian multiple times since XX/XX/XXXX to request thorough re-investigations into the accuracy of these accounts. Unfortunately, none of the bureaus have taken the appropriate steps to address these issues. 

These reporting inaccuracies are negatively impacting my financial well-being. The failure of all three credit bureaus to adequately investigate and correct these discrepancies is a direct violation of my legal rights under the FCRA. This negligence on their part not only undermines my financial standing but also demonstrates a broader pattern of disregard for consumers in similar situations. I demand immediate attention and correction of these inaccuracies.",Company has responded to the consumer and the CFPB and chooses not to provide a public response,Experian Information Solutions Inc.,TX,78245.0,,Consent provided,Web,2024-10-18,Closed with explanation,1,,10498191,2024,10,1,Credit reporting or other personal consumer reports
2025-03-12,Credit reporting or other personal consumer reports,Credit reporting,Problem with a company's investigation into an existing problem,Investigation took more than 30 days,,Company has responded to the consumer and the CFPB and chooses not to provide a public response,"TRANSUNION INTERMEDIATE HOLDINGS, INC.",TX,77354.0,,Consent not provided,Web,2025-03-12,Closed with non-monetary relief,1,,12450827,2025,3,0,Credit reporting or other personal consumer reports
2025-05-30,Credit reporting or other personal consumer reports,Credit reporting,Incorrect information on your report,Information belongs to someone else,,Company has responded to the consumer and the CFPB and chooses not to provide a public response,Experian Information Solutions Inc.,MA,2134.0,,Consent not provided,Web,2025-05-30,Closed with explanation,1,,13775196,2025,5,0,Credit reporting or other personal consumer reports
2026-01-16,Credit reporting or other personal consumer reports,Credit reporting,Incorrect information on your report,Account information incorrect,,Company has responded to the consumer and the CFPB and chooses not to provide a public response,"TRANSUNION INTERMEDIATE HOLDINGS, INC.",NC,27105.0,,Consent not provided,Web,2026-01-16,Closed with explanation,1,,18793113,2026,1,0,Credit reporting or other personal consumer reports
2026-01-02,Credit reporting or other personal consumer reports,Credit reporting,Improper use of your report,Reporting company used your report improperly,,Company has responded to the consumer and the CFPB and chooses not to provide a public response,"TRANSUNION INTERMEDIATE HOLDINGS, INC.",TX,77407.0,,,Web,2026-01-02,Closed with explanation,1,,18426444,2026,1,0,Credit reporting or other personal consumer reports
2026-02-14,Credit reporting or other personal consumer reports,Credit reporting,Problem with a company's investigation into an existing problem,Problem with personal statement of dispute,,,Experian Information Solutions Inc.,TX,78552.0,,,Web,2026-02-14,In progress,1,,19502508,2026,2,0,Credit reporting or other personal consumer reports
2025-04-24,Credit reporting or other personal consumer reports,Credit reporting,Incorrect information on your report,Information belongs to someone else,,Company has responded to the consumer and the CFPB and chooses not to provide a public response,Experian Information Solutions Inc.,LA,70346.0,,Consent not provided,Web,2025-04-24,Closed with explanation,1,,13160366,2025,4,0,Credit reporting or other personal consumer reports
2025-11-12,Credit reporting or other personal consumer reports,Credit reporting,Incorrect information on your report,Information belongs to someone else,I am not associated with these accounts and request their deletion within 15 days in compliance with the Fair Credit Reporting Act.,,"EQUIFAX, INC.",GA,,,Consent provided,Web,2025-11-12,Closed with explanation,1,,17200848,2025,11,1,Credit reporting or other personal consumer reports
2018-04-21,Debt collection,Other debt,False statements or representation,Attempted to collect wrong amount,"I have send certified letters to ATG regarding the alleged education debt on XX/XX/XXXX, certified letters to XXXX, XXXX and XXXX XXXX regarding the debt and have not received any resolution. 
I also sent a certified letter ( on XX/XX/XXXX ) requesting evidence and verification of the debt and ATG sent incomplete verification, debts in a different amount than what they are showing as a collection on my credit report and they are trying to collect funds from a VERY OLD DEBT from XX/XX/XXXX. This alleged debt that is incorrectly showing on my credit report is from XX/XX/XXXX ( 7 years ago ) so it is a very old debt as well. 

Please help me in getting this fixed with ATG.",Company believes it acted appropriately as authorized by contract or law,"ATG Credit, LLC",IL,,,Consent provided,Web,2018-04-21,Closed with explanation,1,,2882556,2018,4,1,Debt collection
2025-03-05,Credit reporting or other personal consumer reports,Credit reporting,Problem with a company's investigation into an existing problem,Their investigation did not fix an error on your report,"Due to a data breach, my personal information was compromised, resulting in unauthorized accounts and credit inquiries being added to my credit report without my knowledge or consent. These accounts and inquiries were not initiated by me but remain on my report, adversely affecting my credit profile. Despite my efforts to resolve these inaccuracies, they persist, raising significant concerns about the security of my personal information and the accuracy of my credit report.",Company has responded to the consumer and the CFPB and chooses not to provide a public response,Experian Information Solutions Inc.,NV,89121.0,,Consent provided,Web,2025-03-05,Closed with explanation,1,,12327619,2025,3,1,Credit reporting or other personal consumer reports
2025-09-04,Credit reporting or other personal consumer reports,Credit reporting,Incorrect information on your report,Information belongs to someone else,,Company has responded to the consumer and the CFPB and chooses not to provide a public response,"TRANSUNION INTERMEDIATE HOLDINGS, INC.",OH,43311.0,,Consent not provided,Web,2025-09-04,Closed with explanation,1,,15736221,2025,9,0,Credit reporting or other personal consumer reports
2018-01-23,"Payday loan, title loan, or personal loan",Title loan,Problem with the payoff process at the end of the loan,,"My husband XXXX XXXX XXXX XXXX 2017 after this happened I sent the appropriate documentation to the loan office which is OneMain Financial used to be called Springleaf Financial I was then told that my husband had credit life insurance and then it would cover the remaining balance of the loan and I would be mailed the titles to the vehicles. However when I asked XXXX the branch manager XXXX in XXXX office he said that he could not give me any documentation he was rude to me gave me the run-around and told me I need to get a court order to get documentation all I wanted was to handle my husband 's affairs I feel like they were unprofessional did not answer my questions I would like his account investigated and looked upon because I am doubting the accuracy of the numbers since this this loan was just modified XXXX and I 've been making numerous payments I 've been and I 'm wondering why I can not get his file nor get answers I want to look into and if needed I would like corrective action taken to anyone who has been doing unethical things on behalf of my XXXX husband and if I 'm owed money or it needs to go to an account for a trust that I want it I want to be notified. 
I believe that there is money due back to the benefactor which would be me next to XXXX please look into this matter of the utmost importance.",,"ONEMAIN FINANCIAL HOLDINGS, LLC.",IN,,Servicemember,Consent provided,Web,2018-01-23,Closed with explanation,1,,2790893,2018,1,1,Payday loan / title / personal
2018-06-04,Credit card or prepaid card,General-purpose credit card or charge card,"Other features, terms, or problems",Other problem,,,DISCOVER BANK,PA,15226.0,,Consent not provided,Web,2018-06-04,Closed with explanation,1,,2925307,2018,6,0,Credit card
2025-12-27,Credit reporting or other personal consumer reports,Credit reporting,Improper use of your report,Credit inquiries on your report that you don't recognize,,Company has responded to the consumer and the CFPB and chooses not to provide a public response,Experian Information Solutions Inc.,WA,99362.0,,,Web,2025-12-27,Closed with explanation,1,,18311188,2025,12,0,Credit reporting or other personal consumer reports
2022-09-14,"Credit reporting, credit repair services, or other personal consumer reports",Credit reporting,Problem with a credit reporting company's investigation into an existing problem,Their investigation did not fix an error on your report,,,"EQUIFAX, INC.",CA,92113.0,,Consent not provided,Web,2022-09-14,Closed with explanation,1,,5980200,2022,9,0,Credit reporting / repair
2024-03-10,Credit reporting or other personal consumer reports,Credit reporting,Improper use of your report,Reporting company used your report improperly,,Company has responded to the consumer and the CFPB and chooses not to provide a public response,"TRANSUNION INTERMEDIATE HOLDINGS, INC.",TX,78247.0,,Consent not provided,Web,2024-03-10,Closed with non-monetary relief,1,,8514534,2024,3,0,Credit reporting or other personal consumer reports
2025-10-28,Credit reporting or other personal consumer reports,Credit reporting,Incorrect information on your report,Information belongs to someone else,,,"EQUIFAX, INC.",SC,29115.0,,Consent not provided,Web,2025-10-28,Closed with non-monetary relief,1,,16869687,2025,10,0,Credit reporting or other personal consumer reports
2018-07-13,Debt collection,Other debt,Written notification about debt,Didn't receive enough information to verify debt,,Company can't verify or dispute the facts in the complaint,"CCS Financial Services, Inc.",CA,93274.0,,Consent not provided,Web,2018-07-13,Closed with explanation,1,,2961577,2018,7,0,Debt collection
2017-01-25,Credit reporting,,Incorrect information on credit report,Account status,,,CAPITAL ONE FINANCIAL CORPORATION,OK,73857.0,,Consent not provided,Web,2017-02-01,Closed with explanation,1,0.0,2309775,2017,1,0,Credit reporting / repair
2019-09-10,"Credit reporting, credit repair services, or other personal consumer reports",Other personal consumer report,Improper use of your report,Reporting company used your report improperly,I made a discovery of a Bankruptcy case in XXXX Tennessee District Court of XXXX Tennessee that I had was exploited with a company name XXXX XXXX : Co Founder & CEO XXXX XXXX and Co Founder & CMO XXXX XXXX. I filed a bankruptcy case in XX/XX/2017 with a law firm in XXXX Tennessee : XXXX XXXX XXXX XXXX : filing Attorney XXXX XXXX XXXX. I never given any individual or Attorney the consent or permission to submitted and display and of my case private information publicly on the world wide international website through the above listed company. I an requesting a through and complete investigation on the individual whom submitted and posted the information and would like to follow through with a civil law suit in the matter of private personal information exploitation : This action committed personal and business slander to my financial worth and ability to function with livelihood and personal self employment business.,Company has responded to the consumer and the CFPB and chooses not to provide a public response,Experian Information Solutions Inc.,TN,38116.0,,Consent provided,Web,2019-09-10,Closed with explanation,1,,3370045,2019,9,1,Credit reporting / repair
2019-01-31,"Credit reporting, credit repair services, or other personal consumer reports",Credit reporting,Incorrect information on your report,Information belongs to someone else,"I have been the victim of identity theft accounts were opened in my name fraudulently. 

- My current address ( copy of lease attached ) as of XX/XX/XXXX is : XXXX XXXX  XXXX XXXX XXXX, FL XXXX - Previous Address 6 months prior : XXXX XXXX XXXX XXXX XXXX, FL XXXX - Previous Address for two years prior : XXXX XXXX XXXX XXXX XXXX, FL XXXX I previously submitted a paper affidavit that was notarized and now I am including the official FTC Identity Theft Report filed with the report number. The following accounts are fraudulent and not mine. 

I have been the victim of identity theft the accounts were opened in my name and not done by me : 1 )  XXXX  Acct # XXXX 2 ) XXXX XXXX Acct # XXXX 3 ) XXXX Acct # XXXX 4 ) XXXX Acct # XXXX 5 ) XXXX Acct # XXXX 6 ) XXXX XXXX Acct # XXXX 7 ) XXXX Acct # XXXX 8 ) XXXX XXXX  Acct # XXXX 9 ) XXXX XXXX Acct # XXXX 10 ) XXXX    XXXX XXXX Acct # XXXX Please remove the following fraudulent inquiries not made by me : XXXX XXXX I XX/XX/XXXX XXXX  XX/XX/XXXX XXXX XXXX XXXX XX/XX/XXXX XXXX XXXX   XX/XX/XXXX XXXX  XXXX  XX/XX/XXXX XXXX XXXX  XXXX XX/XX/XXXX XXXX XXXX XXXX XX/XX/XXXX XXXX XX/XX/XXXX XXXX XX/XX/XXXX XXXX XXXX  XX/XX/XXXX XXXX XXXX I XX/XX/XXXX XXXX XX/XX/XXXX XXXX XXXX XXXX XX/XX/XXXX XXXX XXXX  XX/XX/XXXX XXXX XXXX XX/XX/XXXX XXXX XXXX XXXX XX/XX/XXXX XXXX XXXX XXXX XX/XX/XXXX XXXX XX/XX/XXXX XXXX XX/XX/XXXX XXXX XXXX XX/XX/XXXX XXXX XXXX XX/XX/XXXX XXXX XXXX XXXX XX/XX/XXXX XXXX  XX/XX/XXXX XXXX   XXXX  XX/XX/XXXX XXXX XX/XX/XXXX XXXX  XX/XX/XXXX",Company has responded to the consumer and the CFPB and chooses not to provide a public response,Experian Information Solutions Inc.,FL,32828.0,,Consent provided,Web,2019-01-31,Closed with non-monetary relief,1,,3139440,2019,1,1,Credit reporting / repair
2024-12-09,Vehicle loan or lease,Loan,Struggling to pay your loan,Denied request to lower payments,"Loan Overview : - Date Financed : XX/XX/XXXX - Loan Amount Financed : {$36000.00} - APR : 24 % - Loan Term : 73 months - Monthly Payment : {$970.00} - Payoff Amount Quoted ( XXXX XXXX ) : {$36000.00} - Total Paid to Date ( 21 months ) : {$18000.00} - Current Principal Balance : {$34000.00} - Fees & Charges : {$1400.00} - Vehicle : XXXX XXXX XXXX, XXXX miles - Estimated Vehicle Value ( XXXX ) : {$24000.00} {$28000.00} I am filing this complaint against American Credit Acceptance ( ACA ) as a co-signer on the above-mentioned auto loan. While I have not been contacted directly by ACA, I am legally responsible for this debt, and I have experienced direct financial harm due to ACAs predatory lending practices, unjustified fees, and refusal to provide transparency about the payments made on this account. I have witnessed how ACAs actions have caused my credit to be negatively impacted and how their excessive loan balance has prevented me from helping the primary borrower refinance the loan through reputable lenders. 

This loan has become a financial and emotional burden. I co-signed this loan to support the primary borrower, but I now see that ACA 's structure was never intended to help borrowers succeed. Despite making over {$18000.00} in payments over 21 months, only {$2400.00} has been applied to reduce the principal. Meanwhile, ACA claims that the payoff balance is {$36000.00}, which is almost identical to the original loan balance of {$36000.00}. This discrepancy makes no logical sense after nearly 2 years of payments. 

Worse, attempts to refinance the loan through major lenders like XXXX XXXX XXXX XXXX XXXX XXXX XXXX XXXX XXXX and XXXX have all been denied. Each lender cited that the payoff amount is far higher than the actual value of the car, making it impossible to refinance. This leaves me financially trapped as a co-signer because I am legally responsible for a debt that can not be paid off, can not be refinanced, and continues to grow through fees and interest. This is the definition of predatory lending. 

1. Minimal Principal Reduction Despite Substantial Payments I am responsible for this loan, but I have no control over how ACA allocates payments. Despite {$18000.00} in payments made, the principal has only been reduced by {$2400.00}, while over {$16000.00} has gone to interest, fees, and penalties. This is a clear misapplication of payments and does not align with basic principles of simple interest loans.

According to ACA, this is a simple interest loan, which means payments should be applied to interest and principal according to the terms of the contract. However, the vast majority of payments are being directed toward fees and interest, and ACA refuses to provide an itemized breakdown. I have been left in the dark about how payments are being applied, and despite repeated requests from the primary borrower, ACA has never provided a clear payment history. 

As a co-signer, I have the right to see how payments are being handled and how fees are being applied. If I am legally responsible for this loan, I have the right to know how payments are being allocated. 

2. Excessive and Unjustified Fees The most recent payoff statement from ACA shows a total of {$1400.00} in fees and charges, but I have never received an explanation for these fees. The primary borrower requested an itemized breakdown, but ACA did not provide one. These fees seem to grow over time, and there is no clear logic as to how they were calculated. 

If I am being held responsible for fees as a co-signer, I deserve to know how they were calculated, whether they are legitimate, and how they are being applied. I believe these fees are excessive and designed to inflate the balance to keep the loan in a negative-equity position. I believe this practice is illegal, deceptive, and violates fair lending principles. 

3. Grossly Inflated Payoff Balance ( 150160 % Loan-to-Value ) The payoff balance is {$36000.00}, which is almost identical to the original loan amount of {$36000.00}, even though over {$18000.00} has already been paid. At the same time, the vehicle 's current value ( based on XXXX XXXX XXXX ) is only {$24000.00} to {$28000.00}. This leaves a Loan-to-Value ( LTV ) ratio of 150160 %, far beyond industry standards for reasonable loans. 

Because of this inflated LTV, I have been unable to help the primary borrower refinance this loan through other lenders. We submitted refinancing applications to XXXX XXXX XXXX XXXX XXXX XXXX XXXX XXXX XXXX XXXX XXXX, but each lender denied the application. The reason for denial was the same each time : the loan balance is too far above the value of the car. This is a clear sign that ACA 's lending practices are not consistent with fair lending principles. 

4. Predatory Lending and Debt Trap As a co-signer, I was led to believe that I was signing up for a fair and manageable loan. But after nearly 2 years, I have seen how ACAs predatory lending structure is designed to trap borrowers in debt they can not escape. 

Heres why I believe ACAs practices are predatory : - Payments are disproportionately allocated to fees and interest, with only 13 % applied to principal.

- The LTV ratio is inflated so high ( 150160 % ) that it prevents borrowers from refinancing. 
- The fees are excessive, unexplained, and appear to be used to maintain the balance, even as payments are made. 
- ACA refuses to provide transparency or full payment breakdowns. 

The result is that I am financially trapped in a loan that I can not refinance, can not resolve, and can not pay off. This is not just financially burdensome it is emotionally exhausting. 

If ACA fails to resolve this matter, I am prepared to escalate my complaint to the state attorney general. I have been financially harmed as a co-signer and left with no way to refinance or settle the loan. I believe ACA has engaged in predatory lending practices, which violate fair lending principles. 

I agreed to co-sign this loan in good faith, but I have now seen how ACA traps borrowers in debt they can not escape. I have experienced credit score damage because the balance never seems to go down, and Ive had to endure the stress of being legally responsible for a debt I can not control. I ask that the CFPB hold ACA accountable for its unfair practices and demand transparency, fairness, and equity.",,"American Credit Acceptance, LLC",PA,19083.0,,Consent provided,Web,2024-12-09,Closed with explanation,1,,11090364,2024,12,1,Vehicle loan / lease
2022-04-10,Credit card or prepaid card,Store credit card,Fees or interest,Problem with fees,"XXXX XXXX Genesis FS Card Service is all of a sudden charging a way higher monthly charge when my balance is actually less than it's been in a year. 
I have a {$1500.00} Credit limit. I currently carry a balance of {$810.00} and they are charging me a monthly charge of {$90.00}. I called them on XX/XX/XXXX @ XXXX and disputed the charge. They couldn't explain why the sudden increase and said they would have someone call me regarding the dispute. That never happened. The fact is that in the past my balance/ monthly charge have been the following.. 
XX/XX/XXXX {$870.00} {$72.00} monthly charge XX/XX/XXXX {$950.00} {$73.00} XXXX/XXXX {$930.00} {$47.00} XX/XX/XXXX {$970.00} {$49.00} XX/XX/XXXX {$1000.00} {$53.00} XX/XX/XXXX {$1100.00} {$55.00} XX/XX/XXXX {$1100.00} {$59.00} XX/XX/XXXX {$1200.00} {$64.00} XX/XX/XXXX {$1200.00} {$63.00} XX/XX/XXXX {$1300.00} {$66.00} XX/XX/XXXX {$1300.00} {$69.00} XX/XX/XXXX {$1400.00} {$70.00} This is the last statement available on line. 

But as you can see, I've carried higher balances and my monthly has adjusted accordingly. But when I asked them to explain how they came upon charging me {$90.00} they said it was due to the purchase I made back in XX/XX/XXXX. Funny, because my statement with my charges from XXXX were posted on my bill due on XX/XX/XXXX, since the statement closing date is XX/XX/XXXX. In the month of XX/XX/XXXX I also paid down my card making a total of {$880.00} and the new purchases were in the amount of {$190.00} and {$690.00} ( which has a promotional 0 % until XX/XX/XXXX ). 
Are they trying to penalize me for paying down my card?? I paid off 90 % of my previous balance before the closing of XXXX and all of a sudden starting XX/XX/XXXX my monthly charge sky rocketed. 
Like I said, I called them was on the phone for XXXX minutes and they couldn't give me an explanation of why they were now charging me {$90.00}, they said someone would call me back since I was disputing the charges and no one did. I didn't pay the {$90.00} due on XXXX ( also now I'm not allowed to pay my bill early, it can only be on the due date ) so they are now charging me {$180.00}?????? They are very unprofessional and it's evident the staff is not well trained and management does not care about resolving a customers issue with billing. Since closing my card is not an option because it would hurt my credit, I come to you to help me resolve this. 
Thank you, XXXX XXXX XXXX XXXX",,"CLGF Holdco 1, LLC",TX,,,Consent provided,Web,2022-04-10,Closed with explanation,0,,5429553,2022,4,1,Credit card
2025-12-18,Credit reporting or other personal consumer reports,Credit reporting,Improper use of your report,Credit inquiries on your report that you don't recognize,,Company has responded to the consumer and the CFPB and chooses not to provide a public response,"TRANSUNION INTERMEDIATE HOLDINGS, INC.",MI,48091.0,,Consent not provided,Web,2025-12-18,Closed with non-monetary relief,1,,18130952,2025,12,0,Credit reporting or other personal consumer reports
2024-10-18,Credit reporting or other personal consumer reports,Credit reporting,Incorrect information on your report,Information belongs to someone else,,Company has responded to the consumer and the CFPB and chooses not to provide a public response,"TRANSUNION INTERMEDIATE HOLDINGS, INC.",FL,33755.0,,Consent not provided,Web,2024-10-18,Closed with non-monetary relief,1,,10501348,2024,10,0,Credit reporting or other personal consumer reports
2024-09-14,Credit reporting or other personal consumer reports,Credit reporting,Improper use of your report,Credit inquiries on your report that you don't recognize,,Company has responded to the consumer and the CFPB and chooses not to provide a public response,Experian Information Solutions Inc.,GA,30809.0,Servicemember,Consent not provided,Web,2024-09-14,Closed with explanation,1,,10122856,2024,9,0,Credit reporting or other personal consumer reports
2022-03-04,"Credit reporting, credit repair services, or other personal consumer reports",Credit reporting,Incorrect information on your report,Information belongs to someone else,,Company has responded to the consumer and the CFPB and chooses not to provide a public response,"TRANSUNION INTERMEDIATE HOLDINGS, INC.",TX,77523.0,,Other,Web,2022-03-04,Closed with explanation,1,,5285834,2022,3,0,Credit reporting / repair
2025-02-04,Credit reporting or other personal consumer reports,Credit reporting,Incorrect information on your report,Information belongs to someone else,,Company has responded to the consumer and the CFPB and chooses not to provide a public response,Experian Information Solutions Inc.,LA,70714.0,,Consent not provided,Web,2025-02-04,Closed with explanation,1,,11924562,2025,2,0,Credit reporting or other personal consumer reports
2026-03-18,Credit reporting or other personal consumer reports,Credit reporting,Improper use of your report,Reporting company used your report improperly,,,Experian Information Solutions Inc.,MS,39401.0,,,Web,2026-03-18,In progress,1,,20390365,2026,3,0,Credit reporting or other personal consumer reports
2023-05-08,"Credit reporting, credit repair services, or other personal consumer reports",Credit reporting,Incorrect information on your report,Old information reappears or never goes away,"I have 3 accounts that have should have aged of my credit report : MILITARY STAR XXXX XXXX XXXX XXXX, TX XXXX USA This should have aged off of my report and also shows payment history when I was not actively paying that account. 

XXXX XXXX XXXX XXXX XXXX XXXX XXXX XXXX XXXX, VA XXXX USA I have two accounts that should have aged off my report. Before settled, these accounts were purposely kept active and open in order to accumulate multiple 180 day late payments.",Company has responded to the consumer and the CFPB and chooses not to provide a public response,Army and Air Force Exchange Service,GA,30519.0,Servicemember,Consent provided,Web,2023-05-08,Closed with explanation,1,,6949155,2023,5,1,Credit reporting / repair
2019-03-28,"Credit reporting, credit repair services, or other personal consumer reports",Credit reporting,Incorrect information on your report,Information belongs to someone else,,Company has responded to the consumer and the CFPB and chooses not to provide a public response,Experian Information Solutions Inc.,MO,63130.0,,Consent not provided,Web,2019-04-03,Closed with non-monetary relief,1,,3194522,2019,3,0,Credit reporting / repair
2023-01-09,"Credit reporting, credit repair services, or other personal consumer reports",Credit reporting,Problem with a credit reporting company's investigation into an existing problem,Their investigation did not fix an error on your report,"Upon rechecking my credit report I've noticed the same errors are still on there despite the violations I provided. This is my last time bringing this to your attention before I file for litigation. You are damaging my reputation, and defaming my character by reporting Information that goes against my rights, and the laws of congress. You are sending pre-written generated letters that are not solving the issue, for instance, pursuant to 15 U.S.C 1681a ( 2 ), any report containing a transaction or experience is to be excluded from a consumer report. All the accounts I've shown were the case. So by now your willfully ignoring this law which is adverse to me and is grounds for actual damages. I'm demanding you remove it immediately and I will use this complaint as an exhibit if you choose to ignore or misdirect my complaint.",Company has responded to the consumer and the CFPB and chooses not to provide a public response,"TRANSUNION INTERMEDIATE HOLDINGS, INC.",AL,36575.0,,Consent provided,Web,2023-01-09,Closed with non-monetary relief,1,,6416233,2023,1,1,Credit reporting / repair
2025-03-21,Credit reporting or other personal consumer reports,Credit reporting,Incorrect information on your report,Information belongs to someone else,,,"EQUIFAX, INC.",TX,75104.0,,Consent not provided,Web,2025-03-21,Closed with non-monetary relief,1,,12600805,2025,3,0,Credit reporting or other personal consumer reports
2024-12-14,Credit reporting or other personal consumer reports,Credit reporting,Unable to get your credit report or credit score,Other problem getting your report or credit score,,,"EQUIFAX, INC.",NV,89436.0,,Consent not provided,Web,2024-12-14,Closed with explanation,1,,11158414,2024,12,0,Credit reporting or other personal consumer reports
2024-09-13,Credit card,General-purpose credit card or charge card,Getting a credit card,Application denied,"Discover Card repeatedly denied credit card applications without valid justification as to why they did so. Furthermore, the pre-qualifying application page no longer works- most likely due to the webmaster of the credit card company deliberately removing the application page to prevent the application being processed again. Have sent in numerous requests and almost all the applications were denied.",,DISCOVER BANK,NY,11375.0,,Consent provided,Web,2024-09-13,Closed with explanation,1,,10113822,2024,9,1,Credit card
2025-09-02,Credit reporting or other personal consumer reports,Credit reporting,Incorrect information on your report,Information belongs to someone else,,,"EQUIFAX, INC.",SC,29145.0,,Consent not provided,Web,2025-09-02,Closed with explanation,1,,15661087,2025,9,0,Credit reporting or other personal consumer reports
2025-01-23,Credit reporting or other personal consumer reports,Credit reporting,Incorrect information on your report,Information belongs to someone else,,Company has responded to the consumer and the CFPB and chooses not to provide a public response,Experian Information Solutions Inc.,IL,62526.0,,,Web,2025-01-23,Closed with explanation,1,,11771455,2025,1,0,Credit reporting or other personal consumer reports
2022-11-24,"Credit reporting, credit repair services, or other personal consumer reports",Credit reporting,Problem with a credit reporting company's investigation into an existing problem,Their investigation did not fix an error on your report,"When I reviewed my credit report, I discovered that some of the information was erroneous. The XXXX credit bureaus must validate these items in line with Sections 609 ( a ) ( 1 ) ( A ) and 611 ( a ) ( 1 ) ( A ). It is not authorized to fail to validate these reporting items as unverified information without providing any proof within the period allowed by law. The following items that need to be investigated and corrected from erroneous reporting in my file are listed on my credit report. 
XXXX XXXX XXXX XXXX XXXX XXXX XXXX XXXX XXXX XXXX XXXX XXXX XXXX XX/XX/2022 XXXXXXXX XXXX XXXX XXXXXX/XX/2022",Company has responded to the consumer and the CFPB and chooses not to provide a public response,"TRANSUNION INTERMEDIATE HOLDINGS, INC.",NJ,7094.0,,Consent provided,Web,2022-11-24,Closed with non-monetary relief,1,,6240068,2022,11,1,Credit reporting / repair
2017-05-23,Debt collection,Other debt,Took or threatened to take negative or legal action,Collected or attempted to collect exempt funds,"XXXX   XXXX ,  2016 {$34 .00} I talked with  XXXX  and said I could pay what they offered. Though, when I had more money to pay the account for full. "" They did not fill in the remarks on the the credit bureaues, credit reporting agency 's ''. I said, I can pay for the full amount. They said no what was agreed you can pay for. During the conversation, I suggested to pay more. And initiated the clear communication I can pay for the full amount of  XXXX   XXXX  dollars. Then, she said no. Only the amount, you were talking with  XXXX  about. They were damaging my  credit score.",Company has responded to the consumer and the CFPB and chooses not to provide a public response,"Allied Collection Services, Inc. (Nevada)",NV,89104.0,,Consent provided,Web,2017-05-23,Closed with explanation,1,,2491858,2017,5,1,Debt collection
2025-09-18,Credit card,General-purpose credit card or charge card,Credit monitoring or identity theft protection services,Billing dispute for services,I received 2 statements with account numbers ending in XXXX and XXXX. I never opened accounts or received credit cards with those ending numbers. My VISA Citi cards were XXXX and the two account numbers in question were some other type of name. It is possible that Citi might have been issuing new cards to me and they were stolen and someone else used the cards. I never received the cards that have these ending numbers.,Company has responded to the consumer and the CFPB and chooses not to provide a public response,"CITIBANK, N.A.",CA,,Older American,Consent provided,Web,2025-09-18,Closed with explanation,1,,16021402,2025,9,1,Credit card
2025-01-16,Checking or savings account,Checking account,Problem caused by your funds being low,Overdrafts and overdraft fees,"I am writing to file a complaint against Navy Federal Credit Union regarding multiple overdraft fees I have incurred. Despite having sufficient funds when transactions were authorized, I was charged fees due to lagged posting of charges and credits. This issue aligns with the recent CFPB findings against Navy Federal for similar practices, where transactions settled with insufficient balances despite initially available funds. I believe these practices are unfair and request an investigation into my account transactions.",Company believes it acted appropriately as authorized by contract or law,NAVY FEDERAL CREDIT UNION,NC,,Servicemember,Consent provided,Web,2025-01-16,Closed with explanation,1,,11534980,2025,1,1,Bank account / service
2026-01-03,Credit reporting or other personal consumer reports,Credit reporting,Problem with a company's investigation into an existing problem,Difficulty submitting a dispute or getting information about a dispute over the phone,,Company has responded to the consumer and the CFPB and chooses not to provide a public response,"TRANSUNION INTERMEDIATE HOLDINGS, INC.",OH,45219.0,,Consent not provided,Web,2026-01-03,Closed with non-monetary relief,1,,18440488,2026,1,0,Credit reporting or other personal consumer reports
2025-09-18,Credit reporting or other personal consumer reports,Credit reporting,Incorrect information on your report,Information belongs to someone else,,Company has responded to the consumer and the CFPB and chooses not to provide a public response,WELLS FARGO & COMPANY,TX,75075.0,,,Web,2025-09-18,Closed with explanation,1,,16029981,2025,9,0,Credit reporting or other personal consumer reports
2013-10-29,Consumer Loan,Vehicle loan,Problems when you are unable to pay,,,,JPMORGAN CHASE & CO.,IA,52240.0,,,Phone,2013-10-30,Closed with explanation,1,1.0,576044,2013,10,0,Consumer Loan
2021-10-29,"Credit reporting, credit repair services, or other personal consumer reports",Credit reporting,Problem with a credit reporting company's investigation into an existing problem,Their investigation did not fix an error on your report,I have sent multiple requests to have the negative items removed from my credit report. As of today I havent received a proper resolution and negative items are still showing. This situation has been impacting my finances in a negative way.,,"EQUIFAX, INC.",UT,,,Consent provided,Web,2021-10-29,Closed with explanation,1,,4858357,2021,10,1,Credit reporting / repair
2024-05-30,Credit reporting or other personal consumer reports,Credit reporting,Incorrect information on your report,Information belongs to someone else,"Recently, I did an investigation on my credit report which caused severe XXXX upon me and found unverifiable, invalidated, inaccurate, and questionable items that your agency didn't make sure it was reporting 100 % correct. 

In accordance with the Fair Credit Reporting Act, everything has to be 100 % accurate on my credit report and Under 15 U.S. Code 1681e ( b ) and 15 U.S. Code 1681i ( 5 ) these accounts are in violation of not reporting 100 % accurate.",,"EQUIFAX, INC.",TX,78109.0,,Consent provided,Web,2024-05-30,Closed with non-monetary relief,1,,9137129,2024,5,1,Credit reporting or other personal consumer reports
2025-01-16,Debt collection,Credit card debt,Written notification about debt,Didn't receive enough information to verify debt,,,"Portfolio Recovery Associates, LLC",GA,30316.0,,Consent not provided,Web,2025-01-16,Closed with explanation,1,,11579657,2025,1,0,Debt collection
2023-07-21,Debt collection,I do not know,Attempts to collect debt not owed,Debt is not yours,"LVNV Funding LLC placed my account with Resurgent capital services ( collection agency ) on XX/XX/2023 and {$770.00} must be paid. I never had an account with LVNV. 
I attempted to call Resurgent Capital Services, but nobody answered the phone. 
Resurgent Capital Srvc XXXX XXXX XXXX XXXX, SC XXXX XXXX",,Resurgent Capital Services L.P.,CA,95616.0,,Consent provided,Web,2023-08-28,Closed with explanation,1,,7286179,2023,7,1,Debt collection
2026-01-01,Credit reporting or other personal consumer reports,Credit reporting,Incorrect information on your report,Information belongs to someone else,,Company has responded to the consumer and the CFPB and chooses not to provide a public response,"TRANSUNION INTERMEDIATE HOLDINGS, INC.",IL,60042.0,,Consent not provided,Web,2026-01-01,Closed with explanation,1,,18404873,2026,1,0,Credit reporting or other personal consumer reports
2025-02-19,Credit reporting or other personal consumer reports,Credit reporting,Improper use of your report,Reporting company used your report improperly,"I HAVE BEEN AFFECTED BY THE EQUIFAX DATA BREACH. PER 15 USC 1681 C-2 STATES EXCEPT AS OTHERWISE PROVIDED IN THIS SECTION A CONSUMER REPORTING AGENCY SHALL BLOCK THE REPORTING OF ANY INFORMATION IN THE FILE OF A CONSUMER THAT THE CONSUMER IDENTIFIES AS INFORMATION THAT RESULTED FROM AN ALLEGED IDENTITY THEFT. 

Account Name : XXXXXXXX XXXX XXXXXXXX # XXXX - DATE OPENED XX/XX/XXXX Account Name : XXXXXXXX XXXX # XXXX - DATE OPENED XX/XX/XXXX Account Name : XXXX XXXX XXXX XXXXXXXX - DATE OPENED XX/XX/XXXX Account Name : XXXX XXXX # XXXX - DATE OPENED XX/XX/XXXX Account Name : XXXX # XXXX - DATE OPENED XX/XX/XXXX UNAUTHORIZED INQUIRIES : XXXX XX/XX/XXXX XXXX XX/XX/XXXX XXXX XXXX XXXX XX/XX/XXXX XXXX XXXX XXXX XX/XX/XXXX XXXX XX/XX/XXXX XXXX XXXX XXXX XX/XX/XXXX",,"EQUIFAX, INC.",MI,48326.0,,Consent provided,Web,2025-02-25,Closed with explanation,1,,12127211,2025,2,1,Credit reporting or other personal consumer reports
2020-09-02,"Credit reporting, credit repair services, or other personal consumer reports",Credit reporting,Incorrect information on your report,Information belongs to someone else,,Company has responded to the consumer and the CFPB and chooses not to provide a public response,Experian Information Solutions Inc.,IN,47807.0,,Consent not provided,Web,2020-09-02,Closed with explanation,1,,3826149,2020,9,0,Credit reporting / repair
2025-01-03,Vehicle loan or lease,Loan,Managing the loan or lease,Problem with fees charged,"in XXXX i i purchased a vehicle from lXXXX XXXX XXXX XXXX XXXX XXXX XXXXXXXX and was sent to lendmark to finance XXXX because i put down over XXXX dollars at the time of this finance i was never given a copy of my credit report nothing was ever gone over upon execution of this loan it was like i trusted that agency but didnt realize that lendmark would be deceptive in there loan practices anyway they charged me on that loan XXXX too much and remember i only wanted to borrow XXXX with the price at XXXX XXXX because of add ons that is illegal to do to a consumer for a auto loan. i addressed this issue and it took them a long time to say its no longer on my loan contract that is not believable they should of rewritten the contrac that XXXX cents is a big difference in price also the interest rate was 26.72 % so a year later whuch is in XXXX of XXXX i borrowed XXXX on a personal loan by that time i paid XXXX on the first loan after getting the paperwork it is now a refinace when it was oringinally a personal loan so lendmark takes the total of what i paid on the firdt loan and adds it to the new loan of XXXX making the amount higher interest rate went from XXXX & to 35.99 % and they should have used the balance of XXXX that the remainder of the first loan so now its a higer amount and again they are predatory lenders and i have tried to address these issue with this co so many times no change matter they always give you some kind of excuse and i have done so homework they have had over XXXX complaints about there loan practices in the last three years thru the XXXX  also i have requested a copy of the sales contract from lendmark they said they dont have a copy, this is my 3rd complaint about lendmark financial this issue needs to be addressed asap there dealings are a violation of the tila act and they are not going to stop doing what they do until another agency does a complete audit of buisness they are robbing folk s and im one of them i plan on taking them to small claims court because if they were honest then they would have completed the error that s how again i know that it was an intentional act that wasnt a mistake they need they license revoked also alot of those customers dont realize that there getting ripped off well it took me a minute to research the truth about what a lender can and can not do and they violated, no credit report was ever in my veiw the apr is sky high i have not been late on my payments also they wont give me a copy of my purchase agreement that they say they dont have and the calulation should have been XXXX $ not XXXX $ so that XXXX XXXX plus XXXX that im being jipped plus i have paid my car note with my debit card never a check and noticed that they have nsf fees of XXXX $ on my payment history i never write a check.i wont take up to much, more of your time i already have my packet for court im not gon na be there victim im a stand up and proceed to court i just hope that you will look into it, thank you l",,Lendmark Financial Services,CA,92111.0,Servicemember,Consent provided,Web,2025-01-07,Closed with explanation,1,,11365993,2025,1,1,Vehicle loan / lease
2025-05-28,Credit reporting or other personal consumer reports,Credit reporting,Incorrect information on your report,Account information incorrect,,Company has responded to the consumer and the CFPB and chooses not to provide a public response,"TRANSUNION INTERMEDIATE HOLDINGS, INC.",FL,32505.0,,Consent not provided,Web,2025-05-28,Closed with non-monetary relief,1,,13770651,2025,5,0,Credit reporting or other personal consumer reports
2024-12-04,Credit reporting or other personal consumer reports,Credit reporting,Incorrect information on your report,Information belongs to someone else,My credit reports are inaccurate. These inaccuracies are causing creditors to deny me credit. You have the duty to report accurate information about consumers. Please investigate these accounts and inquires and update these accounts accordingly to avoid future litigation.,Company has responded to the consumer and the CFPB and chooses not to provide a public response,Experian Information Solutions Inc.,WA,98133.0,,Consent provided,Web,2024-12-04,Closed with explanation,1,,11031778,2024,12,1,Credit reporting or other personal consumer reports
2026-03-21,Credit reporting or other personal consumer reports,Credit reporting,Improper use of your report,Reporting company used your report improperly,,,"TRANSUNION INTERMEDIATE HOLDINGS, INC.",FL,32701.0,,,Web,2026-03-21,In progress,1,,20479422,2026,3,0,Credit reporting or other personal consumer reports
2015-12-09,Money transfers,Domestic (US) money transfer,Money was not available when promised,,"I bought a ticket to an event at the XXXX XXXX festival that happened in XXXX NY in XXXX XXXX, 2015. Here is the event description XXXX I found out I was not going to be able to attend the event and I identified a woman ( friend of my father ) in NY who was interested in purchasing my ticket. We agreed on a price of {$45.00}, and that she would pay me via paypal. I sent her the ticket ( address in NY ) once I saw that she had submitted the money transfer. However in the subject line of the payment, she said, payment for ticket to XXXX, XXXX ( name of the event ) and now paypal is holding the money pending an XXXX investigation?? She has provided the website for the event and explanation that the transaction has no involvement with anyone in XXXX or any good coming from XXXX. This would seem to be a mistake that could easily be cleared up, but the payment was submitted on XXXX XXXX, 2015 and paypal still has n't released the payment to me. They will not give me a timeline for when the investigation will be complete or if they can simply not process the transaction and return the money to the sender. I do n't believe they should be able to hold my money indefinitely. This guilty by 'word association ' is bordering on ridiculous.",,"Paypal Holdings, Inc",MA,1760.0,,Consent provided,Web,2015-12-09,Closed with monetary relief,1,0.0,1689833,2015,12,1,Money transfer / service
2025-09-23,Credit reporting or other personal consumer reports,Credit reporting,Incorrect information on your report,Information belongs to someone else,,,"EQUIFAX, INC.",FL,33024.0,,Consent not provided,Web,2025-09-23,Closed with non-monetary relief,1,,16125417,2025,9,0,Credit reporting or other personal consumer reports
2024-09-26,Credit reporting or other personal consumer reports,Credit reporting,Incorrect information on your report,Information belongs to someone else,,Company has responded to the consumer and the CFPB and chooses not to provide a public response,"TRANSUNION INTERMEDIATE HOLDINGS, INC.",CA,92071.0,,Consent not provided,Web,2024-09-26,Closed with non-monetary relief,1,,10253638,2024,9,0,Credit reporting or other personal consumer reports
2024-04-03,Credit reporting or other personal consumer reports,Credit reporting,Problem with a company's investigation into an existing problem,Their investigation did not fix an error on your report,,Company has responded to the consumer and the CFPB and chooses not to provide a public response,"TRANSUNION INTERMEDIATE HOLDINGS, INC.",MO,63138.0,,Consent not provided,Web,2024-04-03,Closed with non-monetary relief,1,,8684906,2024,4,0,Credit reporting or other personal consumer reports
2021-11-04,"Credit reporting, credit repair services, or other personal consumer reports",Credit reporting,Improper use of your report,Credit inquiries on your report that you don't recognize,,,"EQUIFAX, INC.",LA,70592.0,,Consent not provided,Web,2021-11-04,Closed with explanation,1,,4877044,2021,11,0,Credit reporting / repair
2023-03-21,"Credit reporting, credit repair services, or other personal consumer reports",Credit reporting,Incorrect information on your report,Information belongs to someone else,,Company has responded to the consumer and the CFPB and chooses not to provide a public response,"TRANSUNION INTERMEDIATE HOLDINGS, INC.",OK,74134.0,,Consent not provided,Web,2023-03-21,Closed with non-monetary relief,1,,6729337,2023,3,0,Credit reporting / repair
2017-09-21,Debt collection,Medical debt,Communication tactics,"You told them to stop contacting you, but they keep trying",,,"CMRE Financial Services, Inc.",CA,92688.0,,Consent not provided,Web,2017-09-21,Closed with explanation,1,,2680943,2017,9,0,Debt collection
2025-01-12,Credit reporting or other personal consumer reports,Credit reporting,Incorrect information on your report,Information belongs to someone else,,Company has responded to the consumer and the CFPB and chooses not to provide a public response,Experian Information Solutions Inc.,AL,35613.0,,Consent not provided,Web,2025-01-12,Closed with explanation,1,,11488726,2025,1,0,Credit reporting or other personal consumer reports
2026-02-27,Credit reporting or other personal consumer reports,Credit reporting,Improper use of your report,Credit inquiries on your report that you don't recognize,,,"EQUIFAX, INC.",MI,48197.0,,,Web,2026-02-27,Closed with explanation,1,,19841354,2026,2,0,Credit reporting or other personal consumer reports
2021-03-04,Debt collection,Other debt,Written notification about debt,Didn't receive notice of right to dispute,Received a bill from Aargon collection company of club dues. I was not given opportunity to dispute the item.,Company has responded to the consumer and the CFPB and chooses not to provide a public response,"Aargon Agency, Inc.",NV,89148.0,,Consent provided,Web,2021-03-04,Closed with explanation,1,,4182642,2021,3,1,Debt collection
2025-05-23,Credit reporting or other personal consumer reports,Credit reporting,Incorrect information on your report,Information belongs to someone else,,,"EQUIFAX, INC.",PA,19135.0,,Consent not provided,Web,2025-05-23,Closed with explanation,1,,13691193,2025,5,0,Credit reporting or other personal consumer reports
2025-12-19,Credit reporting or other personal consumer reports,Credit reporting,Incorrect information on your report,Account status incorrect,,Company has responded to the consumer and the CFPB and chooses not to provide a public response,Experian Information Solutions Inc.,SC,,,,Web,2025-12-19,Closed with explanation,1,,18176534,2025,12,0,Credit reporting or other personal consumer reports
2021-03-30,"Credit reporting, credit repair services, or other personal consumer reports",Credit reporting,Incorrect information on your report,Account status incorrect,"The Comenity bank Wayfair credit card is reporting incorrect late payments on my credit bureau accounts. I have contacted them multiple times to resolve this and the payments are still showing incorrect. 

In XXXX of XXXX, they reported I had late payments on XX/XX/XXXX and XX/XX/XXXX. I reached out to them to correct this and they just moved the late payments to new dates. 

Currently, my reports show as follows : XXXX - XX/XX/XXXX, XX/XX/XXXX and XX/XX/XXXX - 30 days late XXXX - XX/XX/XXXX XX/XX/XXXX, XX/XX/XXXX - 30 days late XXXX - XX/XX/XXXX, XX/XX/XXXX, XX/XX/XXXX and XX/XX/XXXX - 30 days late As you can see these dates are all over the place and none of them are accurate. This account is closed and paid in full yet these false late payments are harming me and preventing me from getting approved for a home. I need help with having them remove these false lates from my credit reports asap.",,"Bread Financial Holdings, Inc.",TX,,,Consent provided,Web,2021-03-30,Closed with non-monetary relief,1,,4258972,2021,3,1,Credit reporting / repair
2020-10-02,"Credit reporting, credit repair services, or other personal consumer reports",Credit reporting,Problem with a credit reporting company's investigation into an existing problem,Their investigation did not fix an error on your report,,Company has responded to the consumer and the CFPB and chooses not to provide a public response,"TRANSUNION INTERMEDIATE HOLDINGS, INC.",TX,77373.0,,Consent not provided,Web,2020-10-02,Closed with explanation,1,,3878612,2020,10,0,Credit reporting / repair
2025-03-26,Credit reporting or other personal consumer reports,Credit reporting,Incorrect information on your report,Information belongs to someone else,,Company has responded to the consumer and the CFPB and chooses not to provide a public response,"TRANSUNION INTERMEDIATE HOLDINGS, INC.",CA,,,,Web,2025-03-26,Closed with non-monetary relief,1,,12665325,2025,3,0,Credit reporting or other personal consumer reports
2025-04-03,Credit reporting or other personal consumer reports,Credit reporting,Improper use of your report,Reporting company used your report improperly,,Company has responded to the consumer and the CFPB and chooses not to provide a public response,Experian Information Solutions Inc.,FL,33024.0,,Consent not provided,Web,2025-04-03,Closed with explanation,1,,12798442,2025,4,0,Credit reporting or other personal consumer reports
2024-05-17,Credit reporting or other personal consumer reports,Credit reporting,Incorrect information on your report,Information belongs to someone else,,Company has responded to the consumer and the CFPB and chooses not to provide a public response,Experian Information Solutions Inc.,NY,10940.0,,Consent not provided,Web,2024-05-17,Closed with explanation,1,,9036557,2024,5,0,Credit reporting or other personal consumer reports
2023-08-07,"Credit reporting, credit repair services, or other personal consumer reports",Credit reporting,Incorrect information on your report,Information belongs to someone else,,Company has responded to the consumer and the CFPB and chooses not to provide a public response,"TRANSUNION INTERMEDIATE HOLDINGS, INC.",NJ,8401.0,,Consent not provided,Web,2023-08-07,Closed with explanation,1,,7360587,2023,8,0,Credit reporting / repair
2017-04-06,Credit card,,Billing disputes,,"I transferred a balance that is supposed to be interest free for 15 months, I believe. I also make purchases with the same card I have the transfer balance on. Although I pay my purchase total in full each cycle, I am still being charged interest, when the only balance that is left is my transfer balance. When I called to ask how this can be, it was explained to me that basically my purchases made after I transferred my balance over falls behind the transfer balance amount, so in essence I will never pay off my "" purchases '' until I pay off the transfer balance ( which is a substantial amount ), since payments are applied to the oldest transaction first. By them doing it this way, I will forever be charged interest on my "" purchase '' totals until the full balance is paid. I have since stopped using that card for purchases, realizing the interest is just going to grow, but this seems very unethical to me. Seems like my purchase balance and transfer balance should be kept separate and payments should be applied to purchases first, since that is where interest currently accrues. Is this ethical?",Company has responded to the consumer and the CFPB and chooses not to provide a public response,WELLS FARGO & COMPANY,IA,,,Consent provided,Web,2017-04-06,Closed with explanation,1,0.0,2423932,2017,4,1,Credit card
2025-05-21,Credit reporting or other personal consumer reports,Credit reporting,Improper use of your report,Reporting company used your report improperly,"I have recently become aware of unauthorized accounts due to a data breach. Under Section 605B of the FCRA ( 15 U.S.C. 1681c-2 ( a ) ), I request the immediate blocking and deletion of the following accounts within 4 days : Also, would like to have all addresses and names REMOVED from my credit report, except for my only name and address listed below : Name : XXXX XXXX XXXX XXXX XXXX XXXX XXXX XXXX XXXX XXXX XXXX Please delete and block the following accounts from my credit report Accounts XXXX XXXX XXXX  - Account Number : XXXXXXXX XXXX XXXX XXXX XXXX XXXX XXXX XXXX XXXX  XXXX, Date Opened XXXX XX/XX/XXXX, Balance : {$50.00} XXXX XXXX XXXX  - Account Number : XXXXXXXX XXXX XXXX XXXX XXXX XXXX XXXX XXXX XXXXXXXX, Date Opened : XX/XX/XXXX, Balance : {$34.00} Inquiries XXXX XXXX Date : XX/XX/XXXX",,"EQUIFAX, INC.",GA,,,Consent provided,Web,2025-05-21,Closed with explanation,1,,13636846,2025,5,1,Credit reporting or other personal consumer reports
2013-09-19,Mortgage,Conventional fixed mortgage,"Loan modification,collection,foreclosure",,,,"Seterus, Inc.",IL,60175.0,,,Web,2013-09-19,Closed with explanation,1,0.0,533803,2013,9,0,Mortgage
2025-11-13,Credit reporting or other personal consumer reports,Credit reporting,Problem with a company's investigation into an existing problem,Investigation took more than 30 days,,Company has responded to the consumer and the CFPB and chooses not to provide a public response,"TRANSUNION INTERMEDIATE HOLDINGS, INC.",CA,95391.0,,Consent not provided,Web,2025-11-13,Closed with non-monetary relief,1,,17225228,2025,11,0,Credit reporting or other personal consumer reports
2024-05-02,"Payday loan, title loan, personal loan, or advance loan",Payday loan,Problem with the payoff process at the end of the loan,,My ex spouse was contacted and given information about my debt,,CNG FINANCIAL CORPORATION,MI,48195.0,,Consent provided,Web,2024-05-02,Closed with explanation,1,,8909495,2024,5,1,Payday loan / title / personal
2024-12-30,Credit reporting or other personal consumer reports,Credit reporting,Improper use of your report,Reporting company used your report improperly,,,"EQUIFAX, INC.",FL,33169.0,,Consent not provided,Web,2024-12-30,Closed with non-monetary relief,1,,11326351,2024,12,0,Credit reporting or other personal consumer reports
2025-10-31,Credit reporting or other personal consumer reports,Credit reporting,Incorrect information on your report,Information belongs to someone else,,,"CBC Companies, Inc.",LA,71459.0,,Consent not provided,Web,2025-10-31,Closed with explanation,1,,16960550,2025,10,0,Credit reporting or other personal consumer reports
2025-02-20,Credit reporting or other personal consumer reports,Credit reporting,Incorrect information on your report,Information belongs to someone else,,Company has responded to the consumer and the CFPB and chooses not to provide a public response,"TRANSUNION INTERMEDIATE HOLDINGS, INC.",OH,44104.0,,Consent not provided,Web,2025-02-20,Closed with non-monetary relief,1,,12153351,2025,2,0,Credit reporting or other personal consumer reports
2025-03-18,Credit reporting or other personal consumer reports,Credit reporting,Incorrect information on your report,Information belongs to someone else,"I am writing to have the following information removed from my credit file, the items that I need deleted are going to be attached in a word document. I am a victim of identity theft. I have multiple accounts and inquiries that I DID NOT apply for listed on my credit report. I ask that these items be deleted so my credit report will only show accurate information. I reported the theft of my identity to the Federal Trade Commission and have enclosed copies of the report. I would like these items deleted from my credit report as soon as possible. Please block this information from my credit report, pursuant to section XXXX of the Fair Credit Reporting Act.",,"EQUIFAX, INC.",FL,34771.0,,Consent provided,Web,2025-03-18,Closed with non-monetary relief,1,,12532719,2025,3,1,Credit reporting or other personal consumer reports
2025-07-17,Credit reporting or other personal consumer reports,Credit reporting,Incorrect information on your report,Account information incorrect,"I am writing to formally dispute an inaccurate late payment entry on my credit report, as allowed under the Fair Credit Reporting Act ( 15 U.S. Code 1681i ). This inaccurate reporting has negatively affected my credit profile, and I am requesting an immediate investigation into this matter. 
Details of the Disputed Late Payment : Creditor Name : XXXX XXXX XXXX Account Number : XXXX XXXX XXXX XXXX XXXX XXXX XXXX XXXX  Date of Alleged Late Payment : XX/XX/year> and XX/XX/year> I firmly believe this late payment is incorrect. Additionally, I am providing the following supporting evidence : Legal Basis for Dispute : Fair Credit Reporting Act ( FCRA ) - 15 U.S. Code 1681i I am exercising my right under this section to dispute inaccurate information reported on my credit file. The reported late payment does not accurately reflect my payment history, and I am requesting a formal investigation and correction.

Truth in Lending Act ( TILA ) - 15 U.S. Code 1637 ( b ) Creditors must provide clear and accurate billing statements to consumers. If this late payment reporting does not align with the terms of my agreement, it constitutes an error that should be rectified immediately. 
Obligations of Information Furnishers - 15 U.S. Code 1681s-2 Creditors and furnishers must ensure that the information reported to credit bureaus is accurate. If the creditor can not substantiate the late payment with verifiable documentation, they must remove it from my credit file.

Requested Action : Conduct a thorough investigation into this dispute and provide a written response within 30 days as required by law. 
If the late payment can not be verified, instruct the creditor to update my account status to "" Paid As Agreed, Never Late. '' Notify the credit reporting agencies ( XXXX XXXX and TransUnion ) to reflect the corrected information on my credit report. 
Reference to PAANL ( Paid As Agreed Never Late ) : The terms of our agreement have always been adhered to, and the account in question should reflect a status of "" Paid As Agreed Never Late '' based on the timely payments made. It is imperative that my credit report accurately represents my financial responsibility and commitment to meeting payment obligations. 

I hereby request that you provide documented proof supporting the claim of late payments on this account. This proof should include specific details such as dates, amounts, and any relevant communication indicating that the payments were indeed late. In the absence of valid proof, I expect the credit reporting to be rectified promptly. 

If, after a thorough investigation, you are unable to provide verifiable proof of late payments, I demand that the account be promptly updated to reflect its accurate status as "" Paid As Agreed Never Late. '' Per the FCRA, I request that you conduct a timely investigation and provide a written response within 30 days from the receipt of this dispute letter. 

Failure to adhere to this timeline will be considered a violation of the FCRA. Appreciate your prompt attention to this matter and expect a resolution that aligns with the legal obligations outlined by the FCRA. Your cooperation is crucial in maintaining the accuracy and fairness of my credit report. 
Failure to properly investigate and correct this inaccurate information will result in further actions, including a potential escalation to legal authorities for non-compliance with federal consumer protection laws. 
I have enclosed copies of all supporting documents related to this dispute. Please acknowledge receipt of this complaint and provide a written update on the investigation 's progress within the legally mandated timeframe. 
Thank you for your time and immediate attention to this matter. I look forward to your prompt response. 
Sincerely, XXXX XXXX XXXX",Company has responded to the consumer and the CFPB and chooses not to provide a public response,"TRANSUNION INTERMEDIATE HOLDINGS, INC.",TX,77042.0,,Consent provided,Web,2025-07-17,Closed with non-monetary relief,1,,14709802,2025,7,1,Credit reporting or other personal consumer reports
2025-10-01,Credit reporting or other personal consumer reports,Credit reporting,Incorrect information on your report,Information belongs to someone else,,Company has responded to the consumer and the CFPB and chooses not to provide a public response,"TRANSUNION INTERMEDIATE HOLDINGS, INC.",TX,76112.0,,Consent not provided,Web,2025-10-01,Closed with explanation,1,,16296995,2025,10,0,Credit reporting or other personal consumer reports
2018-11-29,Credit card or prepaid card,General-purpose prepaid card,Trouble using the card,Trouble getting information about the card,The date is XX/XX/2018 thr time is XXXX I sit here making a complaint against The American Express Blurbird Card I usually get my Direct Deposit the day or 2 before everybody else I have been waiting patiently for this Direct Deposit only to find out this morning at around XXXX XXXX   that Bluebird is down for scheduled maintenance that was 7 hours ago I tried to call Bluebird and to see how long its going to be down and I keep getting disconnected the phone rings once then disconnects I have not heard of any updates nor have I gotten my Direct deposit that should of been here today I am so beyond upset with Bluebird and will no longer be a customer of theirs please fix this,,AMERICAN EXPRESS COMPANY,NY,,,Consent provided,Web,2018-11-29,Closed with explanation,1,,3086976,2018,11,1,Credit card
2025-01-20,Credit reporting or other personal consumer reports,Credit reporting,Incorrect information on your report,Personal information incorrect,,,"EQUIFAX, INC.",PA,15216.0,,Consent not provided,Web,2025-01-20,Closed with non-monetary relief,1,,11585738,2025,1,0,Credit reporting or other personal consumer reports
2025-01-24,Credit reporting or other personal consumer reports,Other personal consumer report,Incorrect information on your report,Personal information incorrect,,Company has responded to the consumer and the CFPB and chooses not to provide a public response,Experian Information Solutions Inc.,PA,18302.0,Servicemember,Consent not provided,Web,2025-01-24,Closed with explanation,1,,11763839,2025,1,0,Credit reporting or other personal consumer reports
2026-02-18,Debt collection,I do not know,False statements or representation,Attempted to collect wrong amount,,Company has responded to the consumer and the CFPB and chooses not to provide a public response,"I.C. System, Inc.",AL,36380.0,,Consent withdrawn,Web,2026-02-18,Closed with explanation,1,,19601781,2026,2,0,Debt collection
2017-05-24,Mortgage,Other type of mortgage,Trouble during payment process,,,Company has responded to the consumer and the CFPB and chooses not to provide a public response,"BANK OF AMERICA, NATIONAL ASSOCIATION",MS,39180.0,,,Referral,2017-05-25,Closed with explanation,1,,2492843,2017,5,0,Mortgage
2025-11-22,Credit reporting or other personal consumer reports,Credit reporting,Incorrect information on your report,Information belongs to someone else,,,"EQUIFAX, INC.",CO,80134.0,,,Web,2025-11-22,Closed with explanation,1,,17438430,2025,11,0,Credit reporting or other personal consumer reports
2026-01-19,Credit reporting or other personal consumer reports,Credit reporting,Improper use of your report,Reporting company used your report improperly,,Company has responded to the consumer and the CFPB and chooses not to provide a public response,Experian Information Solutions Inc.,NV,89102.0,,Consent not provided,Web,2026-01-19,Closed with explanation,1,,18836818,2026,1,0,Credit reporting or other personal consumer reports
2025-12-10,Credit reporting or other personal consumer reports,Credit reporting,Improper use of your report,Reporting company used your report improperly,,Company has responded to the consumer and the CFPB and chooses not to provide a public response,SYNCHRONY FINANCIAL,MD,21225.0,,Consent not provided,Web,2025-12-10,Closed with explanation,1,,17938597,2025,12,0,Credit reporting or other personal consumer reports
2024-09-13,Credit reporting or other personal consumer reports,Credit reporting,Incorrect information on your report,Account information incorrect,,Company has responded to the consumer and the CFPB and chooses not to provide a public response,Experian Information Solutions Inc.,NY,10705.0,,Consent not provided,Web,2024-09-13,Closed with explanation,1,,10117883,2024,9,0,Credit reporting or other personal consumer reports
2025-07-03,Credit reporting or other personal consumer reports,Credit reporting,Incorrect information on your report,Information belongs to someone else,,,"EQUIFAX, INC.",NC,27617.0,,Consent not provided,Web,2025-07-03,Closed with non-monetary relief,1,,14449506,2025,7,0,Credit reporting or other personal consumer reports
2024-10-25,Credit reporting or other personal consumer reports,Credit reporting,Improper use of your report,Credit inquiries on your report that you don't recognize,,Company has responded to the consumer and the CFPB and chooses not to provide a public response,Experian Information Solutions Inc.,LA,70053.0,,Consent not provided,Web,2024-10-25,Closed with explanation,1,,10578739,2024,10,0,Credit reporting or other personal consumer reports
2021-06-16,"Credit reporting, credit repair services, or other personal consumer reports",Credit reporting,Problem with a credit reporting company's investigation into an existing problem,Their investigation did not fix an error on your report,"I have reached out to the credit bureaus about false information being reported, They refuse to remove the accounts that don't belong",,"EQUIFAX, INC.",OH,,,Consent provided,Web,2021-06-16,Closed with explanation,1,,4465083,2021,6,1,Credit reporting / repair
2024-06-26,Credit reporting or other personal consumer reports,Credit reporting,Problem with a company's investigation into an existing problem,Was not notified of investigation status or results,,,"EQUIFAX, INC.",IL,60477.0,,Consent not provided,Web,2024-06-26,Closed with explanation,1,,9337703,2024,6,0,Credit reporting or other personal consumer reports
2024-02-21,Credit reporting or other personal consumer reports,Credit reporting,Problem with a company's investigation into an existing problem,Investigation took more than 30 days,,Company has responded to the consumer and the CFPB and chooses not to provide a public response,Experian Information Solutions Inc.,TX,78240.0,,Consent not provided,Web,2024-02-21,Closed with explanation,1,,8388951,2024,2,0,Credit reporting or other personal consumer reports
2024-05-24,Credit reporting or other personal consumer reports,Credit reporting,Incorrect information on your report,Account status incorrect,,,DISCOVER BANK,GA,31201.0,,Consent not provided,Web,2024-05-24,Closed with non-monetary relief,1,,9091759,2024,5,0,Credit reporting or other personal consumer reports
2024-06-06,Credit reporting or other personal consumer reports,Credit reporting,Improper use of your report,Reporting company used your report improperly,,Company has responded to the consumer and the CFPB and chooses not to provide a public response,"TRANSUNION INTERMEDIATE HOLDINGS, INC.",GA,30012.0,,Consent not provided,Web,2024-06-06,Closed with non-monetary relief,1,,9184710,2024,6,0,Credit reporting or other personal consumer reports
2025-01-22,Debt collection,I do not know,Written notification about debt,Didn't receive enough information to verify debt,"I sent a letter to Credit Collection Services to verify a debt they are attempting to collect from me. I gave them 30 days to respond in which I still have not heard back from them. 

I sent the letter certified mail and the tracking number is XXXX",Company believes it acted appropriately as authorized by contract or law,"CCS Financial Services, Inc.",NC,28269.0,,Consent provided,Web,2025-01-22,Closed with non-monetary relief,0,,11702030,2025,1,1,Debt collection
2021-12-17,Mortgage,Conventional home mortgage,Trouble during payment process,,,,"CARRINGTON MORTGAGE SERVICES, LLC",TX,75227.0,"Older American, Servicemember",Consent not provided,Web,2021-12-17,Closed with explanation,1,,5017186,2021,12,0,Mortgage
2023-08-15,"Credit reporting, credit repair services, or other personal consumer reports",Credit reporting,Improper use of your report,Reporting company used your report improperly,,,"EQUIFAX, INC.",VA,22560.0,,Consent not provided,Web,2023-08-15,Closed with non-monetary relief,1,,7397300,2023,8,0,Credit reporting / repair
2025-07-08,Credit reporting or other personal consumer reports,Credit reporting,Incorrect information on your report,Information belongs to someone else,,Company has responded to the consumer and the CFPB and chooses not to provide a public response,Experian Information Solutions Inc.,CA,91978.0,,Consent not provided,Web,2025-07-08,Closed with explanation,1,,14484910,2025,7,0,Credit reporting or other personal consumer reports
2016-03-18,Credit reporting,,Credit reporting company's investigation,No notice of investigation status/result,,,"EQUIFAX, INC.",FL,33432.0,Older American,Consent not provided,Web,2016-03-18,Closed with explanation,1,0.0,1838969,2016,3,0,Credit reporting / repair
2023-05-24,"Credit reporting, credit repair services, or other personal consumer reports",Credit reporting,Incorrect information on your report,Information belongs to someone else,,Company has responded to the consumer and the CFPB and chooses not to provide a public response,Experian Information Solutions Inc.,OH,45240.0,,Consent not provided,Web,2023-05-24,Closed with explanation,1,,7024110,2023,5,0,Credit reporting / repair
2025-07-08,Credit reporting or other personal consumer reports,Credit reporting,Problem with a company's investigation into an existing problem,Their investigation did not fix an error on your report,,,"EQUIFAX, INC.",IL,60504.0,,Consent not provided,Web,2025-07-08,Closed with non-monetary relief,1,,14511964,2025,7,0,Credit reporting or other personal consumer reports
2026-03-10,Credit reporting or other personal consumer reports,Credit reporting,Incorrect information on your report,Information belongs to someone else,,,"TRANSUNION INTERMEDIATE HOLDINGS, INC.",TX,77077.0,,,Web,2026-03-10,In progress,1,,20148748,2026,3,0,Credit reporting or other personal consumer reports
2026-01-29,Credit reporting or other personal consumer reports,Credit reporting,Incorrect information on your report,Information belongs to someone else,,Company has responded to the consumer and the CFPB and chooses not to provide a public response,Experian Information Solutions Inc.,FL,33160.0,,Consent not provided,Web,2026-01-29,Closed with explanation,1,,19096820,2026,1,0,Credit reporting or other personal consumer reports
2023-06-06,"Credit reporting, credit repair services, or other personal consumer reports",Credit reporting,Incorrect information on your report,Information belongs to someone else,"Your efficiency and prompt attention to correcting some of the adverse information previously stated on my credit file is appreciated, yet there are still items that need to be addressed again and to be corrected immediately. The three credit bureaus must verify these items in accordance with Sections 609 ( a ) ( 1 ) ( A ) and 611 ( a ) ( 1 ) ( A ). It is not acceptable to report these items as unconfirmed information without validating them within the legally required time range. Please update or remove the following inaccurate items in my report : XXXXXXXX XXXX XXXX XXXX XXXX XXXX XXXX XXXX XXXX XXXX XXXX XXXX XXXX XXXX XXXX XXXX XXXX XXXX XXXX XXXX XXXX XXXX",Company has responded to the consumer and the CFPB and chooses not to provide a public response,Experian Information Solutions Inc.,NY,10453.0,,Consent provided,Web,2023-06-06,Closed with non-monetary relief,1,,7076230,2023,6,1,Credit reporting / repair
2018-04-06,Credit card or prepaid card,General-purpose prepaid card,Unexpected or other fees,,"In XX/XX/XXXX, XXXX  XXXX opened a credit card from Capital one and assigned her daughter, XXXX XXXX as an authorized user. XXXX defaulted on her payment and as a result, the Capital One reported a claim on XX/XX/XXXX. XXXX XXXX, now at the age of XXXX is applying for a Mortgage loan and came to the dismay that the credit card her mom opened and defaulted on is affecting her credit today. XXXX XXXX would like to request the removal of the Capital One Credit Card due to only being an authorized user at the time.",,CAPITAL ONE FINANCIAL CORPORATION,CA,92083.0,,Consent provided,Web,2018-04-06,Closed with non-monetary relief,1,,2866962,2018,4,1,Credit card
2025-11-28,Credit reporting or other personal consumer reports,Credit reporting,Problem with a company's investigation into an existing problem,Their investigation did not fix an error on your report,,Company has responded to the consumer and the CFPB and chooses not to provide a public response,Experian Information Solutions Inc.,FL,33169.0,,Consent not provided,Web,2025-11-28,Closed with explanation,1,,17580579,2025,11,0,Credit reporting or other personal consumer reports
2024-11-29,Credit reporting or other personal consumer reports,Credit reporting,Incorrect information on your report,Information belongs to someone else,,Company has responded to the consumer and the CFPB and chooses not to provide a public response,Experian Information Solutions Inc.,FL,34109.0,,Consent not provided,Web,2024-11-29,Closed with explanation,1,,10970692,2024,11,0,Credit reporting or other personal consumer reports
2025-10-28,Credit reporting or other personal consumer reports,Credit reporting,Incorrect information on your report,Information belongs to someone else,,Company has responded to the consumer and the CFPB and chooses not to provide a public response,Experian Information Solutions Inc.,LA,70802.0,,Consent not provided,Web,2025-10-28,Closed with explanation,1,,16863808,2025,10,0,Credit reporting or other personal consumer reports
2025-08-19,Credit reporting or other personal consumer reports,Credit reporting,Incorrect information on your report,Account status incorrect,,Company has responded to the consumer and the CFPB and chooses not to provide a public response,Experian Information Solutions Inc.,MA,2375.0,,Consent not provided,Web,2025-08-19,Closed with explanation,1,,15375918,2025,8,0,Credit reporting or other personal consumer reports
2025-05-14,Credit reporting or other personal consumer reports,Credit reporting,Incorrect information on your report,Information belongs to someone else,"XX/XX/year> RE : CEASE AND DESIST DEMAND Dear Jefferson Capital Systems LLC Jefferson Capital Systems LLC : furnished a report in reference to my social security number regarding an alleged debt Jefferson Capital Systems LLC claims is owed on. This letter serves as your legal notice, pursuant to the provisions of the Fair Debt Collection Practices Act 15 U.S. Code 1692c ( c ) to ; CEASE AND DESIST ALL COMMUNICATIONS and TRANSMISSIONS of electronic files containing consumer 's name and address, her status as a debtor, details of debt, and other personal information regarding the above-referenced alleged debt. XXXX XXXX XXXX, XXXX and XXXX XXXX, XXXX, XXXX, XXXX XXXX XXXX. XXXX, Banking, And Credit XXXX The consumer has decided not to work or communicate with any collections agency regarding this matter. Any further correspondence from your organization or any other collection agency will be discarded or returned to you unopened. XXXX XXXX XXXX. XXXX, XXXX, XXXX, XXXX XXXX XXXX. XXXX XXXX XXXX XXXX XXXXXXXX WHEREFORE, the consumer demands all collection activities such as all calls, visits, electronic communication with third parties regarding details of the alleged debt, the consumers status as a debtor, and the precise amount of the alleged debt CEASE AND DESIST, and this account be REMOVED from all three of consumer reports. Failure to comply with this legal notice to cease & desist all forms of communications constitutes a violation of the Fair Debt Collection Practice Act, and may warrant legal action. XXXX XXXX XXXX XXXX XXXX XXXX XXXX, XXXX, XXXX XXXX XXXX, XXXX XXXX XXXX XXXXXXXX.",,CL Holdings LLC,MI,48021.0,,Consent provided,Web,2025-05-14,Closed with explanation,1,,13505913,2025,5,1,Credit reporting or other personal consumer reports
2024-01-12,Credit reporting or other personal consumer reports,Credit reporting,Incorrect information on your report,Account status incorrect,,,"EQUIFAX, INC.",NC,27529.0,,Consent not provided,Web,2024-01-12,Closed with explanation,1,,8149198,2024,1,0,Credit reporting or other personal consumer reports
2024-10-24,Credit reporting or other personal consumer reports,Credit reporting,Improper use of your report,Credit inquiries on your report that you don't recognize,"I was reviewing my credit report and noticed inquiries that do not belong to me. 

XXXX XXXX XXXX XXXX XXXX XXXX XXXX XXXX XXXX XXXX XXXX XXXX XXXX XXXX XXXX XXXX XXXX XXXX XXXX XXXX XXXX XXXX XXXX XXXX XXXX XXXX XXXX XXXX XXXX XXXXXX/XX/XXXX",Company has responded to the consumer and the CFPB and chooses not to provide a public response,"TRANSUNION INTERMEDIATE HOLDINGS, INC.",WA,98597.0,,Consent provided,Web,2024-10-24,Closed with non-monetary relief,1,,10566196,2024,10,1,Credit reporting or other personal consumer reports
2024-05-03,Credit reporting or other personal consumer reports,Credit reporting,Improper use of your report,Reporting company used your report improperly,,Company has responded to the consumer and the CFPB and chooses not to provide a public response,Experian Information Solutions Inc.,CA,95204.0,,Consent not provided,Web,2024-05-03,Closed with explanation,1,,8912631,2024,5,0,Credit reporting or other personal consumer reports
2025-04-11,Credit reporting or other personal consumer reports,Credit reporting,Problem with a company's investigation into an existing problem,Their investigation did not fix an error on your report,,,"EQUIFAX, INC.",FL,33844.0,,Consent not provided,Web,2025-04-11,Closed with explanation,1,,12935142,2025,4,0,Credit reporting or other personal consumer reports
2015-02-25,Bank account or service,Checking account,"Account opening, closing, or management",,,,HSBC NORTH AMERICA HOLDINGS INC.,NY,10984.0,"Older American, Servicemember",,Phone,2015-03-03,Closed with monetary relief,1,0.0,1255907,2015,2,0,Bank account / service
2023-09-14,Credit reporting or other personal consumer reports,Credit reporting,Incorrect information on your report,Information belongs to someone else,,Company has responded to the consumer and the CFPB and chooses not to provide a public response,Experian Information Solutions Inc.,MD,21061.0,,Consent not provided,Web,2023-09-14,Closed with explanation,1,,7545446,2023,9,0,Credit reporting or other personal consumer reports
2024-02-07,Credit reporting or other personal consumer reports,Credit reporting,Incorrect information on your report,Information belongs to someone else,,Company has responded to the consumer and the CFPB and chooses not to provide a public response,"TRANSUNION INTERMEDIATE HOLDINGS, INC.",NY,10475.0,,Consent not provided,Web,2024-02-07,Closed with non-monetary relief,1,,8303839,2024,2,0,Credit reporting or other personal consumer reports
2024-05-13,Credit reporting or other personal consumer reports,Credit reporting,Incorrect information on your report,Information belongs to someone else,"I have been trying to resolve this matter for some time with your agency, and the corporations and debt collectors you allowed to fraudulently place inaccurate items on my credit report without permissible purpose, along with violating many other rights I am able to enforce as a natural person. Moreover, you continued to report items that are not 100 % accurate ( the most important job as a credit reporting agency ) as well as without my permission. I have had to forcefully study to find out the numerous ways that I have been violated, but my perspicacity and indefatigability assisted me to this very moment. I am a consumer that can take litigation earnestly, meaning that I am unreasonably prone to go to law to settle disputes, and am currently in the process of taking legal action in this matter to enforce my rights under the FCRA and FDCPA. This is my official notice for you to remove everything that is in violation of the laws mentioned in my AFFIDAVIT OF TRUTH, LITIGATION LETTER ( THIS ATTATCHMENT ), FTC REPORT, CFPB COMPLAINT, XXXX XXXX  ATTORNEY GENERAL COMPLAINT, SOCIAL MEDIA HANDLES, AND FEDERAL COURTS IF NOT RESOLVED PEACEFULLY AND QUICKLY. WHICH I WILL BE USING AS CRUCIAL EVIDENCE, in your ability to willfully neglect the laws that have been put in place to refute situations such as mine.",,"EQUIFAX, INC.",GA,31088.0,,Consent provided,Web,2024-05-13,Closed with non-monetary relief,1,,8999060,2024,5,1,Credit reporting or other personal consumer reports
2023-11-15,Credit reporting or other personal consumer reports,Credit reporting,Problem with a company's investigation into an existing problem,Their investigation did not fix an error on your report,,Company has responded to the consumer and the CFPB and chooses not to provide a public response,"TRANSUNION INTERMEDIATE HOLDINGS, INC.",TX,76051.0,,Consent not provided,Web,2023-11-15,Closed with non-monetary relief,1,,7854430,2023,11,0,Credit reporting or other personal consumer reports
2025-10-18,Credit reporting or other personal consumer reports,Credit reporting,Incorrect information on your report,Account information incorrect,,Company has responded to the consumer and the CFPB and chooses not to provide a public response,"TRANSUNION INTERMEDIATE HOLDINGS, INC.",MD,21136.0,,Consent not provided,Web,2025-10-18,Closed with explanation,1,,16673992,2025,10,0,Credit reporting or other personal consumer reports
2021-10-18,Credit card or prepaid card,General-purpose credit card or charge card,Incorrect information on your report,Account information incorrect,,Company has responded to the consumer and the CFPB and chooses not to provide a public response,SYNCHRONY FINANCIAL,NJ,8103.0,,Consent not provided,Web,2021-10-18,Closed with explanation,1,,4820169,2021,10,0,Credit card
2024-02-22,Credit reporting or other personal consumer reports,Credit reporting,Improper use of your report,Reporting company used your report improperly,,Company has responded to the consumer and the CFPB and chooses not to provide a public response,Experian Information Solutions Inc.,OR,97217.0,,Consent not provided,Web,2024-02-22,Closed with non-monetary relief,1,,8403591,2024,2,0,Credit reporting or other personal consumer reports
2017-04-25,"Credit reporting, credit repair services, or other personal consumer reports",Credit reporting,Incorrect information on your report,Account information incorrect,,Company has responded to the consumer and the CFPB and chooses not to provide a public response,"BANK OF AMERICA, NATIONAL ASSOCIATION",FL,33971.0,,,Postal mail,2017-05-01,Closed with non-monetary relief,1,,2465542,2017,4,0,Credit reporting / repair
2024-11-24,Credit reporting or other personal consumer reports,Credit reporting,Problem with a company's investigation into an existing problem,Difficulty submitting a dispute or getting information about a dispute over the phone,,Company has responded to the consumer and the CFPB and chooses not to provide a public response,"TRANSUNION INTERMEDIATE HOLDINGS, INC.",CA,93510.0,,Consent not provided,Web,2024-11-24,Closed with non-monetary relief,1,,10914275,2024,11,0,Credit reporting or other personal consumer reports
2020-11-02,"Credit reporting, credit repair services, or other personal consumer reports",Credit reporting,Problem with a credit reporting company's investigation into an existing problem,Difficulty submitting a dispute or getting information about a dispute over the phone,,Company has responded to the consumer and the CFPB and chooses not to provide a public response,"TRANSUNION INTERMEDIATE HOLDINGS, INC.",FL,33705.0,,Consent not provided,Web,2020-11-02,Closed with explanation,1,,3932281,2020,11,0,Credit reporting / repair
2026-01-18,Credit reporting or other personal consumer reports,Credit reporting,Incorrect information on your report,Account status incorrect,,,"Maximus Federal Services, Inc.",IL,62703.0,,Consent not provided,Web,2026-01-18,Closed with explanation,1,,18817348,2026,1,0,Credit reporting or other personal consumer reports
2024-12-19,Credit reporting or other personal consumer reports,Credit reporting,Problem with a company's investigation into an existing problem,Their investigation did not fix an error on your report,,,"EQUIFAX, INC.",FL,33138.0,,Consent not provided,Web,2024-12-19,Closed with non-monetary relief,1,,11210503,2024,12,0,Credit reporting or other personal consumer reports
2024-09-16,Credit reporting or other personal consumer reports,Credit reporting,Problem with a company's investigation into an existing problem,Investigation took more than 30 days,,,"EQUIFAX, INC.",OK,73501.0,,Consent not provided,Web,2024-09-16,Closed with non-monetary relief,1,,10133014,2024,9,0,Credit reporting or other personal consumer reports
2022-12-19,"Credit reporting, credit repair services, or other personal consumer reports",Credit reporting,Incorrect information on your report,Information belongs to someone else,"Im submitting a complaint to you today to inform you I was the victim of identity theft. I researched on how to remove the fraudulent items in my report and found that I need to visit FEDERAL TRADE COMMISSION or https : //www.ftc.gov to file a report Per FCRA section 605b Credit Reporting Agencies are required to remove/block any items listed on an id theft report. Please find the ATTACHED documents to assist in blocking of the erroneous information which is being posted to my report. 
XXXX XXXX XXXX XXXX XXXX XXXX XXXX XXXX XXXX XXXX XXXX XXXX XXXX XXXX XXXX XXXX XXXX XXXX XXXX XXXX XXXX XXXX XXXX XXXX XXXX XXXX XXXX XXXX XXXX XXXX XXXX XXXX XXXX XXXX XXXX XXXX XXXX XXXX XXXX XXXX XXXX XXXX XXXX XXXX XXXX XXXX XXXX XXXX XXXX XXXX XXXX XXXX XXXX XXXX XXXX XXXX XXXX XXXX XXXX XXXX XXXX XXXX XXXX XXXX XXXX XXXX XXXX XXXX XXXX XXXX XXXX XXXX XXXX XXXX XXXX XXXX XXXX XXXX XXXX",Company has responded to the consumer and the CFPB and chooses not to provide a public response,Experian Information Solutions Inc.,CA,94531.0,,Consent provided,Web,2022-12-19,Closed with explanation,1,,6337185,2022,12,1,Credit reporting / repair
2025-09-22,Credit reporting or other personal consumer reports,Credit reporting,Incorrect information on your report,Information belongs to someone else,,Company has responded to the consumer and the CFPB and chooses not to provide a public response,"TRANSUNION INTERMEDIATE HOLDINGS, INC.",MD,21220.0,,Consent not provided,Web,2025-09-22,Closed with non-monetary relief,1,,16109267,2025,9,0,Credit reporting or other personal consumer reports
2026-03-24,Credit reporting or other personal consumer reports,Credit reporting,Incorrect information on your report,Information belongs to someone else,,,"TRANSUNION INTERMEDIATE HOLDINGS, INC.",TX,77566.0,,,Web,2026-03-24,In progress,1,,20535910,2026,3,0,Credit reporting or other personal consumer reports
2025-12-15,Credit reporting or other personal consumer reports,Credit reporting,Improper use of your report,Reporting company used your report improperly,"To Whom It May Concern, This is my FINAL NOTICE before filing formal complaints with the CFPB, FTC, State Attorney General, and consideration of private legal action for your continued failure to correct multiple, ongoing FCRA violations regarding : XXXX XXXX XXXX XXXXXXXX Credit Card Account Ending XXXX This is now Round XXXX, and despite your previous investigations, the account is still being reported with severe inconsistencies, conflicting data, and unverifiable information, which legally requires full deletion. 

You have been notified twice already. 
You are now knowingly reporting false information. 

XXXX. FCRA XXXX ( b ) Failure to Maintain Maximum Possible Accuracy Your reporting continues to show multiple contradictory versions of the same account across all three bureaus : A. Contradictory Date Opened XXXX  : XX/XX/XXXX XXXX  : XX/XX/XXXX TransUnion : XX/XX/XXXX A credit account can not legally have three different opening dates. 

B. Contradictory Account Status XXXX  : Deleted / Closed / Charge-off XXXX  : Negative / Charge-off TransUnion : Negative / Charge-off If XXXX  deleted the account, but the same data is still being furnished to XXXX  and TransUnion, then : The furnisher is not providing consistent data Verification is impossible Deletion is mandatory XXXX Conflicting Last Activity Dates XXXX  : XX/XX/XXXX XXXX  : XX/XX/XXXX TransUnion : XX/XX/XXXX XXXX bureaus can not produce XXXX different dates for the same transaction. 

This makes the account inherently unverifiable. 

XXXX Inconsistent Payment History XXXX  is reporting multiple lates : XXXX, XXXX, XXXX, 150 days late, and then suddenly Back to OK, then CO This pattern is incoherent and impossible under FCRA guidelines, and demonstrates incorrect automated furnishing. 

The presence of XXXX delinquency followed by XXXX can not be supported by any real payment record. 

XXXX Different Date of Last Payment XXXX  : XX/XX/XXXX XXXX  : XX/XX/XXXX TransUnion : XX/XX/XXXX If the bureaus can not agree on the last payment date, then none of the reporting is reliable. 

XXXX. FCRA 1681i Failure to Conduct a Reasonable Reinvestigation After two rounds of disputes : None of the conflicting data has been corrected No explanation was provided for the multiple inconsistencies No Method of Verification was provided No documentary proof from the furnisher was provided Verified as accurate was returned despite clear, obvious errors This proves that your investigation was : Automated Superficial Non-compliant Not legally sufficient This is a direct violation of 1681i.

3. FCRA 1681s-2 ( a ) Furnisher ( XXXX XXXX XXXXXXXX XXXX Reporting Conflicting Data A furnisher can not legally report XXXX different versions of the same account. 

XXXX XXXX XXXXXXXX is providing : Different dates opened Different last activity Different last payment Different charge-off dates Different payment histories Different statuses This makes the account factually unverified and legally unreportable. 

Under federal law, unverifiable data must be deleted. 

XXXX. Your Continued Reporting Is Now Willful ( FCRA 616 ) Because you have been notified twice already, your continued reporting of inaccurate information constitutes : Willful noncompliance Negligent damage to the consumer Violation of my rights under federal law This exposes each bureau to civil liability.",Company has responded to the consumer and the CFPB and chooses not to provide a public response,"TRANSUNION INTERMEDIATE HOLDINGS, INC.",FL,32714.0,,Consent provided,Web,2025-12-15,Closed with non-monetary relief,1,,18036148,2025,12,1,Credit reporting or other personal consumer reports
2022-04-25,"Credit reporting, credit repair services, or other personal consumer reports",Credit reporting,Incorrect information on your report,Account information incorrect,"This is a formal complaint against XXXX XXXX XXXX. This company has violated my consumer rights under the Fair Credit Reporting Act as well as the Fair Credit Billing Act. For starters, they're reporting an erroneous & unverifiable account on my credit report and not to mention an account in which I've asked for proof of claim and in which they have not been able to provide, per the FCRA & FCBA. As I received a letter from XXXX XXXX XXXX XXXX dated XX/XX/2022, stating that the XXXX XXXX XXXX give them permission to collect the alleged debt which is very inaccurate since XXXX XXXX has no legal right to collect as I never signed a contract with them.",Company has responded to the consumer and the CFPB and chooses not to provide a public response,Experian Information Solutions Inc.,SC,,,Consent provided,Web,2022-04-25,Closed with explanation,1,,5495093,2022,4,1,Credit reporting / repair
2025-06-25,Credit reporting or other personal consumer reports,Credit reporting,Incorrect information on your report,Information belongs to someone else,,,"EQUIFAX, INC.",PR,987.0,,Consent not provided,Web,2025-06-25,Closed with non-monetary relief,1,,14259822,2025,6,0,Credit reporting or other personal consumer reports
2024-01-09,Credit reporting or other personal consumer reports,Credit reporting,Incorrect information on your report,Information belongs to someone else,,Company has responded to the consumer and the CFPB and chooses not to provide a public response,"TRANSUNION INTERMEDIATE HOLDINGS, INC.",PA,19143.0,,Consent not provided,Web,2024-01-09,Closed with non-monetary relief,1,,8136282,2024,1,0,Credit reporting or other personal consumer reports
2025-06-03,Credit reporting or other personal consumer reports,Credit reporting,Incorrect information on your report,Information belongs to someone else,,Company has responded to the consumer and the CFPB and chooses not to provide a public response,"TRANSUNION INTERMEDIATE HOLDINGS, INC.",CA,90064.0,,Consent not provided,Web,2025-06-03,Closed with non-monetary relief,1,,13856765,2025,6,0,Credit reporting or other personal consumer reports
2025-05-13,Credit reporting or other personal consumer reports,Credit reporting,Problem with a company's investigation into an existing problem,Their investigation did not fix an error on your report,"I have a goal of getting a house as soon as possible but the stuff on my credit report will really put me in trouble. Ive been trying to understand some instances why the credit bureaus may take some time to respond but this is so unprofessional. My name is XXXX XXXX XXXX and I am filing this complaint for falsely reporting misleading information. Please take note, it is me personally who is filling this. There is no third party involved. Please review the uploaded letters.",Company has responded to the consumer and the CFPB and chooses not to provide a public response,Experian Information Solutions Inc.,NJ,7205.0,,Consent provided,Web,2025-05-13,Closed with explanation,1,,13484270,2025,5,1,Credit reporting or other personal consumer reports
2023-09-01,Credit reporting or other personal consumer reports,Credit reporting,Incorrect information on your report,Information belongs to someone else,,Company has responded to the consumer and the CFPB and chooses not to provide a public response,Experian Information Solutions Inc.,MD,21117.0,,Consent not provided,Web,2023-09-01,Closed with explanation,1,,7486948,2023,9,0,Credit reporting or other personal consumer reports
2024-03-25,Vehicle loan or lease,Loan,Managing the loan or lease,Problem with the interest rate,,,"American Credit Acceptance, LLC",TX,78717.0,,Consent not provided,Web,2024-03-25,Closed with explanation,1,,8620131,2024,3,0,Vehicle loan / lease
2022-12-02,"Credit reporting, credit repair services, or other personal consumer reports",Credit reporting,Improper use of your report,Reporting company used your report improperly,,,"EQUIFAX, INC.",GA,30083.0,Servicemember,Consent not provided,Web,2022-12-02,Closed with explanation,1,,6265519,2022,12,0,Credit reporting / repair
2018-02-22,"Credit reporting, credit repair services, or other personal consumer reports",Credit reporting,Incorrect information on your report,Personal information incorrect,,Company has responded to the consumer and the CFPB and chooses not to provide a public response,"TRANSUNION INTERMEDIATE HOLDINGS, INC.",MO,63118.0,,Consent not provided,Web,2018-02-22,Closed with non-monetary relief,1,,2822489,2018,2,0,Credit reporting / repair
2026-02-02,Credit card,General-purpose credit card or charge card,"Other features, terms, or problems",Other problem,"My son opened a credit card and put me on as an authorized user. He lost his job and isnt paying it, and Citibank cbna is reporting negative to my credit. Ive contacted them before and was told they took me off, they didnt. I tried calling today but I can not talk to an actual person. I dont have card info, or my sons info. Would just like them to stop reporting negative to my credit report, I had nothing to do with this card.",Company has responded to the consumer and the CFPB and chooses not to provide a public response,"CITIBANK, N.A.",IL,62959.0,,Consent provided,Web,2026-02-02,Closed with non-monetary relief,1,,19181488,2026,2,1,Credit card
2023-05-08,Mortgage,Conventional home mortgage,Applying for a mortgage or refinancing an existing mortgage,,,,Mr. Cooper Group Inc.,CA,91344.0,Older American,,Phone,2023-05-08,Closed with explanation,1,,6944840,2023,5,0,Mortgage
2026-02-01,Credit reporting or other personal consumer reports,Credit reporting,Improper use of your report,Reporting company used your report improperly,,Company has responded to the consumer and the CFPB and chooses not to provide a public response,"TRANSUNION INTERMEDIATE HOLDINGS, INC.",MO,,,,Web,2026-02-01,Closed with explanation,1,,19163284,2026,2,0,Credit reporting or other personal consumer reports
2025-10-09,Credit reporting or other personal consumer reports,Credit reporting,Problem with a company's investigation into an existing problem,Investigation took more than 30 days,,Company has responded to the consumer and the CFPB and chooses not to provide a public response,Experian Information Solutions Inc.,FL,33619.0,,Consent not provided,Web,2025-10-09,Closed with explanation,1,,16472890,2025,10,0,Credit reporting or other personal consumer reports
2012-03-06,Mortgage,Conventional adjustable mortgage (ARM),"Loan servicing, payments, escrow account",,,,JPMORGAN CHASE & CO.,GA,30331.0,,,Web,2012-03-06,Closed without relief,1,0.0,30634,2012,3,0,Mortgage
2025-10-23,Credit reporting or other personal consumer reports,Credit reporting,Improper use of your report,Reporting company used your report improperly,Both the bureau and furnishers are in violation of 15 U.S.C. 1681s-2 ( b ) for failing to properly investigate and correct false information after disputes.,Company has responded to the consumer and the CFPB and chooses not to provide a public response,"TRANSUNION INTERMEDIATE HOLDINGS, INC.",AL,35405.0,,Consent provided,Web,2025-10-23,Closed with non-monetary relief,1,,16777434,2025,10,1,Credit reporting or other personal consumer reports
2023-11-25,Credit reporting or other personal consumer reports,Credit reporting,Improper use of your report,Reporting company used your report improperly,,,"ID Analytics, Inc.",TX,76135.0,,Consent not provided,Web,2023-11-25,Closed with explanation,1,,7903342,2023,11,0,Credit reporting or other personal consumer reports
2025-04-10,Credit reporting or other personal consumer reports,Credit reporting,Improper use of your report,Credit inquiries on your report that you don't recognize,,Company has responded to the consumer and the CFPB and chooses not to provide a public response,"TRANSUNION INTERMEDIATE HOLDINGS, INC.",HI,96706.0,,Consent not provided,Web,2025-04-10,Closed with non-monetary relief,1,,12919606,2025,4,0,Credit reporting or other personal consumer reports
2020-08-10,Mortgage,FHA mortgage,Applying for a mortgage or refinancing an existing mortgage,,"I applied originally for refinance in XXXX and was told the credit requirements. Weeks later credit requirements changed and I was postponed and recommended I pay a couple of items off. After jumping through all the hoops to get my credit to where they needed it to be in XXXX, I was told I would have a closing disclosure by XX/XX/XXXX. I cant recall what delayed the closing that time, but in XXXX I completed a XXXX withdrawal to pay off a debt at their recommendation. They recorded it incorrectly so I had to ask a family member to borrow {$2500.00} mid XXXX so it would look like the XXXX money was in my savings because they incorrectly recorded it that way instead of being used to payoff debt. I was assured this would allow me to close, this time no later than mid XXXX. They decided to switch me from conventional to FHA a few times, and I wasnt really given a good reason other than this would be a better deal for me and I was told most recently we would definitely close in XXXX. Local office staff members XXXX and XXXX admitted these mistakes in late XXXX and have apologized, assuring me they would be in a position by XXXX to request my loan be rushed to close in XXXX and could be closed by XX/XX/XXXX if approved. They offered me the end of last week around {$2000.00} as pain and suffering ( their offer, their words, not mine ) per XXXX XXXX regional manager and but that the rush was denied and it would now be XXXX before we could close. I asked to speak with XXXX XXXX for an explanation of why we can not expedite the loan closing at this point. Today, XX/XX/XXXX, XXXX XXXX was very condescending and disrespectful blaming my credit for the delays on closing and again offering almost {$2000.00} to make it right as an olive branch but he called me rude and angry, neither of which are true. After almost an hour and him apologizing for his initial tone with me, I agreed to the terms of closing the loan in XXXX and accepting the money offered to make the mistakes right. When I asked for this in writing because in the past few months so many promises had been made only to be broken and have people deny they made them to begin with, he agreed then said instead he was going to transfer my mortgage and not providing the payment offered previously. I expressed a desire to keep our arrangements to avoid the need of starting over completely once again and he refused. I asked if I could speak with his superior or CEO he refused and hung up on me. I am now forced to start the entire process over from the start after waiting almost 6 months to refinance with them. I am a widowed woman with children, working in XXXXealthcare during a worldwide pandemic and this entire process has put undue financial burden and added stress on me. If they did not wish to work with me due to my unattractive credit which was what XXXX blamed for the delays, they should have admitted that and referred me to a lender who could and would help me.",,Fairway Independent Mortgage Corporation,MO,63366.0,,Consent provided,Web,2020-08-10,Closed with explanation,1,,3788266,2020,8,1,Mortgage
2026-01-24,Credit reporting or other personal consumer reports,Credit reporting,Incorrect information on your report,Personal information incorrect,,Company has responded to the consumer and the CFPB and chooses not to provide a public response,"TRANSUNION INTERMEDIATE HOLDINGS, INC.",AR,71753.0,,Consent not provided,Web,2026-01-24,Closed with non-monetary relief,1,,18972412,2026,1,0,Credit reporting or other personal consumer reports
2025-11-25,Credit reporting or other personal consumer reports,Credit reporting,Incorrect information on your report,Information belongs to someone else,,Company has responded to the consumer and the CFPB and chooses not to provide a public response,Experian Information Solutions Inc.,RI,2907.0,,Consent not provided,Web,2025-11-25,Closed with explanation,1,,17502102,2025,11,0,Credit reporting or other personal consumer reports
2025-12-30,Credit reporting or other personal consumer reports,Credit reporting,Incorrect information on your report,Information belongs to someone else,,,"EQUIFAX, INC.",FL,33183.0,,Consent not provided,Web,2025-12-30,Closed with non-monetary relief,1,,18372948,2025,12,0,Credit reporting or other personal consumer reports
2025-04-26,Credit reporting or other personal consumer reports,Credit reporting,Incorrect information on your report,Account information incorrect,,,"EQUIFAX, INC.",FL,32824.0,,Consent not provided,Web,2025-04-26,Closed with explanation,1,,13192966,2025,4,0,Credit reporting or other personal consumer reports
2025-10-14,Credit reporting or other personal consumer reports,Credit reporting,Incorrect information on your report,Information belongs to someone else,,,"EQUIFAX, INC.",TX,77407.0,,Consent not provided,Web,2025-10-14,Closed with non-monetary relief,1,,16566058,2025,10,0,Credit reporting or other personal consumer reports
2026-02-11,Credit reporting or other personal consumer reports,Credit reporting,Problem with a company's investigation into an existing problem,Investigation took more than 30 days,,,Experian Information Solutions Inc.,FL,33025.0,,,Web,2026-02-11,In progress,1,,19410560,2026,2,0,Credit reporting or other personal consumer reports
2025-03-14,Credit reporting or other personal consumer reports,Credit reporting,Improper use of your report,Reporting company used your report improperly,"I discovered unauthorized and illegal access to my personal financial data by XXXX XXXX and D.O.G.E., causing me significant concern and distress. It appears that my financial accounts and personal records were accessed without my knowledge or permission, suggesting a serious breach of privacy. I have taken precautions by contacting my financial institution and monitoring my credit reports, but I remain worried about potential identity theft and the misuse of my information. I strongly believe that an investigation is warranted to determine how XXXX XXXX and D.O.G.E. were able to obtain and access my financial records without my authorization.",,"EQUIFAX, INC.",CA,95127.0,,Consent provided,Web,2025-03-14,Closed with explanation,1,,12466197,2025,3,1,Credit reporting or other personal consumer reports
2025-11-05,Credit reporting or other personal consumer reports,Credit reporting,Incorrect information on your report,Information belongs to someone else,,,"EQUIFAX, INC.",GA,30906.0,,Consent not provided,Web,2025-11-05,Closed with non-monetary relief,1,,17037121,2025,11,0,Credit reporting or other personal consumer reports
2022-02-09,"Credit reporting, credit repair services, or other personal consumer reports",Credit reporting,Incorrect information on your report,Information belongs to someone else,,Company has responded to the consumer and the CFPB and chooses not to provide a public response,Experian Information Solutions Inc.,PA,19406.0,,Consent not provided,Web,2022-02-09,Closed with non-monetary relief,1,,5205609,2022,2,0,Credit reporting / repair
2025-09-26,Credit card,General-purpose credit card or charge card,Problem with a company's investigation into an existing problem,Was not notified of investigation status or results,,Company has responded to the consumer and the CFPB and chooses not to provide a public response,"TRANSUNION INTERMEDIATE HOLDINGS, INC.",NJ,7430.0,,Consent not provided,Web,2025-09-26,Closed with explanation,1,,16213621,2025,9,0,Credit card
2025-10-30,Student loan,Federal student loan servicing,Dealing with your lender or servicer,Trouble with how payments are being handled,"This loan was taken out with three different schools the XXXX XXXX XXXX in XXXX XXXX, California, Florida XXXX XXXX in XXXX, Florida and XXXX in XXXX XXXX XXXX, XXXX  XXXX : U.S. Department of Education Secondary : Aidvantage Tertiary : Treasury Offset Program Issue : * XX/XX/XXXX CALL * * : * * Operator # In XX/XX/XXXX the IRS For her XXXX tax refund, filed via XXXX XXXX Taxes , the IRS confirmed payment to XXXX XXXX but Plaintiff has not confirmed receipt as of XX/XX/XXXX. On XX/XX/XXXX, IRS Operator # XXXX advised an address update by XX/XX/XXXX, with follow-up by XX/XX/XXXX, if ] * * told me wait 120 days * * knew money was taken in XXXX * * Why wouldnt they just tell me that the money was used as an offset for my federal loans instead of not sending me a notification and advantage not posting it to my account I didnt find out that it was posted into my account so I asked for my tax transcripts or I still wouldnt know I was supposed to call back again There were two more calls made to the IRS XXXX operator number XXXX And Another operator number was XXXX. An operator XXXX Unsure the call date. 
Aidvantage ( XX/XX/XXXX ) : * * NO PAYMENT POSTED * *. 
I only found out via * * IRS transcript * *.

This is * * FRAUD * *, * * DECEPTION * *, and * * DUE PROCESS VIOLATION * * under : - * * 31 U.S.C. 3716 * * ( no notice ) - File date : * * XX/XX/XXXX * *",,"Maximus Federal Services, Inc.",WV,26508.0,,Consent provided,Web,2025-10-30,Closed with explanation,1,,16915491,2025,10,1,Student loan
2025-12-08,Credit reporting or other personal consumer reports,Credit reporting,Problem with a company's investigation into an existing problem,Investigation took more than 30 days,,Company has responded to the consumer and the CFPB and chooses not to provide a public response,"TRANSUNION INTERMEDIATE HOLDINGS, INC.",NY,11370.0,,Consent not provided,Web,2025-12-08,Closed with explanation,1,,17818317,2025,12,0,Credit reporting or other personal consumer reports
2025-05-27,Credit reporting or other personal consumer reports,Credit reporting,Improper use of your report,Credit inquiries on your report that you don't recognize,,Company has responded to the consumer and the CFPB and chooses not to provide a public response,Experian Information Solutions Inc.,IL,60532.0,,Consent not provided,Web,2025-05-27,Closed with explanation,1,,13760175,2025,5,0,Credit reporting or other personal consumer reports
2025-05-14,Credit reporting or other personal consumer reports,Credit reporting,Problem with a company's investigation into an existing problem,Their investigation did not fix an error on your report,,,Experian Information Solutions Inc.,FL,32810.0,,Consent not provided,Web,2025-05-14,Closed with explanation,1,,13496752,2025,5,0,Credit reporting or other personal consumer reports
2023-07-21,"Credit reporting, credit repair services, or other personal consumer reports",Credit reporting,Problem with a credit reporting company's investigation into an existing problem,Their investigation did not fix an error on your report,,Company has responded to the consumer and the CFPB and chooses not to provide a public response,Experian Information Solutions Inc.,LA,71360.0,,Other,Web,2023-07-21,Closed with explanation,1,,7283416,2023,7,0,Credit reporting / repair
2026-01-20,Credit reporting or other personal consumer reports,Credit reporting,Incorrect information on your report,Information belongs to someone else,,Company has responded to the consumer and the CFPB and chooses not to provide a public response,"TRANSUNION INTERMEDIATE HOLDINGS, INC.",FL,32811.0,,Consent not provided,Web,2026-01-20,Closed with explanation,1,,18852492,2026,1,0,Credit reporting or other personal consumer reports
2021-07-29,"Credit reporting, credit repair services, or other personal consumer reports",Credit reporting,Incorrect information on your report,Account status incorrect,"FCRA VIOLATIONS : XXXX XXXX Under dispute Date opened XX/XX/XXXX Balance {$0.00} Status Closed. {$7900.00} written off. 
XXXXXXXX XXXX XXXX XXXX Potentially negative Date opened XX/XX/XXXX Balance {$990.00} Status Account charged off. {$990.00} written off. {$990.00} past due as of XX/XX/XXXX. 
XXXX XXXX XXXXXXXX XXXX Potentially negative Date opened XX/XX/XXXX Balance {$310.00} Status Collection account. {$310.00} past due as of XX/XX/XXXX. 
XXXX XXXX XXXX Potentially negative Date opened XX/XX/XXXX Balance {$4800.00} Status Collection account. {$4800.00} past due as of XX/XX/XXXX. 
XXXX XXXX XXXX XXXX  Potentially negative Date opened XX/XX/XXXX Balance {$2600.00} Status Account charged off. {$800.00} written off. {$1200.00} past due as of XX/XX/XXXX.",,Santander Consumer USA Holdings Inc.,TX,,,Consent provided,Web,2021-07-29,Closed with explanation,1,,4586175,2021,7,1,Credit reporting / repair
2015-04-03,Mortgage,Conventional fixed mortgage,"Loan servicing, payments, escrow account",,,,WELLS FARGO & COMPANY,FL,32210.0,,Other,Web,2015-04-07,Closed with explanation,1,0.0,1316203,2015,4,0,Mortgage
2025-12-11,Debt collection,I do not know,Took or threatened to take negative or legal action,Threatened or suggested your credit would be damaged,,,"Paramount GR Holdings, LLC",NM,87144.0,,Consent not provided,Web,2025-12-11,Closed with explanation,1,,17941952,2025,12,0,Debt collection
2024-05-07,Credit reporting or other personal consumer reports,Credit reporting,Incorrect information on your report,Account information incorrect,"I am XXXX XXXX, and Im submitting this complaint myself and there is no third party involved. I attached letters to let you know more in detail about what they are reporting in my credit report. They reported inaccurate information in my credit report with inconsistent and untimely dates reported across the three Bureaus, XXXX, Experian, and XXXX.",Company has responded to the consumer and the CFPB and chooses not to provide a public response,Experian Information Solutions Inc.,NY,,,Consent provided,Web,2024-05-07,Closed with explanation,1,,8946822,2024,5,1,Credit reporting or other personal consumer reports
2023-12-08,Credit reporting or other personal consumer reports,Credit reporting,Incorrect information on your report,Information belongs to someone else,,,"EQUIFAX, INC.",VA,23320.0,,Consent not provided,Web,2023-12-08,Closed with explanation,1,,7965103,2023,12,0,Credit reporting or other personal consumer reports
2024-02-22,Credit reporting or other personal consumer reports,Credit reporting,Incorrect information on your report,Account status incorrect,,Company has responded to the consumer and the CFPB and chooses not to provide a public response,Experian Information Solutions Inc.,DE,19805.0,,Consent not provided,Web,2024-02-22,Closed with explanation,1,,8389326,2024,2,0,Credit reporting or other personal consumer reports
2019-08-14,"Credit reporting, credit repair services, or other personal consumer reports",Credit reporting,Incorrect information on your report,Information belongs to someone else,"Hard Inquiries appearing but not placed b me the following Hard Inquiries were not made by me XXXX XXXX   XXXX, XXXX, XXXX XXXX/XXXX, XXXX XXXX XXXX, and XXXX XXXX XXXX Equifax please provide all methods used to verify this as accurate nd all tools used to verify these accounts as accurate",,"EQUIFAX, INC.",TX,75220.0,,Consent provided,Web,2019-08-14,Closed with explanation,1,,3339978,2019,8,1,Credit reporting / repair
2025-07-07,Credit reporting or other personal consumer reports,Credit reporting,Incorrect information on your report,Public record information inaccurate,,,"EQUIFAX, INC.",GA,30045.0,,Consent not provided,Web,2025-07-07,Closed with non-monetary relief,1,,14494528,2025,7,0,Credit reporting or other personal consumer reports
2022-09-29,"Credit reporting, credit repair services, or other personal consumer reports",Credit reporting,Improper use of your report,Reporting company used your report improperly,,Company has responded to the consumer and the CFPB and chooses not to provide a public response,"TRANSUNION INTERMEDIATE HOLDINGS, INC.",CA,90210.0,,Consent not provided,Web,2022-09-29,Closed with non-monetary relief,1,,6029710,2022,9,0,Credit reporting / repair
2025-10-09,Credit reporting or other personal consumer reports,Credit reporting,Incorrect information on your report,Information belongs to someone else,,,"EQUIFAX, INC.",WA,99216.0,,Consent not provided,Web,2025-10-09,Closed with non-monetary relief,1,,16465071,2025,10,0,Credit reporting or other personal consumer reports
2024-07-29,Credit card,General-purpose credit card or charge card,Getting a credit card,Application denied,"I want to receive pre-approved offers for credit cards from Destiny XXXX XXXX XXXX XXXX XXXX XXXX XXXX XXXX XXXX XXXXXXXX Mail XXXX XXXX email. Full XXXX XXXX XXXX, XXXX : XX/XX/year>, XXXX : XXXX",,"CLGF Holdco 1, LLC",MN,55343.0,Servicemember,Consent provided,Web,2024-07-29,Closed with explanation,1,,9631836,2024,7,1,Credit card
2024-10-17,Credit reporting or other personal consumer reports,Credit reporting,Improper use of your report,Reporting company used your report improperly,,,"EQUIFAX, INC.",GA,39840.0,,Consent not provided,Web,2024-10-17,Closed with non-monetary relief,1,,10484570,2024,10,0,Credit reporting or other personal consumer reports
2025-01-17,"Money transfer, virtual currency, or money service",Domestic (US) money transfer,Other transaction problem,,"I am filing a complaint against cashapp. ( Block, inc. ) Due to inadequate customer service and unfair practices, which violates the consumer financial protection act. ( CFPA ). Specifically, cashapp failed to take timely action due to effective measures to prevent and address fraud on their platform, leaving my account vulnerable and unprotected. Furthermore, their dispute resolution process was unfair and deceptive, and they did not comply with error resolution requirements under the electronic fund transfer act ( EFTA ) in regulations E. These actions has caused significant inconvenience and financial loss, and I seek appropriate redress for these violations.",,"Block, Inc.",NE,68104.0,,Consent provided,Web,2025-01-17,Closed with explanation,1,,11572128,2025,1,1,Money transfer / service
2026-01-11,Credit card,General-purpose credit card or charge card,Incorrect information on your report,Information belongs to someone else,,,CAPITAL ONE FINANCIAL CORPORATION,AR,72015.0,,Consent not provided,Web,2026-01-11,Closed with non-monetary relief,1,,18638235,2026,1,0,Credit card
2013-09-24,Debt collection,I do not know,Cont'd attempts collect debt not owed,Debt resulted from identity theft,,,"Dynamic Recovery Solutions, LLC",FL,33634.0,,,Web,2013-09-24,Closed with explanation,1,1.0,540219,2013,9,0,Debt collection
2014-09-30,Debt collection,I do not know,Cont'd attempts collect debt not owed,Debt is not mine,,,"Portfolio Recovery Associates, LLC",CA,94546.0,,,Web,2014-10-03,Closed with non-monetary relief,1,0.0,1050679,2014,9,0,Debt collection
2021-08-08,"Credit reporting, credit repair services, or other personal consumer reports",Credit reporting,Problem with a credit reporting company's investigation into an existing problem,Investigation took more than 30 days,,,"EQUIFAX, INC.",NY,12015.0,,Consent not provided,Web,2021-08-08,Closed with explanation,1,,4612907,2021,8,0,Credit reporting / repair
2025-03-10,Credit reporting or other personal consumer reports,Credit reporting,Incorrect information on your report,Information belongs to someone else,"I have not supplied proof under the doctrine of estoppel by silence, XXXX XXXX XXXXXXXX XXXX XXXX XXXX XXXX XXXXXXXX XXXX. I pressume that no proof of the alleged debt, nor therefore any such debt, in fact therefore exist.",Company has responded to the consumer and the CFPB and chooses not to provide a public response,Experian Information Solutions Inc.,LA,,,Consent provided,Web,2025-03-10,Closed with explanation,1,,12407349,2025,3,1,Credit reporting or other personal consumer reports
2025-01-16,Credit reporting or other personal consumer reports,Credit reporting,Incorrect information on your report,Information belongs to someone else,,,CL Holdings LLC,GA,30157.0,,Consent not provided,Web,2025-01-16,Closed with explanation,1,,11531985,2025,1,0,Credit reporting or other personal consumer reports
2018-05-02,Checking or savings account,Checking account,Managing an account,Problem accessing account,"I hold the durable power of attorney for my aunt who is medically unable to handle her finances and other items. Earlier last year we decided to move all of her banking from XXXX and XXXX XXXX to USAA Federal Savings Bank. This process was extremely difficult because even USAA didn't understand their own process for establishing a power of attorney on a new account. We were forced to deal with the same account lock out situation. After several weeks, the account was set up with the power of attorney and I was able to manage my aunt 's financial obligations. 

Today ( XX/XX/2018 ) when I tried to access her account, I received an error message indicating the account had been locked because contact information was incorrect. This seemed odd as I did not recently provide any contact information. I called the phone number that was provided to unlock the account and was told I would have to call back in several days. They refused to give me any reason for the account lock and hung up on me. 

I understand that sometimes security issues arise but that is no excuse for not notifying the member or their representatives ( as specified in the account details ) that were created when the account was opened that access may be limited during a security review. If USAA doesn't understand their own processes for POA 's on an account, perhaps they should review their policies and procedures and provide remedial training.",Company believes it acted appropriately as authorized by contract or law,UNITED SERVICES AUTOMOBILE ASSOCIATION,AZ,85032.0,Servicemember,Consent provided,Web,2018-05-03,Closed with explanation,1,,2894308,2018,5,1,Bank account / service
2025-02-03,"Money transfer, virtual currency, or money service",Mobile or digital wallet,Trouble accessing funds in your mobile or digital wallet,,"XXXX : Invoice was created and sent to customer to take care of payment XXXX : At XXXX payment was processed by customer using "" square '' with a ACH method. 
XXXX : At XXXX squared sent an email requesting MORE information pertaining to me and my business and requested me to upload a ton of personal documentation to support my company and business. 
XXXX : At XXXX I uploaded all required documentation pertaining to my business such EIN #, Driver License, LLC documentation, proof of communication between buyer and I, and much more into the "" Square portal '' XXXX : Received and email at XXXX from Square stating that "" my account was deactivated and that the decision was FINAL '' with no explanation or detail response as to why after I provided all the required documentation. It also stated my money/payment was going to be held with Square for min 90 days '' and offered an option to request a refund to my customer XXXX : I proceeded to call Square directly via phone and spoke to rep who told me she couldn't speak to me and couldn't find my account info and since I was "" deactivated '' she couldn't continue the phone conversation. When asked to speak to a manager she mentioned that its not possible and disconnected the call on me XXXX : Received an email from Square at XXXX stating that my "" invoice payment was paid for {$11000.00} '' from Square and on its way XXXX : Received another email from Square stating that my account now was "" limited not fully deactivated as stated prior '' and that a review of things was happening and continuing XXXX : Received yet another email from Square stating and I quote "" Thanks again for verifying your identity Hi XXXX XXXX XXXX Were happy to let you know that we finished our review and everything looks good. Your account is now fully restored with regular access. 

We know interruptions like this can be frustratingthanks for helping us keep you and your customers safe. 

Youre all set to get back to business. '' End of quote. Naturally this tells me that my account after their internal review stated that my account was good to go and funds should be no issue to be processed and received to me and no longer held by Square themselves. 
XXXX : Square online portal stating that my funds would be transferred on XX/XX/year> which didn't happen or take place. I figured since its a weekend I'll give it until Monday the XXXX and hopefully all will be good and processed. Monday XXXX came and nothing was completed nor was funds deposited into my account as ought to based on my account setup. 
XXXX : Called square yet again on the phone and demanded that i speak to a higher person and they refused to transfer and escalate to a manager to get more answers as to what happened here and status of my funds. Called ended with no resolution XXXX : Called Square yet again as I've gotten no where with this company and their customer service since the communications via email. Finally had someone who gave vague information and told me "" my account is deactivated '' reason why I'm not going to receive my money owe to me BUT yet I received email communication from Square that their review was completed and my account in FACT was in good standing and activated. The rep seemed to be stumped and couldn't answer why I received that communication but she is seeing something different. She had no answers and the call again ended with no resolution. 
XXXX : Called Square back yet another time hoping and praying I get someone willing to assist me professionally and promptly. I got this rep on the phone who stated "" I can assist you with at least processing a REFUND to the customer through the online portal '' as per their policy if one is "" deactivated '' you have 120 days to process a full refund to customer in order for them to pay you a different method other than Square. Well, we were on the phone for 45min trying to process this refund and their system internally would not process this procedure and was giving me errors after errors even with them being on the phone with me to do it. They mentioned that Square would "" escalate '' and give me an email back with resolution with 1-2 days. 
XXXX : 2 days went by and I received absolutely nothing back from Square pertaining to "" ticket # XXXX spoke to XXXX ''. I then proceeded to call back AGAIN to Square on XX/XX/year> asking why hasn't this been resolved and why are they still holding my money XXXX and not allowing me to at min refund my customer so he can pay a different method other than the scammers of Square. The rep mentioned that she saw nothing on her end of the escalation being addressed and gave me a new "" ticket # XXXX name XXXX  ''. At this point Square is giving the run around, mis guided communication, not resolving their internal issues with their systems, and no refund or money has been processed on my behalf. 

I have been impacted financially as this is how I take care of my family and livelihood and have exhausted all efforts to get this resolved. I need immediate resolution as there are tons of complaints and similar people who have been scammed by Square on forums and online. I've provided you in-depth details with time and dates as I've documented phone calls and saved all email communications. Please assist me as this is crushing to a small business owner like myself.",,"Block, Inc.",DE,19709.0,,Consent provided,Web,2025-02-03,Closed with explanation,1,,11914885,2025,2,1,Money transfer / service
2026-01-06,Credit reporting or other personal consumer reports,Credit reporting,Incorrect information on your report,Account information incorrect,,Company has responded to the consumer and the CFPB and chooses not to provide a public response,Experian Information Solutions Inc.,FL,32091.0,,Consent not provided,Web,2026-01-06,Closed with explanation,1,,18494990,2026,1,0,Credit reporting or other personal consumer reports
2024-12-25,Credit reporting or other personal consumer reports,Credit reporting,Improper use of your report,Reporting company used your report improperly,,,"EQUIFAX, INC.",IL,60504.0,,Consent not provided,Web,2024-12-25,Closed with non-monetary relief,1,,11263723,2024,12,0,Credit reporting or other personal consumer reports
2025-01-31,Credit reporting or other personal consumer reports,Credit reporting,Incorrect information on your report,Information belongs to someone else,,,"EQUIFAX, INC.",TX,78860.0,,Consent not provided,Web,2025-01-31,Closed with non-monetary relief,1,,11869833,2025,1,0,Credit reporting or other personal consumer reports
2025-04-01,Credit reporting or other personal consumer reports,Credit reporting,Problem with a company's investigation into an existing problem,Their investigation did not fix an error on your report,,Company has responded to the consumer and the CFPB and chooses not to provide a public response,"TRANSUNION INTERMEDIATE HOLDINGS, INC.",NC,28212.0,,Consent not provided,Web,2025-04-01,Closed with non-monetary relief,1,,12761269,2025,4,0,Credit reporting or other personal consumer reports
2018-01-03,Checking or savings account,Checking account,Managing an account,Deposits and withdrawals,,Company has responded to the consumer and the CFPB and chooses not to provide a public response,WELLS FARGO & COMPANY,MN,55016.0,,,Phone,2018-01-03,Closed with explanation,1,,2771214,2018,1,0,Bank account / service
2016-07-13,Debt collection,Credit card,Improper contact or sharing of info,Contacted me after I asked not to,"Every week for the past 3 weeks, Capital One has called me on my mobile phone asking to speak to my ex-boyfriend ( who I am no longer in contact with ) regarding a "" business matter ''. The first time they called ( XXXX/XXXX/16 ), I explained that I did n't know how to contact him and I asked them to remove my number from their list. They said they got my mobile number from an online database, and they would remove me. The second week ( XXXX/XXXX/16 XXXX, I talked to a different rep from Capital One named XXXX. Again, I told them to remove me from their list and asked why I had n't been removed yet. She said she was a new person assigned to his case and did n't know I had asked to be removed. I told them it was illegal for them to call me more than once after I asked them to stop calling me. They assured me I would be removed from their list and they would n't call again. Today, XXXX, I received yet another call from Capital One looking for my ex-boyfriend, this time from XXXX. I explained that this was the third time I was being contacted, and that it was illegal for them to continue to contact me. The rep said she was just assigned to his case and did n't see any notes about me asking to be removed from the list. I asked to speak to her manager. I spoke to XXXX and explained the situation. She also did not see any notes about me asking to be removed from their database. I told her they were in violation of the Debt Collection Practices Act and that I would be reporting Capital one to the Consumer Financial Protection Bureau. She said she would remove me from the list. I got a direct phone number to the supervisor 's line to use if I received any more calls.",,CAPITAL ONE FINANCIAL CORPORATION,OR,,,Consent provided,Web,2016-07-13,Closed with non-monetary relief,1,0.0,2010398,2016,7,1,Debt collection
2024-05-31,Credit reporting or other personal consumer reports,Credit reporting,Improper use of your report,Reporting company used your report improperly,,Company has responded to the consumer and the CFPB and chooses not to provide a public response,"TRANSUNION INTERMEDIATE HOLDINGS, INC.",FL,33573.0,,Consent not provided,Web,2024-05-31,Closed with non-monetary relief,1,,9132138,2024,5,0,Credit reporting or other personal consumer reports
2024-06-21,Credit reporting or other personal consumer reports,Credit reporting,Incorrect information on your report,Account information incorrect,,Company has responded to the consumer and the CFPB and chooses not to provide a public response,"NRA Group, LLC",OH,45236.0,,,Phone,2024-06-21,Closed with explanation,1,,9320494,2024,6,0,Credit reporting or other personal consumer reports
2025-09-04,Credit reporting or other personal consumer reports,Credit reporting,Problem with fraud alerts or security freezes,,,Company has responded to the consumer and the CFPB and chooses not to provide a public response,"TRANSUNION INTERMEDIATE HOLDINGS, INC.",WI,53209.0,,Consent not provided,Web,2025-09-04,Closed with explanation,1,,15688150,2025,9,0,Credit reporting or other personal consumer reports
2025-01-17,"Money transfer, virtual currency, or money service",Domestic (US) money transfer,Other transaction problem,,,,"Block, Inc.",NC,27565.0,,Other,Web,2025-01-17,Closed with explanation,1,,11569535,2025,1,0,Money transfer / service
2024-06-26,Credit reporting or other personal consumer reports,Credit reporting,Incorrect information on your report,Information belongs to someone else,"In accordance with the Fair Credit Reporting Act. The List of accounts below has violated my federally protected consumer rights to privacy and confidentiality under 15 USC 1681. 

Account Name : STATE OF MI OFFICE XXXX  Account XXXX Account Name : XXXX XXXX XXXX Account Number : XXXX Account Name : XXXX XXXX XXXX Account XXXX Account Name : XXXX  Account XXXX has violated my rights. Or a list of inquiries : 15 U.S.C 1681 section 602 A. States I have the right to privacy. 

15 U.S.C 1681 Section 604 A Section 2 : It also states a consumer reporting agency can not furnish a account without my written instructions 15 U.S.C 1681c. ( a ) ( 5 ) Section States : no consumer reporting agency may make any consumer report containing any of the following items of information Any other adverse item of information, other than records of convictions of crimes which antedates the report by more than seven years.

15 U.S.C. 1681s-2 ( A ) ( 1 ) A person shall not furnish any information relating to a consumer to any consumer reporting agency if the person knows or has reasonable cause to believe that the information is inaccurate.",Company has responded to the consumer and the CFPB and chooses not to provide a public response,"TRANSUNION INTERMEDIATE HOLDINGS, INC.",MI,48204.0,,Consent provided,Web,2024-06-26,Closed with non-monetary relief,1,,9350661,2024,6,1,Credit reporting or other personal consumer reports
2024-03-07,Debt collection,Other debt,Attempts to collect debt not owed,Debt was result of identity theft,,,"Bread Financial Holdings, Inc.",FL,33175.0,,Consent not provided,Web,2024-03-12,Closed with explanation,1,,8498555,2024,3,0,Debt collection
2024-02-24,Credit reporting or other personal consumer reports,Credit reporting,Improper use of your report,Reporting company used your report improperly,,Company has responded to the consumer and the CFPB and chooses not to provide a public response,"TRANSUNION INTERMEDIATE HOLDINGS, INC.",NY,11417.0,,Consent not provided,Web,2024-02-24,Closed with non-monetary relief,1,,8412970,2024,2,0,Credit reporting or other personal consumer reports
2025-02-20,Credit reporting or other personal consumer reports,Credit reporting,Incorrect information on your report,Account status incorrect,"XXXX XXXX XXXX XXXX XXXX XXXX XXXX XXXX, FL XXXX XXXX XX/XX/XXXX ( XXXX ) XXXX TransUnion Consumer Solutions XXXX XXXX XXXX XXXX, PA XXXX Subject : Dispute of Incorrectly Reported Collection Account XXXX XXXX, XXXX Dear TransUnion Dispute Team, I am writing to formally dispute the reporting of a collection account on my credit report. The account in question is with XXXX XXXX, XXXX, and it is being incorrectly reported as open on my credit file. This is inaccurate and should be corrected or removed immediately. 

Under the Fair Credit Reporting Act ( FCRA ), all information on a credit report must be accurate and up to date. Since this collection account is not an open account, its current reporting is incorrect. I am requesting that TransUnion investigate this matter and update my credit report accordingly by either correcting the account status or removing it entirely if the reporting is invalid. 

I have attached the following supporting documents for verification : A copy of my identification A utility bill for address verification A copy of my credit report highlighting the incorrect entry I request a written response confirming the resolution of this matter. Please contact me at ( XXXX ) XXXX or XXXX if further information is needed. 

Thank you for your prompt attention to this issue. 

Sincerely, XXXX XXXX",Company has responded to the consumer and the CFPB and chooses not to provide a public response,"TRANSUNION INTERMEDIATE HOLDINGS, INC.",FL,34476.0,,Consent provided,Web,2025-02-20,Closed with non-monetary relief,1,,12152399,2025,2,1,Credit reporting or other personal consumer reports
2026-02-23,Credit reporting or other personal consumer reports,Credit reporting,Incorrect information on your report,Information belongs to someone else,,,Experian Information Solutions Inc.,DE,19904.0,Servicemember,,Web,2026-02-23,In progress,1,,19713954,2026,2,0,Credit reporting or other personal consumer reports
2026-03-20,Credit reporting or other personal consumer reports,Credit reporting,Improper use of your report,Reporting company used your report improperly,,Company has responded to the consumer and the CFPB and chooses not to provide a public response,"TRANSUNION INTERMEDIATE HOLDINGS, INC.",MI,48235.0,,Consent not provided,Web,2026-03-20,Closed with explanation,1,,20445065,2026,3,0,Credit reporting or other personal consumer reports
2025-11-09,Credit reporting or other personal consumer reports,Credit reporting,Improper use of your report,Reporting company used your report improperly,,Company has responded to the consumer and the CFPB and chooses not to provide a public response,Experian Information Solutions Inc.,TX,77072.0,,Consent not provided,Web,2025-11-09,Closed with explanation,1,,17128530,2025,11,0,Credit reporting or other personal consumer reports
2023-01-24,"Credit reporting, credit repair services, or other personal consumer reports",Credit reporting,Improper use of your report,Reporting company used your report improperly,"On XX/XX/2022, letters were sent to each credit bureau reporting agency requesting they verify the accuracy and authenticity of specific negative accounts I found on my credit report. Correspondences were sent certified mail ( see attached ). 

Upon conclusion of their investigations, the inaccuracies still remained on my credit report, causing irreparable harm with my interactions with creditors in trying to obtain loans and lines of credit to start my small business and also to obtain prequalification for a mortgage to purchase my first home. 

The Credit Bureaus stated the accounts were properly investigated but how is it possible that there are still inaccuracies such as Date Opened, Date Last Active and Date Last Reported, no Payment History, and inaccurate comments. This is grounds for removal and they also violated my rights under the follow statute : 15 U.S.C. 1681 sec 602 A - States that I have a right to privacy.

15 U.S.C. Section 604 A Section 2 - States that a consumer reporting agency can not furnish a account without my written permission. 

Also the credit bureaus took more than 30 days to complete their investigation see attach for certified mail tracking info.",Company has responded to the consumer and the CFPB and chooses not to provide a public response,"TRANSUNION INTERMEDIATE HOLDINGS, INC.",VA,22201.0,,Consent provided,Web,2023-01-24,Closed with non-monetary relief,1,,6480416,2023,1,1,Credit reporting / repair
2026-03-19,Credit reporting or other personal consumer reports,Credit reporting,Improper use of your report,Credit inquiries on your report that you don't recognize,,,"TRANSUNION INTERMEDIATE HOLDINGS, INC.",FL,,,,Web,2026-03-19,In progress,1,,20408063,2026,3,0,Credit reporting or other personal consumer reports
2024-02-29,Debt collection,Other debt,Attempts to collect debt not owed,Debt was result of identity theft,,,"Kriya Capital, LLC",NJ,8854.0,,Consent not provided,Web,2024-02-29,Closed with non-monetary relief,1,,8445662,2024,2,0,Debt collection
2020-08-23,Debt collection,I do not know,Written notification about debt,Didn't receive enough information to verify debt,"Filed dispute with pro collect inc. on XXXX.requested verification under the FDCPA.the following verification requested were as follows : 1.proof that I either owned or were assigned this debt from the creditors. 
2.proof that you have the right to collect this debt in my state. 
3.proof that your company carries a bond. 
4.proof on how your company assessed the outstanding debt. 
5.payment history from the original creditor. 
6.name and address from the original creditor. 
7.copy of the contract bearing my authentic signature. 
35 days has past and I have not received any correspondence.",Company has responded to the consumer and the CFPB and chooses not to provide a public response,"ProCollect, Inc.",TX,77045.0,,Consent provided,Web,2020-08-23,Closed with explanation,1,,3810073,2020,8,1,Debt collection
2025-08-18,Credit reporting or other personal consumer reports,Credit reporting,Problem with a company's investigation into an existing problem,Investigation took more than 30 days,,,"EQUIFAX, INC.",CA,95363.0,,Consent not provided,Web,2025-08-18,Closed with non-monetary relief,1,,15351849,2025,8,0,Credit reporting or other personal consumer reports
2025-10-07,"Money transfer, virtual currency, or money service",Mobile or digital wallet,Fraud or scam,,,,Chime Financial Inc,NY,11224.0,,,Web,2025-10-07,Closed with explanation,1,,16429915,2025,10,0,Money transfer / service
2024-06-14,Credit reporting or other personal consumer reports,Credit reporting,Incorrect information on your report,Information belongs to someone else,,,"EQUIFAX, INC.",FL,33018.0,,Consent not provided,Web,2024-06-14,Closed with non-monetary relief,1,,9263598,2024,6,0,Credit reporting or other personal consumer reports
2025-02-08,Credit reporting or other personal consumer reports,Credit reporting,Problem with a company's investigation into an existing problem,Investigation took more than 30 days,,Company has responded to the consumer and the CFPB and chooses not to provide a public response,"TRANSUNION INTERMEDIATE HOLDINGS, INC.",OK,73111.0,,Consent not provided,Web,2025-02-08,Closed with non-monetary relief,1,,12000590,2025,2,0,Credit reporting or other personal consumer reports
2025-02-04,Credit reporting or other personal consumer reports,Credit reporting,Incorrect information on your report,Information belongs to someone else,,Company has responded to the consumer and the CFPB and chooses not to provide a public response,"TRANSUNION INTERMEDIATE HOLDINGS, INC.",MN,55425.0,,Consent not provided,Web,2025-02-04,Closed with non-monetary relief,1,,11936102,2025,2,0,Credit reporting or other personal consumer reports
2026-03-10,Credit reporting or other personal consumer reports,Credit reporting,Problem with a company's investigation into an existing problem,Their investigation did not fix an error on your report,,,"TRANSUNION INTERMEDIATE HOLDINGS, INC.",OH,44035.0,,,Web,2026-03-10,In progress,1,,20135395,2026,3,0,Credit reporting or other personal consumer reports
2025-01-06,Credit reporting or other personal consumer reports,Credit reporting,Incorrect information on your report,Information belongs to someone else,,Company has responded to the consumer and the CFPB and chooses not to provide a public response,"TRANSUNION INTERMEDIATE HOLDINGS, INC.",FL,33463.0,,Consent not provided,Web,2025-01-06,Closed with non-monetary relief,1,,11398357,2025,1,0,Credit reporting or other personal consumer reports
2021-12-29,"Credit reporting, credit repair services, or other personal consumer reports",Credit reporting,Problem with a credit reporting company's investigation into an existing problem,Their investigation did not fix an error on your report,After obtaining a copy of my consumer report. I seen that they were numerous unauthorized transactions furnished onto my consumer report. I never gave him an information for any of this to be furnished. An so to use my Social Security number an personal information without my consent is fraud an identity theft. I cant believe that this company would furnish these fraudulent inquiries and accounts on my consumer report without even contacting me. Or getting some type of written permission from me. I have to speed of these inquiries and accounts numerous times. These accounts are in violation of my consumer rights. This has caused me XXXX XXXX XXXX XXXX XXXX An caused me to get denied for numerous things which I consider damages.,,"EQUIFAX, INC.",CA,,,Consent provided,Web,2021-12-29,Closed with explanation,1,,5051517,2021,12,1,Credit reporting / repair
2023-02-28,"Credit reporting, credit repair services, or other personal consumer reports",Credit reporting,Improper use of your report,Reporting company used your report improperly,,,"EQUIFAX, INC.",MN,55422.0,,Consent not provided,Web,2023-02-28,Closed with explanation,1,,6631385,2023,2,0,Credit reporting / repair
2022-07-03,"Credit reporting, credit repair services, or other personal consumer reports",Credit reporting,Incorrect information on your report,Account status incorrect,"The issue as I see it with all reporting agencies is as follows. 
Once discharged in a bankruptcy XXXX XXXX why are banks and institutions still allowed to keep old late payments and derogatory credit information on my report for XXXX years. Ive already faced the ultimate price and embarrassment of not being able to fulfill my financial obligations and losing everything. As Im sure so many others have faced. 
The complaint is if we have on our reports a Public Record of bankruptcy for all to see for XXXX which also gives us a chance to start again, by clearing a path to make that start. Also legally having no further obligation to the institutions. Why do reporting agencies or the Govt agencies allow the reporting agencies in conjunction with the institutions still show what has been discharged. 
New credit establishments can see the bankruptcy big and bold so they will either work or not with us which is at there discretion and fully understandable. 
So why allow the so-called discharged past of late payment or settled reporting be there after bankruptcy hurting us while Re-establishing doesnt the bankruptcy say it all? 
I realize this is a long statement but need a to be addressed for all not just myself. 

Thank you for your help and time in advance.",Company has responded to the consumer and the CFPB and chooses not to provide a public response,"TRANSUNION INTERMEDIATE HOLDINGS, INC.",NY,11779.0,,Consent provided,Web,2022-07-03,Closed with non-monetary relief,1,,5730638,2022,7,1,Credit reporting / repair
2022-12-16,"Credit reporting, credit repair services, or other personal consumer reports",Credit reporting,Incorrect information on your report,Information belongs to someone else,"I submitted a letter to the 3 Credit Bureaus to discard this suspicious information. I think you have not validated these items in accordance with Sections 609 ( a ) ( 1 ) ( A ) and 611 ( a ) ( 1 ) ( A ), and I will pursue legal action against them. This was already included in my prior COMPLAINT #, and I'm including it again. 
XXXX XXXX XXXX XXXX XXXX XXXX XXXX XXXX XXXX XXXX XXXX XXXX XXXX XXXX XXXX XXXX XXXX XXXX XXXX XXXX XXXX XXXX XXXX XXXX XXXX XXXX XXXX XXXX XXXX XXXX XXXX XXXX XXXX XXXX XXXX XXXX XXXX XXXX XXXX XXXX XXXX XXXX XXXX XXXX XXXX XXXX XXXX XXXX XXXX XXXX XXXX XXXX XXXX XXXX XXXX XXXX XXXX XXXX XXXX XXXX XXXX XXXX XXXX XXXX XXXX XXXX XXXX XXXX XXXX XXXX XXXX",Company has responded to the consumer and the CFPB and chooses not to provide a public response,"TRANSUNION INTERMEDIATE HOLDINGS, INC.",TX,77407.0,,Consent provided,Web,2022-12-16,Closed with non-monetary relief,1,,6323182,2022,12,1,Credit reporting / repair
2025-07-29,Credit reporting or other personal consumer reports,Credit reporting,Improper use of your report,Credit inquiries on your report that you don't recognize,,Company has responded to the consumer and the CFPB and chooses not to provide a public response,HYUNDAI CAPITAL AMERICA,SC,29745.0,,Consent not provided,Web,2025-07-29,Closed with explanation,1,,14962254,2025,7,0,Credit reporting or other personal consumer reports
2020-09-02,Checking or savings account,Checking account,Managing an account,Deposits and withdrawals,"2 weeks after I was laid off from a disgruntled employer on XX/XX/20, she called Bank of America & made a false fraud claim stating all reimbursement, tip & side job checks were stolen which then froze my account on XX/XX/20. 
After multiple calls lasting 2+ hours I finally got someone on the phone that informed me the situation & gave me a claim # & fax # to send my supporting documents which I did, however without any due diligence the claim was closed in the others favor when I called to inquire again on the phone for 2+ hours was told by even the fraud department supervisor that something was off because it was closed without anybody even going through the 150+ page fax so I was told I should open a new claim which I did, then once again I had faxed in supporting documents this time 175+ pages once again claim closed without anybody going through & even looking at fax sent for the second time so I contact the FDIC which forwarded my claim to this branch. 
I was informed my accounts were closed XX/XX/20 by not only tellers & bankers at the branch but over the phone as well. 
On XX/XX/20 a previous claim closed in my favor totaling {$410.00} & change was deposited into my "" closed '' accounts along with my tax return of {$2700.00} that the bank excepted after my account was supposedly closed When I went in the branch to inquire nobody could give me an answer except they have 11 days after account close to accept deposits but the time frame was past Once the bank was contacted in regards to my claim a lady by the name of XXXX XXXX to confirm I made the claim & she instructed me to file yet another claim which i did on XX/XX/20 & spoke with a lady that was just as baffled as I was & notated my file a bunch then once again got the run around then when I called in last week XX/XX/20 I was fortunate to get the same lady I had spoke with in the beginning of the month whom informed me my account was closed without anybody even looking at any fax or notations pertaining to the claim that was fraudulently made out of retaliation. 
In the fine print from bank of America it states anybody that has any problems or questions regarding your account/ bank statements you have 30 days & in some cases 60 days yet bank of America went back 4 months Regardless the fact they initiated a claim past the  allotted stated time frame nobody did any kind of due diligence and compared other employees checks with the ones in question even to payroll but never happened. 
So in the last 4 months my accounts were wrongly frozen over {$10000.00} taken out & awarded to the disgruntled employer nobody actually doing their job & investigating Then my account was i guess oxidant closed as of XX/XX/20 & was told no matter how many claims I open they weren't going to reopen/ relinquish about it because they already made a decision ( without even looking at evidence in the first place ) I want my money back that the bank stole from me",Company has responded to the consumer and the CFPB and chooses not to provide a public response,"BANK OF AMERICA, NATIONAL ASSOCIATION",CA,92870.0,,Consent provided,Web,2020-09-02,Closed with monetary relief,1,,3826793,2020,9,1,Bank account / service
2025-12-20,Credit reporting or other personal consumer reports,Credit reporting,Incorrect information on your report,Information belongs to someone else,,,"EQUIFAX, INC.",FL,32703.0,,Consent not provided,Web,2025-12-20,Closed with non-monetary relief,1,,18196472,2025,12,0,Credit reporting or other personal consumer reports
2019-02-13,"Credit reporting, credit repair services, or other personal consumer reports",Credit reporting,Incorrect information on your report,Account status incorrect,,Company has responded to the consumer and the CFPB and chooses not to provide a public response,Experian Information Solutions Inc.,PA,16441.0,,Consent not provided,Web,2019-02-13,Closed with explanation,1,,3150934,2019,2,0,Credit reporting / repair
2024-10-25,Credit reporting or other personal consumer reports,Credit reporting,Problem with a company's investigation into an existing problem,Their investigation did not fix an error on your report,,Company has responded to the consumer and the CFPB and chooses not to provide a public response,Experian Information Solutions Inc.,TX,77068.0,,Consent not provided,Web,2024-10-25,Closed with explanation,1,,10571113,2024,10,0,Credit reporting or other personal consumer reports
2025-09-16,Credit reporting or other personal consumer reports,Credit reporting,Incorrect information on your report,Information belongs to someone else,,Company has responded to the consumer and the CFPB and chooses not to provide a public response,Experian Information Solutions Inc.,TX,75035.0,,Consent not provided,Web,2025-09-16,Closed with explanation,1,,15984203,2025,9,0,Credit reporting or other personal consumer reports
2025-10-10,Credit reporting or other personal consumer reports,Credit reporting,Incorrect information on your report,Account information incorrect,,Company has responded to the consumer and the CFPB and chooses not to provide a public response,Experian Information Solutions Inc.,CA,90047.0,,,Web,2025-10-10,Closed with explanation,1,,16511204,2025,10,0,Credit reporting or other personal consumer reports
2022-04-04,"Credit reporting, credit repair services, or other personal consumer reports",Credit reporting,Incorrect information on your report,Personal information incorrect,"I have a XXXX XXXX  car loan, but on my credit report the address they have it's incorrect, I never stayed there. I always stayed at XXXX XXXX XXXX XXXX XXXX XXXX NC XXXX. Plus the loan they have out for the car I don't even have it anymore. 

In accordance with the fair credit reporting act XXXX  Account # XXXX has violated my rights. 

15 U.S.C 1681 section 602 A. States I have the right to privacy.

15 U.S.C 1681 Section 604 A Section 2 : it also states a consumer reporting agency can not furnish a account without my written instructions.",,"EQUIFAX, INC.",NC,28314.0,,Consent provided,Web,2022-04-04,Closed with explanation,1,,5401914,2022,4,1,Credit reporting / repair
2022-03-03,"Money transfer, virtual currency, or money service",Domestic (US) money transfer,Fraud or scam,,,,JPMORGAN CHASE & CO.,TX,78715.0,,Consent not provided,Web,2022-03-03,Closed with explanation,1,,5283963,2022,3,0,Money transfer / service
2025-01-08,Credit reporting or other personal consumer reports,Credit reporting,Problem with a company's investigation into an existing problem,Investigation took more than 30 days,,,"EQUIFAX, INC.",GA,30326.0,,Consent not provided,Web,2025-01-08,Closed with non-monetary relief,1,,11428228,2025,1,0,Credit reporting or other personal consumer reports
2020-08-17,"Credit reporting, credit repair services, or other personal consumer reports",Credit reporting,Problem with a credit reporting company's investigation into an existing problem,Their investigation did not fix an error on your report,,Company has responded to the consumer and the CFPB and chooses not to provide a public response,Experian Information Solutions Inc.,VA,22102.0,,Other,Web,2020-08-17,Closed with explanation,1,,3800095,2020,8,0,Credit reporting / repair
2022-05-31,"Money transfer, virtual currency, or money service",Virtual currency,Fraud or scam,,"My account was frozen, all my XXXX XXXX asset was taken from my account by Kraken after I made a deposit with the amount, Im losing money because Im not able to sell my UST for market price. Customer service not replying to emails, agents who answer phone calls have no clue. An extremely serious disaster.",,Payward Ventures Inc. dba Kraken,FL,,,Consent provided,Web,2022-05-31,Closed with explanation,1,,5613268,2022,5,1,Money transfer / service
2023-07-28,"Credit reporting, credit repair services, or other personal consumer reports",Credit reporting,Incorrect information on your report,Information belongs to someone else,,,"EQUIFAX, INC.",PR,740.0,,Consent not provided,Web,2023-07-28,Closed with explanation,1,,7317810,2023,7,0,Credit reporting / repair
2019-01-08,Checking or savings account,Checking account,Managing an account,Deposits and withdrawals,,,JPMORGAN CHASE & CO.,,,,,Phone,2019-01-10,Closed with explanation,1,,3119860,2019,1,0,Bank account / service
2019-10-28,"Credit reporting, credit repair services, or other personal consumer reports",Credit reporting,Incorrect information on your report,Account status incorrect,,Company has responded to the consumer and the CFPB and chooses not to provide a public response,"TRANSUNION INTERMEDIATE HOLDINGS, INC.",FL,33157.0,,,Postal mail,2019-10-28,Closed with explanation,1,,3420338,2019,10,0,Credit reporting / repair
2017-09-28,Debt collection,Other debt,Attempts to collect debt not owed,Debt is not yours,,,Ocwen Financial Corporation,NV,89120.0,,Consent not provided,Web,2017-10-16,Closed with explanation,1,,2687581,2017,9,0,Debt collection
2025-04-24,Credit reporting or other personal consumer reports,Credit reporting,Problem with a company's investigation into an existing problem,Their investigation did not fix an error on your report,"I have a goal of getting a house as soon as possible but the stuff on my credit report will really put me in trouble, been waiting for the credit bureaus response and its really making me feel XXXX since it seems that theyre not doing anything to resolve my issue. My name is XXXX XXXX and I am filing this complaint for falsely reporting misleading information. There is no third party involved, its me personally who is filling this complaint. Please review the uploaded letters.",,"EQUIFAX, INC.",FL,34741.0,,Consent provided,Web,2025-04-24,Closed with non-monetary relief,1,,13167425,2025,4,1,Credit reporting or other personal consumer reports
2025-01-20,Credit reporting or other personal consumer reports,Credit reporting,Problem with a company's investigation into an existing problem,Problem with personal statement of dispute,"I am filing a Complaint against Equifax for failing to properly investigate my disputes regarding inaccuracies in my credit report. Despite my submissions, Equifax consistently responds within 24 hours stating the account is accurate, without providing any evidence of a thorough investigation. This practice violates the Fair Credit Reporting Act ( FCRA ), 15 U.S.C. 1681i, which mandates a reasonable investigation of disputes. Furthermore, Equifaxs actions may also contravene the Consumer Financial Protection Act ( CFPA ), 12 U.S.C. 5536 ( a ) ( 1 ) ( A ) - ( B ), as highlighted in the CFPBs recent administrative proceeding. I request that the CFPB take action to ensure Equifax complies with federal law and provides consumers with the necessary proof of investigations.",,"EQUIFAX, INC.",NC,28216.0,,Consent provided,Web,2025-01-20,Closed with explanation,1,,11589802,2025,1,1,Credit reporting or other personal consumer reports
2024-12-10,Credit reporting or other personal consumer reports,Credit reporting,Incorrect information on your report,Information belongs to someone else,,Company has responded to the consumer and the CFPB and chooses not to provide a public response,"TRANSUNION INTERMEDIATE HOLDINGS, INC.",GA,31525.0,,Consent not provided,Web,2024-12-10,Closed with non-monetary relief,1,,11100293,2024,12,0,Credit reporting or other personal consumer reports
2023-02-15,"Credit reporting, credit repair services, or other personal consumer reports",Credit reporting,Problem with a credit reporting company's investigation into an existing problem,Investigation took more than 30 days,,,"SANTANDER HOLDINGS USA, INC.",TN,38125.0,,Consent not provided,Web,2023-02-15,Closed with explanation,1,,6576380,2023,2,0,Credit reporting / repair
2025-02-12,Credit reporting or other personal consumer reports,Credit reporting,Incorrect information on your report,Information belongs to someone else,,,"EQUIFAX, INC.",GA,30281.0,,Consent not provided,Web,2025-02-12,Closed with explanation,1,,12073369,2025,2,0,Credit reporting or other personal consumer reports
2026-01-06,Credit reporting or other personal consumer reports,Credit reporting,Incorrect information on your report,Personal information incorrect,,Company has responded to the consumer and the CFPB and chooses not to provide a public response,"TRANSUNION INTERMEDIATE HOLDINGS, INC.",VA,22901.0,,Consent not provided,Web,2026-01-06,Closed with explanation,1,,18508068,2026,1,0,Credit reporting or other personal consumer reports
2026-03-09,Credit reporting or other personal consumer reports,Credit reporting,Incorrect information on your report,Information belongs to someone else,,Company has responded to the consumer and the CFPB and chooses not to provide a public response,"TRANSUNION INTERMEDIATE HOLDINGS, INC.",NC,28216.0,,Consent not provided,Web,2026-03-09,Closed with explanation,1,,20110893,2026,3,0,Credit reporting or other personal consumer reports
2025-11-28,Credit reporting or other personal consumer reports,Credit reporting,Problem with a company's investigation into an existing problem,Investigation took more than 30 days,,Company has responded to the consumer and the CFPB and chooses not to provide a public response,"TRANSUNION INTERMEDIATE HOLDINGS, INC.",MI,48188.0,,Consent not provided,Web,2025-11-28,Closed with explanation,1,,17564338,2025,11,0,Credit reporting or other personal consumer reports
2025-10-15,Credit reporting or other personal consumer reports,Credit reporting,Incorrect information on your report,Information belongs to someone else,,Company has responded to the consumer and the CFPB and chooses not to provide a public response,"TRANSUNION INTERMEDIATE HOLDINGS, INC.",GA,30052.0,,Consent not provided,Web,2025-10-15,Closed with non-monetary relief,1,,16601966,2025,10,0,Credit reporting or other personal consumer reports
2026-01-05,Credit reporting or other personal consumer reports,Credit reporting,Incorrect information on your report,Account status incorrect,,,"EQUIFAX, INC.",LA,,,,Web,2026-01-05,Closed with non-monetary relief,1,,18475355,2026,1,0,Credit reporting or other personal consumer reports
2022-11-02,"Credit reporting, credit repair services, or other personal consumer reports",Credit reporting,Incorrect information on your report,Information belongs to someone else,"Im submitting a complaint to you today to inform you I was the victim of identity theft. I researched on how to remove the fraudulent items in my report and found that I need to visit FEDERAL TRADE COMMISION or https : //www.ftc.gov to file a report and Per FCRA section 605b Credit Reporting Agencies are required to remove/block any items listed on an id theft report. Please find the ATTACHED documents to assist in the blocking of the erroneous information which is being posted to my report. 
Here is the list of items which do not belong to me or were opened without my permission. 
XXXX XXXX XXXX XXXX XXXX XXXX XXXX XXXX XXXX XXXX XXXX XXXX XXXX XXXX XXXX XXXX XXXX XXXX XXXX XXXX XXXX XXXX XXXX XXXX XXXX XXXX XXXX XXXX XXXX XXXX XXXX XXXX XXXX XXXX XXXX XXXX XXXX XXXX XXXX XXXX XXXX XXXX XXXX XXXX XXXX XXXX XXXX XXXX XXXX XXXX XXXX XXXX Balance : {$0.00} XXXX XXXX XXXXXXXX Balance : {$0.00} XXXX XXXXXXXX Balance : {$0.00} XXXX XXXX Balance : {$2400.00} XXXX XXXX XXXX ( Original Creditor : XXXX XXXX XXXX ) XXXX Balance XXXX {$780.00} XXXX XXXX XXXX  ( Original Creditor : XXXX XXXX XXXX ) XXXX Balance : {$1000.00} XXXX XXXX XXXX  ( Original Creditor : XXXX XXXX XXXX XXXX ) XXXX Balance : {$1000.00} XXXX XXXX XXXX XXXX Balance : {$480.00} XXXX XXXX XXXX XXXX Balance : {$1000.00} XXXX XXXX XXXX XXXX Balance : {$800.00} XXXX ( Original Creditor : XXXX XXXX XXXX  ) XXXX XXXX XXXX {$610.00} XXXX XXXXXX/XX/XXXX XXXX XXXX XXXX XXXX XX/XX/XXXX XXXX XX/XX/XXXXXXXX XXXX XXXX XXXX XXXX XXXX XXXX XXXXXXXX XXXX XXXX XXXX XXXX XXXX XXXX XXXX XXXX XXXX XXXX XXXX XXXX XXXX XXXX XXXX XXXX XXXX XXXX XXXX XXXX XXXX XXXX XXXX XXXX XXXX XXXX XXXX XXXX XXXX XXXX XXXX XXXX XXXX XXXX XXXX XXXX XXXX XXXX XXXX XXXX XXXX XXXX XXXX XXXX XXXX XXXX XXXX XXXX XXXX XXXX XXXX  According to FCRA Section 605B ( a ) the CREDIT REPORTING AGENCIES shall block any information in the file of a consumer that the consumer identifies as information that resulted from an alleged identity theft, not later than 4 business days after the date of receipt.",Company has responded to the consumer and the CFPB and chooses not to provide a public response,Experian Information Solutions Inc.,FL,,,Consent provided,Web,2022-11-02,Closed with explanation,1,,6155941,2022,11,1,Credit reporting / repair
2024-06-25,Credit reporting or other personal consumer reports,Credit reporting,Incorrect information on your report,Information belongs to someone else,,Company has responded to the consumer and the CFPB and chooses not to provide a public response,Experian Information Solutions Inc.,MA,2301.0,,Consent not provided,Web,2024-06-25,Closed with explanation,1,,9339823,2024,6,0,Credit reporting or other personal consumer reports
2025-03-19,Debt collection,Other debt,Attempts to collect debt not owed,Debt is not yours,,Company believes it acted appropriately as authorized by contract or law,"CCS Financial Services, Inc.",FL,32164.0,,Consent not provided,Web,2025-03-19,Closed with explanation,0,,12563492,2025,3,0,Debt collection
2025-01-28,Credit reporting or other personal consumer reports,Credit reporting,Incorrect information on your report,Personal information incorrect,"This is my final notice regarding your ongoing noncompliance with federal credit reporting laws. I previously disputed the accuracy and legitimacy of several items on my credit report, yet your agency has failed to act in accordance with the Fair Credit Reporting Act ( FCRA ) and the Fair Debt Collection Practices Act ( FDCPA ).

Your violations include : Failure to validate the debt as required under 15 USC 1692g ( Section 809 ( b ) ).

Continuing communication after a certified cease-and-desist request, violating 15 USC 1692c ( Section 805 ( c ) ).

Harassment under 15 USC 1692d ( Section 806 ). 
Recently, I received notice that your investigation was complete, but the disputed accounts remain on my credit report. These accounts are not only inaccurate but were never authorized by me. No valid contract exists, and I have not provided any written consent for the reporting of these accounts, as required under 15 U.S. Code 1681b.",Company has responded to the consumer and the CFPB and chooses not to provide a public response,Experian Information Solutions Inc.,SC,29016.0,,Consent provided,Web,2025-01-28,Closed with explanation,1,,11812778,2025,1,1,Credit reporting or other personal consumer reports
2024-05-16,Credit reporting or other personal consumer reports,Credit reporting,Improper use of your report,Credit inquiries on your report that you don't recognize,,Company has responded to the consumer and the CFPB and chooses not to provide a public response,"TRANSUNION INTERMEDIATE HOLDINGS, INC.",NV,89108.0,,Consent not provided,Web,2024-05-16,Closed with non-monetary relief,1,,9023871,2024,5,0,Credit reporting or other personal consumer reports
2023-09-06,Credit reporting or other personal consumer reports,Credit reporting,Incorrect information on your report,Information belongs to someone else,,,"EQUIFAX, INC.",FL,33176.0,,Consent not provided,Web,2023-09-06,Closed with non-monetary relief,1,,7503097,2023,9,0,Credit reporting or other personal consumer reports
2025-01-05,Credit reporting or other personal consumer reports,Credit reporting,Improper use of your report,Reporting company used your report improperly,,Company has responded to the consumer and the CFPB and chooses not to provide a public response,Experian Information Solutions Inc.,NY,11213.0,,Consent not provided,Web,2025-01-05,Closed with explanation,1,,11390217,2025,1,0,Credit reporting or other personal consumer reports
2025-07-24,Credit reporting or other personal consumer reports,Credit reporting,Incorrect information on your report,Information belongs to someone else,Could you please take a moment to review and examine the attached documents? I believe your expertise will be invaluable in ensuring their accuracy and completeness. Your feedback and insights would be greatly appreciated. Thank you for your time and consideration in this matter.,Company has responded to the consumer and the CFPB and chooses not to provide a public response,"TRANSUNION INTERMEDIATE HOLDINGS, INC.",TX,75040.0,,Consent provided,Web,2025-07-24,Closed with explanation,1,,14821217,2025,7,1,Credit reporting or other personal consumer reports
2026-01-14,Credit reporting or other personal consumer reports,Credit reporting,Incorrect information on your report,Information belongs to someone else,,Company has responded to the consumer and the CFPB and chooses not to provide a public response,"TRANSUNION INTERMEDIATE HOLDINGS, INC.",LA,,,,Web,2026-01-14,Closed with explanation,1,,18727800,2026,1,0,Credit reporting or other personal consumer reports
2023-10-10,Credit reporting or other personal consumer reports,Credit reporting,Incorrect information on your report,Information belongs to someone else,,Company has responded to the consumer and the CFPB and chooses not to provide a public response,Experian Information Solutions Inc.,FL,32821.0,,Consent not provided,Web,2023-10-10,Closed with explanation,1,,7676447,2023,10,0,Credit reporting or other personal consumer reports
2023-07-10,"Credit reporting, credit repair services, or other personal consumer reports",Credit reporting,Problem with a credit reporting company's investigation into an existing problem,Their investigation did not fix an error on your report,,Company has responded to the consumer and the CFPB and chooses not to provide a public response,"TRANSUNION INTERMEDIATE HOLDINGS, INC.",NC,28314.0,,Consent not provided,Web,2023-07-10,Closed with non-monetary relief,1,,7227399,2023,7,0,Credit reporting / repair
2025-06-12,Credit reporting or other personal consumer reports,Credit reporting,Incorrect information on your report,Information belongs to someone else,,,"EQUIFAX, INC.",GA,31816.0,,Consent not provided,Web,2025-06-12,Closed with non-monetary relief,1,,14040053,2025,6,0,Credit reporting or other personal consumer reports
2025-11-29,Credit reporting or other personal consumer reports,Credit reporting,Incorrect information on your report,Old information reappears or never goes away,,,"EQUIFAX, INC.",MS,38957.0,,Consent not provided,Web,2025-11-29,Closed with explanation,1,,17564690,2025,11,0,Credit reporting or other personal consumer reports
2024-11-05,Credit reporting or other personal consumer reports,Credit reporting,Improper use of your report,Reporting company used your report improperly,,Company has responded to the consumer and the CFPB and chooses not to provide a public response,Experian Information Solutions Inc.,IL,60634.0,,Consent not provided,Web,2024-11-05,Closed with explanation,1,,10679979,2024,11,0,Credit reporting or other personal consumer reports
2023-09-22,Credit reporting or other personal consumer reports,Credit reporting,Improper use of your report,Credit inquiries on your report that you don't recognize,"XXXX XXXX XXXX XXXX XXXX XXXX XXXX XXXX XXXX XXXX XXXX XXXX XXXX XXXX XXXX XXXX XXXX XXXX XXXX XXXX XXXX XXXX XXXX XXXX I need this information to be completely deleted from my history because it is not mine, it XXXX  me",,"EQUIFAX, INC.",NY,10304.0,,Consent provided,Web,2023-09-22,Closed with non-monetary relief,1,,7590075,2023,9,1,Credit reporting or other personal consumer reports
2024-04-26,Credit reporting or other personal consumer reports,Credit reporting,Incorrect information on your report,Personal information incorrect,I'm really not sure what happened. I have mailed off letters to the credit bureaus continuously and thus far I have not gotten a response. My name is XXXX XXXX XXXX and I am filing this complaint for falsely reporting misleading information. There is no third party involved. Please review the uploaded letters.,Company has responded to the consumer and the CFPB and chooses not to provide a public response,Experian Information Solutions Inc.,OH,44109.0,,Consent provided,Web,2024-04-26,Closed with explanation,1,,8864676,2024,4,1,Credit reporting or other personal consumer reports
2025-08-29,Debt collection,I do not know,Written notification about debt,Notification didn't disclose it was an attempt to collect a debt,"I understand the importance of removing any incorrect information from my credit report according to FCRA 605B. Could you please review the attached documents? I've observed discrepancies in several accounts, which is quite concerning to me.",Company has responded to the consumer and the CFPB and chooses not to provide a public response,Experian Information Solutions Inc.,TX,75211.0,,Consent provided,Web,2025-08-29,Closed with explanation,1,,15605560,2025,8,1,Debt collection
2026-03-13,Credit reporting or other personal consumer reports,Credit reporting,Incorrect information on your report,Information belongs to someone else,,,"EQUIFAX, INC.",TX,75203.0,,,Web,2026-03-13,Closed with explanation,1,,20222980,2026,3,0,Credit reporting or other personal consumer reports
2024-11-27,Credit reporting or other personal consumer reports,Credit reporting,Incorrect information on your report,Account status incorrect,"I am disputing unvalidated late payments on my credit report. Despite my written dispute over XXXX XXXX XXXX you have failed to respond or provide the required validation, which constitutes a direct violation of the Fair Credit Reporting Act. You must immediately remove these disputed late payments from my consumer report.",Company has responded to the consumer and the CFPB and chooses not to provide a public response,Experian Information Solutions Inc.,TX,78242.0,,Consent provided,Web,2024-11-27,Closed with explanation,1,,10949659,2024,11,1,Credit reporting or other personal consumer reports
2024-08-27,Credit reporting or other personal consumer reports,Credit reporting,Incorrect information on your report,Account information incorrect,,,"EQUIFAX, INC.",WA,98499.0,Servicemember,Consent not provided,Web,2024-08-27,Closed with non-monetary relief,1,,9944472,2024,8,0,Credit reporting or other personal consumer reports
2025-02-06,Credit reporting or other personal consumer reports,Credit reporting,Incorrect information on your report,Information belongs to someone else,,Company has responded to the consumer and the CFPB and chooses not to provide a public response,"TRANSUNION INTERMEDIATE HOLDINGS, INC.",OK,73129.0,,Consent not provided,Web,2025-02-06,Closed with non-monetary relief,1,,11966050,2025,2,0,Credit reporting or other personal consumer reports
2025-09-02,Credit reporting or other personal consumer reports,Credit reporting,Improper use of your report,Credit inquiries on your report that you don't recognize,,Company has responded to the consumer and the CFPB and chooses not to provide a public response,"TRANSUNION INTERMEDIATE HOLDINGS, INC.",GA,31419.0,,Consent not provided,Web,2025-09-02,Closed with explanation,1,,15663857,2025,9,0,Credit reporting or other personal consumer reports
2023-08-01,"Credit reporting, credit repair services, or other personal consumer reports",Credit reporting,Problem with a credit reporting company's investigation into an existing problem,Investigation took more than 30 days,,Company has responded to the consumer and the CFPB and chooses not to provide a public response,"TRANSUNION INTERMEDIATE HOLDINGS, INC.",NM,88033.0,,Consent not provided,Web,2023-08-01,Closed with non-monetary relief,1,,7335838,2023,8,0,Credit reporting / repair
2022-11-06,"Credit reporting, credit repair services, or other personal consumer reports",Credit reporting,Incorrect information on your report,Account information incorrect,,Company has responded to the consumer and the CFPB and chooses not to provide a public response,Experian Information Solutions Inc.,CA,91405.0,,Consent not provided,Web,2022-11-06,Closed with explanation,1,,6167608,2022,11,0,Credit reporting / repair
2025-11-02,Credit reporting or other personal consumer reports,Credit reporting,Incorrect information on your report,Information belongs to someone else,,Company has responded to the consumer and the CFPB and chooses not to provide a public response,"TRANSUNION INTERMEDIATE HOLDINGS, INC.",GA,30354.0,,Consent not provided,Web,2025-11-02,Closed with non-monetary relief,1,,16972906,2025,11,0,Credit reporting or other personal consumer reports
2025-01-10,Credit reporting or other personal consumer reports,Credit reporting,Problem with a company's investigation into an existing problem,Investigation took more than 30 days,,Company has responded to the consumer and the CFPB and chooses not to provide a public response,"TRANSUNION INTERMEDIATE HOLDINGS, INC.",NJ,8105.0,,Consent not provided,Web,2025-01-10,Closed with non-monetary relief,1,,11461877,2025,1,0,Credit reporting or other personal consumer reports
2025-01-25,"Money transfer, virtual currency, or money service",Domestic (US) money transfer,Other transaction problem,,,,"Block, Inc.",SC,29163.0,,Consent not provided,Web,2025-01-25,Closed with explanation,1,,11740277,2025,1,0,Money transfer / service
2023-03-22,Credit card or prepaid card,General-purpose credit card or charge card,Getting a credit card,Card opened as result of identity theft or fraud,"On XX/XX/2023, someone opened a credit card account with Bank of America in my name fraudulently. 

I have never received the card, but have begun to receive correspondence from Bank of America referring to the account. 
I have checked my credit reports from XXXX, XXXX and XXXX, and they all 3 have the account on my report. 
The account should have never been opened.",Company has responded to the consumer and the CFPB and chooses not to provide a public response,"BANK OF AMERICA, NATIONAL ASSOCIATION",OH,,Servicemember,Consent provided,Web,2023-03-22,Closed with explanation,1,,6736679,2023,3,1,Credit card
2017-10-14,Mortgage,FHA mortgage,Closing on a mortgage,,Bought a home with gateway mortgage company. The home needed few repairs .Was given a XXXX loan and {$31000.00} towards repair .Gateway give the contractor to us even when we refused the contractor they insist we have to have repair done by recommended contractor. Contractor got money no repair done up to now ripped home apart has not comeback and got money from gateway has not get the job done.we have no place to cook for our kids and we already paid one month mortgage and still no contractor.,,GATEWAY FIRST BANK,NJ,,,Consent provided,Web,2017-10-14,Closed with explanation,1,,2701627,2017,10,1,Mortgage
2025-04-04,Credit reporting or other personal consumer reports,Credit reporting,Incorrect information on your report,Old information reappears or never goes away,,Company has responded to the consumer and the CFPB and chooses not to provide a public response,"TRANSUNION INTERMEDIATE HOLDINGS, INC.",OH,45231.0,,Consent not provided,Web,2025-04-04,Closed with non-monetary relief,1,,12816876,2025,4,0,Credit reporting or other personal consumer reports
2025-10-05,Credit reporting or other personal consumer reports,Credit reporting,Incorrect information on your report,Information belongs to someone else,,,"EQUIFAX, INC.",NC,27360.0,,Consent not provided,Web,2025-10-05,Closed with explanation,1,,16375396,2025,10,0,Credit reporting or other personal consumer reports
2016-03-14,Credit card,,Delinquent account,,This account with hsbc still double report on my credit reports XXXX Is over 8 years that I made my last payment and they still reporting it. If they ca n't send me a debt validation then take this off my credit reports. And they have XXXX as their collection agency and they are reporting it too. It was paid in full to XXXX.,,HSBC NORTH AMERICA HOLDINGS INC.,CA,,,Consent provided,Web,2016-04-03,Closed with explanation,1,0.0,1830363,2016,3,1,Credit card
2022-01-21,"Credit reporting, credit repair services, or other personal consumer reports",Credit reporting,Incorrect information on your report,Information belongs to someone else,,,"EQUIFAX, INC.",NC,28311.0,,Consent not provided,Web,2022-01-21,Closed with explanation,1,,5134380,2022,1,0,Credit reporting / repair
2024-12-06,Credit reporting or other personal consumer reports,Credit reporting,Incorrect information on your report,Account information incorrect,,,"EQUIFAX, INC.",LA,70037.0,,Consent not provided,Web,2024-12-06,Closed with non-monetary relief,1,,11056623,2024,12,0,Credit reporting or other personal consumer reports
2022-07-07,"Credit reporting, credit repair services, or other personal consumer reports",Credit reporting,Incorrect information on your report,Account information incorrect,"I have sent this collections creditor two letters asking for full validation of the debt that they are trying to collect from me and reporting against me on the credit reports. I have a right to understand the charges being held against me. To date, I've yet to receive any answer, but yet they are allowed to be reporting against me on the credit report, whether the information is right or wrong.",,CL Holdings LLC,FL,,,Consent provided,Web,2022-07-07,Closed with explanation,1,,5744020,2022,7,1,Credit reporting / repair
2024-07-17,Credit reporting or other personal consumer reports,Credit reporting,Incorrect information on your report,Account status incorrect,,Company has responded to the consumer and the CFPB and chooses not to provide a public response,"TRANSUNION INTERMEDIATE HOLDINGS, INC.",FL,33313.0,,Consent not provided,Web,2024-07-17,Closed with non-monetary relief,1,,9537271,2024,7,0,Credit reporting or other personal consumer reports
2014-05-20,Bank account or service,Savings account,Deposits and withdrawals,,,,WELLS FARGO & COMPANY,CA,92590.0,,,Referral,2014-05-21,Closed with explanation,1,0.0,861227,2014,5,0,Bank account / service
2026-02-11,Credit reporting or other personal consumer reports,Credit reporting,Improper use of your report,Reporting company used your report improperly,,,"EQUIFAX, INC.",LA,70807.0,,,Web,2026-02-11,Closed with non-monetary relief,1,,19417529,2026,2,0,Credit reporting or other personal consumer reports
2025-10-17,Debt collection,Other debt,Written notification about debt,Notification didn't disclose it was an attempt to collect a debt,,Company has responded to the consumer and the CFPB and chooses not to provide a public response,"TRANSUNION INTERMEDIATE HOLDINGS, INC.",PA,19438.0,,Consent not provided,Web,2025-10-17,Closed with explanation,1,,16645725,2025,10,0,Debt collection
2026-03-12,Credit reporting or other personal consumer reports,Credit reporting,Incorrect information on your report,Account information incorrect,,,"TRANSUNION INTERMEDIATE HOLDINGS, INC.",TX,78582.0,,,Web,2026-03-12,In progress,1,,20187976,2026,3,0,Credit reporting or other personal consumer reports
2018-04-24,"Credit reporting, credit repair services, or other personal consumer reports",Credit reporting,Incorrect information on your report,Account information incorrect,,,"EQUIFAX, INC.",MD,21212.0,,,Postal mail,2018-04-24,Closed with explanation,1,,2886203,2018,4,0,Credit reporting / repair
2017-10-11,Checking or savings account,Checking account,Problem caused by your funds being low,Overdrafts and overdraft fees,"On XX/XX/XXXX I had a bal in my checking account of {$120.00}. On XX/XX/XXXX l checked account again and it showed negative {$400.00}. The pending transactions were a {$75.00} and {$450.00} auto payments. The {$75.00} payment was pending 1st and {$450.00} payment 2nd. I made arrangements to transfer {$400.00} into my account to cover amount short.. This morning XX/XX/XXXX checked bal and it showed {$400.00} deposit pending because it arrived after midnight, but they reversed the order of the 2 automatics and charged me two {$34.00} overdraft fees. When I called Chase bank to correct problem and at least refund the od fee for the {$75.00} payment, they refused stating it was there policy to pay the higher amt check first, advised her that the policy did no benefit me in any way, but allowed them to charge and extra od fee on my account. When I advised her that I had a screen shot showing the {$75.00} pmt pending 1st and the funds were there to cover it, she said did not matter because it was there policy to post larger amt Please help. Thanks XXXX XXXX XXXX",,JPMORGAN CHASE & CO.,OH,44087.0,Servicemember,Consent provided,Web,2017-10-11,Closed with monetary relief,1,,2699171,2017,10,1,Bank account / service
2024-03-31,Credit reporting or other personal consumer reports,Credit reporting,Incorrect information on your report,Information belongs to someone else,,,"EQUIFAX, INC.",OR,97045.0,,Consent not provided,Web,2024-03-31,Closed with non-monetary relief,1,,8664318,2024,3,0,Credit reporting or other personal consumer reports
2025-01-24,Credit reporting or other personal consumer reports,Credit reporting,Problem with a company's investigation into an existing problem,Their investigation did not fix an error on your report,,Company has responded to the consumer and the CFPB and chooses not to provide a public response,Experian Information Solutions Inc.,NY,11691.0,,Consent not provided,Web,2025-01-24,Closed with explanation,1,,11765037,2025,1,0,Credit reporting or other personal consumer reports
2023-07-12,"Credit reporting, credit repair services, or other personal consumer reports",Credit reporting,Improper use of your report,Credit inquiries on your report that you don't recognize,,,"EQUIFAX, INC.",MN,55441.0,,Consent not provided,Web,2023-07-12,Closed with explanation,1,,7242184,2023,7,0,Credit reporting / repair
2025-07-24,Credit reporting or other personal consumer reports,Credit reporting,Incorrect information on your report,Personal information incorrect,,Company has responded to the consumer and the CFPB and chooses not to provide a public response,"TRANSUNION INTERMEDIATE HOLDINGS, INC.",FL,33187.0,,Consent not provided,Web,2025-07-24,Closed with non-monetary relief,1,,14857301,2025,7,0,Credit reporting or other personal consumer reports
2026-01-11,Credit reporting or other personal consumer reports,Credit reporting,Incorrect information on your report,Information belongs to someone else,,Company has responded to the consumer and the CFPB and chooses not to provide a public response,Experian Information Solutions Inc.,DC,20009.0,,Consent not provided,Web,2026-01-11,Closed with explanation,1,,18631921,2026,1,0,Credit reporting or other personal consumer reports
2025-11-05,Credit reporting or other personal consumer reports,Credit reporting,Incorrect information on your report,Information belongs to someone else,,,"EQUIFAX, INC.",TX,,,,Web,2025-11-05,Closed with non-monetary relief,1,,17046175,2025,11,0,Credit reporting or other personal consumer reports
2023-07-06,"Credit reporting, credit repair services, or other personal consumer reports",Credit reporting,Improper use of your report,Credit inquiries on your report that you don't recognize,,Company has responded to the consumer and the CFPB and chooses not to provide a public response,CORELOGIC INC,MN,,,Other,Web,2023-07-06,Closed with explanation,1,,7207740,2023,7,0,Credit reporting / repair
2023-04-08,"Credit reporting, credit repair services, or other personal consumer reports",Credit reporting,Problem with a credit reporting company's investigation into an existing problem,Their investigation did not fix an error on your report,,Company has responded to the consumer and the CFPB and chooses not to provide a public response,"TRANSUNION INTERMEDIATE HOLDINGS, INC.",GA,30087.0,,Consent not provided,Web,2023-04-08,Closed with non-monetary relief,1,,6812749,2023,4,0,Credit reporting / repair
2023-09-29,Credit reporting or other personal consumer reports,Credit reporting,Improper use of your report,Credit inquiries on your report that you don't recognize,,,"EQUIFAX, INC.",FL,33556.0,,Consent not provided,Web,2023-09-29,Closed with non-monetary relief,1,,7716662,2023,9,0,Credit reporting or other personal consumer reports
2025-09-09,Credit reporting or other personal consumer reports,Credit reporting,Problem with a company's investigation into an existing problem,Investigation took more than 30 days,,Company has responded to the consumer and the CFPB and chooses not to provide a public response,"TRANSUNION INTERMEDIATE HOLDINGS, INC.",FL,33511.0,,Consent not provided,Web,2025-09-10,Closed with non-monetary relief,1,,15830500,2025,9,0,Credit reporting or other personal consumer reports
2025-07-20,Credit reporting or other personal consumer reports,Credit reporting,Incorrect information on your report,Information belongs to someone else,,,"EQUIFAX, INC.",GA,30213.0,,Consent not provided,Web,2025-07-20,Closed with non-monetary relief,1,,14784509,2025,7,0,Credit reporting or other personal consumer reports
2024-11-21,Credit reporting or other personal consumer reports,Credit reporting,Improper use of your report,Reporting company used your report improperly,"I HAVE BEEN AFFECTED BY THE XXXX XXXX BREACH. PER 15 USC 1681 C-2 STATES EXCEPT AS OTHERWISE PROVIDED IN THIS SECTION A CONSUMER REPORTING AGENCY SHALL BLOCK THE REPORTING OF ANY INFORMATION IN THE FILE OF A CONSUMER THAT THE CONSUMER IDENTIFIES AS INFORMATION THAT RESULTED FROM AN ALLEGED IDENTITY THEFT. 

Account Name : XXXX XXXX # XXXX Account Name : XXXX XXXX XXXX # XXXX UNAUTHORIZED INQUIRIES : XXXX XX/XX/year> XXXX XXXXXXXX XXXX XXXXXX/XX/year>",Company has responded to the consumer and the CFPB and chooses not to provide a public response,Experian Information Solutions Inc.,GA,30342.0,,Consent provided,Web,2024-11-21,Closed with explanation,1,,10890289,2024,11,1,Credit reporting or other personal consumer reports
2025-05-22,Credit reporting or other personal consumer reports,Credit reporting,Improper use of your report,Reporting company used your report improperly,"To begin, I would like to ensure that you have and ONLY RETAIN current, TRUE, CORRECT, COMPLETE, and MANDATED REPORTED information per FCRA regulations, any and all others I DEMAND, as it is my lawful RIGHT ( XXXX ) to do so, that you annul and all deficient of any condition, mentioned or not! 

I DO NOT AUTHORIZE you to misreport any misinformation now or ever. Please review and ENSURE your adequate and full accordance to the laws upon which govern your practice of reporting consumer credit profiles. 


XXXX XXXX XXXX Account Number : XXXXXXXX XXXX XXXX XXXX XXXX XXXX  This charge-off account shows a {$32000.00} balance. The balance should not be reported after it was a charge-off. This is clearly inaccurate. As per 15 U.S. Code 1681e, consumer reporting agencies are required to take reasonable measures to ensure the highest level of accuracy possible when preparing consumer reports. This means you must employ proper procedures to minimize errors and ensure that the information pertaining to the individual in the report is as accurate as possible.

CAPITALONE Date of inquiry : 01/30/2023 - Under 15 U.S. Code 1681b Permissible purposes of consumer reports. I never gave this company any written consent to report anything on my consumer reports, no consent is fraud.",Company has responded to the consumer and the CFPB and chooses not to provide a public response,"TRANSUNION INTERMEDIATE HOLDINGS, INC.",NJ,8854.0,,Consent provided,Web,2025-05-22,Closed with explanation,1,,13657142,2025,5,1,Credit reporting or other personal consumer reports
2025-03-03,"Money transfer, virtual currency, or money service",Mobile or digital wallet,"Managing, opening, or closing your mobile wallet account",,,,"Block, Inc.",WI,53058.0,,Consent not provided,Web,2025-03-03,Closed with explanation,1,,12280506,2025,3,0,Money transfer / service
2025-03-23,Credit reporting or other personal consumer reports,Credit reporting,Incorrect information on your report,Information belongs to someone else,"Submitted multiple forms of information including a Certified Letter containing 2 Forms of Identification with a Dispute Letter requesting the removal of the XXXX account. They continue to mark the said item as Updated, which is furnishing incorrect information.",Company has responded to the consumer and the CFPB and chooses not to provide a public response,"TRANSUNION INTERMEDIATE HOLDINGS, INC.",NJ,,,Consent provided,Web,2025-03-23,Closed with explanation,1,,12615468,2025,3,1,Credit reporting or other personal consumer reports
2025-08-21,Credit reporting or other personal consumer reports,Credit reporting,Incorrect information on your report,Account status incorrect,,,"EQUIFAX, INC.",TX,75087.0,,Consent not provided,Web,2025-08-21,Closed with non-monetary relief,1,,15393418,2025,8,0,Credit reporting or other personal consumer reports
2025-12-03,Credit reporting or other personal consumer reports,Credit reporting,Improper use of your report,Credit inquiries on your report that you don't recognize,,Company has responded to the consumer and the CFPB and chooses not to provide a public response,"TRANSUNION INTERMEDIATE HOLDINGS, INC.",CA,90250.0,,,Web,2025-12-03,Closed with non-monetary relief,1,,17642521,2025,12,0,Credit reporting or other personal consumer reports
2025-02-04,Debt collection,Rental debt,Attempts to collect debt not owed,Debt is not yours,,,T.S. Holdings,CA,95831.0,,Consent not provided,Web,2025-02-07,Closed with explanation,1,,11924880,2025,2,0,Debt collection
2024-09-17,Credit reporting or other personal consumer reports,Credit reporting,Improper use of your report,Credit inquiries on your report that you don't recognize,The following inquiries are fraud. They are in violation of USC 1681b. Never gave permissible purposes of consumer report. I never gave written consent to report anything on my consumer reports. No consent is fraudXXXX XXXX XXXX XXXX XXXX XXXX XXXX XXXX XXXX XXXX XXXX XXXX XXXX XXXX XXXX XXXX XXXX XXXX XXXX XXXX XXXX XXXX XXXX XXXX XXXX XXXX XXXX XXXX XXXX XXXX XXXX XXXX XXXX XXXX XXXX XXXX XXXX XXXX XXXX XXXX XXXX XXXX XXXX XXXX XXXX XXXX XXXX XXXX XXXX XXXX XXXX XXXX XXXX XXXX XXXX XXXX XXXX XXXX XXXX XXXX XXXX XXXX XXXX XXXX XXXX XXXX XXXX XXXX XXXX XXXX XXXX XXXX XXXX XXXX XXXX XXXX XXXX XXXX XXXX XXXX XXXX XXXX XXXX XXXX XXXX XXXX XXXX XXXX XXXX XXXX XXXX XXXX XXXX XXXX XXXX XXXX XXXX XXXX XXXX XXXX XXXX XXXX XXXX XXXX XXXX XXXX XXXX XXXX XXXX XXXX XXXX XXXX XXXX XXXX XXXX XXXX XXXX XXXX XXXX XXXX XXXX XXXX XXXX XXXX XXXX XXXX XXXX XXXX XXXX XXXX XXXX XXXX XXXX XXXX XXXX XXXX XXXX XXXX XXXX XXXX XXXX XXXX XXXX XXXX XXXX XXXX XXXX XXXX XXXX XXXX XXXX XXXX XXXX XXXX XXXX XXXX XXXX XXXX XXXX XXXX XXXX XXXX XXXX XXXX XXXX XXXX XXXX XXXX XXXX XXXX XXXX XXXX XXXX XXXX XXXX XXXX,Company has responded to the consumer and the CFPB and chooses not to provide a public response,"TRANSUNION INTERMEDIATE HOLDINGS, INC.",AZ,85122.0,,Consent provided,Web,2024-09-17,Closed with non-monetary relief,1,,10145991,2024,9,1,Credit reporting or other personal consumer reports
2023-11-30,Credit reporting or other personal consumer reports,Credit reporting,Incorrect information on your report,Information belongs to someone else,,,"EQUIFAX, INC.",MS,39482.0,,Consent not provided,Web,2023-11-30,Closed with non-monetary relief,1,,7919860,2023,11,0,Credit reporting or other personal consumer reports
2024-03-28,Credit reporting or other personal consumer reports,Credit reporting,Incorrect information on your report,Personal information incorrect,,Company has responded to the consumer and the CFPB and chooses not to provide a public response,"TRANSUNION INTERMEDIATE HOLDINGS, INC.",FL,32907.0,,Consent not provided,Web,2024-03-28,Closed with non-monetary relief,1,,8649231,2024,3,0,Credit reporting or other personal consumer reports
2023-12-20,Credit reporting or other personal consumer reports,Credit reporting,Problem with a company's investigation into an existing problem,Investigation took more than 30 days,,,"EQUIFAX, INC.",GA,30080.0,,Consent not provided,Web,2023-12-20,Closed with non-monetary relief,1,,8033716,2023,12,0,Credit reporting or other personal consumer reports
2021-07-14,"Credit reporting, credit repair services, or other personal consumer reports",Credit reporting,Incorrect information on your report,Account status incorrect,During COVID19 I lost my job of 30 years and was paying my bills the best I could and in XXXX  and XXXX  of 2020 I had those 2 months that I was having trouble making my payments however they did get paid within 1 to 2 days after the 30 days of being late but I tried to make the payments before it got over the 30 days late but wasnt able to do so. I called and ask them to please take those off my credit report because I could not help I lost my job.,Company has responded to the consumer and the CFPB and chooses not to provide a public response,"TRANSUNION INTERMEDIATE HOLDINGS, INC.",GA,,,Consent provided,Web,2021-07-14,Closed with explanation,1,,4544213,2021,7,1,Credit reporting / repair
2023-10-28,Credit reporting or other personal consumer reports,Credit reporting,Improper use of your report,Reporting company used your report improperly,,,"EQUIFAX, INC.",TX,77088.0,,Other,Web,2023-10-28,Closed with explanation,1,,7770053,2023,10,0,Credit reporting or other personal consumer reports
2023-03-19,"Credit reporting, credit repair services, or other personal consumer reports",Credit reporting,Improper use of your report,Reporting company used your report improperly,,Company has responded to the consumer and the CFPB and chooses not to provide a public response,Experian Information Solutions Inc.,OH,44145.0,,Consent not provided,Web,2023-03-19,Closed with non-monetary relief,1,,6718188,2023,3,0,Credit reporting / repair
2025-01-17,"Money transfer, virtual currency, or money service",Domestic (US) money transfer,Other transaction problem,,"I am filing a complaint against Cash App ( Block , Inc . ) due to inadequate customer service and unfair practice, which violate the customer financial Protection Act ( CFPA ). Specifically, Cash App failed to take timely and effective measures to prevent and address fraud on their platform, leaving my account vulnerable and unprotected.

Furthermore, their dispute resolution process was unfair and deceptive, as they did not comply with error resolution requirements under the Electronic Fund Transfer Act ( EFTA ) and Regulation E. These actions have caused significant inconvenience and financial loss, and I seek appropriate redress for these violations.",,"Block, Inc.",GA,30117.0,,Consent provided,Web,2025-01-17,Closed with explanation,1,,11569940,2025,1,1,Money transfer / service
2025-01-26,Credit reporting or other personal consumer reports,Credit reporting,Incorrect information on your report,Information belongs to someone else,,Company has responded to the consumer and the CFPB and chooses not to provide a public response,"TRANSUNION INTERMEDIATE HOLDINGS, INC.",IL,60619.0,,Consent not provided,Web,2025-01-26,Closed with non-monetary relief,1,,11776857,2025,1,0,Credit reporting or other personal consumer reports
2023-09-19,Credit reporting or other personal consumer reports,Credit reporting,Incorrect information on your report,Old information reappears or never goes away,"I asked to have credit company, validate the debt and provide the instrument used to validate the alleged debt. Reappeared once removed and violated 15 U.S Code 1681n.This account is inaccurate please delete XXXX XXXX XXXX- Account- XXXX balance- {$720.00} I have asked for all the creditors that has falsely reported information on my credit file to validate debts by providing proof of this alleged item, specifically the original application, contract, note, other instrument bearing my signature and payment history. Please provide this information within 15 days. 
This agency is in violation of 15 U.S.C. 1692g. They were to notify me of this in writing 5 days prior, I was not. As the original creditor, only I can validate this debt. I do not validate this debt. Therefore, the following accounts must be deleted from my report. Failure to respond satisfactorily with deletion of the above referenced account and a free copy of my report after the changes have been made will result in the above actions being taken against your company. 

This is inaccurate and needs to be deleted immediately as its a violation.",Company has responded to the consumer and the CFPB and chooses not to provide a public response,"TRANSUNION INTERMEDIATE HOLDINGS, INC.",GA,,,Consent provided,Web,2023-09-19,Closed with non-monetary relief,1,,7570869,2023,9,1,Credit reporting or other personal consumer reports
2025-06-25,Credit reporting or other personal consumer reports,Credit reporting,Incorrect information on your report,Information belongs to someone else,,,"EQUIFAX, INC.",MI,48195.0,,,Web,2025-06-25,Closed with non-monetary relief,1,,14259895,2025,6,0,Credit reporting or other personal consumer reports
2021-09-03,Credit card or prepaid card,Store credit card,Problem when making payments,Problem during payment process,,Company has responded to the consumer and the CFPB and chooses not to provide a public response,"CITIBANK, N.A.",PA,19116.0,,Consent not provided,Web,2021-09-03,Closed with explanation,1,,4689380,2021,9,0,Credit card
2014-03-25,Mortgage,Conventional fixed mortgage,Settlement process and costs,,,,WELLS FARGO & COMPANY,TX,78254.0,Servicemember,,Web,2014-04-01,Closed with explanation,1,0.0,778023,2014,3,0,Mortgage
2025-01-16,"Money transfer, virtual currency, or money service",Domestic (US) money transfer,Other transaction problem,,"I am writing to formally express my concerns regarding Zelle 's handling of disputes, particularly in light of the recent CFPB lawsuit highlighting significant issues with the platform. Despite using Zelle numerous times and reporting discrepancies, my financial institution and Zelle failed to investigate my claims adequately. They informed me that recovering lost funds was impossible and that tracking these transactions was unfeasible. The CFPB 's findings indicate that Zelle has not only neglected to protect consumers but has also allowed repeat offenders to exploit the system, leaving users vulnerable to scams. 
This lack of accountability and transparency is unacceptable and raises serious concerns about consumer safety.",,"Early Warning Services, LLC",TX,,,Consent provided,Web,2025-01-16,Closed with explanation,1,,11581401,2025,1,1,Money transfer / service
2025-05-12,Mortgage,Conventional home mortgage,Closing on a mortgage,Closing disclosure or other related disclosures,,,"HILLTOP HOLDINGS, INC",KS,66062.0,,Consent not provided,Web,2025-05-12,Closed with explanation,1,,13469010,2025,5,0,Mortgage
2021-02-22,"Money transfer, virtual currency, or money service",Mobile or digital wallet,"Managing, opening, or closing your mobile wallet account",,,,"Paypal Holdings, Inc",IL,60409.0,,Consent not provided,Web,2021-02-22,Closed with explanation,1,,4156683,2021,2,0,Money transfer / service
2024-11-27,Credit reporting or other personal consumer reports,Credit reporting,Incorrect information on your report,Information belongs to someone else,"I am writing to formally request that the fraudulent accounts and inquiries listed below be blocked and deleted from my credit report, as I am a victim of a data breach. Pursuant to the Fair Credit Reporting Act ( FCRA ) 605 ( b ) and 15 U.S.C. 1681c-2 ( a ), I am exercising my right to have fraudulent information removed from my credit file. 
Fraudulent Inquiries : XXXX. XXXX XXXX XX/XX/XXXX XXXX XXXX XXXX XXXX XXXX XX/XX/XXXX",Company has responded to the consumer and the CFPB and chooses not to provide a public response,"TRANSUNION INTERMEDIATE HOLDINGS, INC.",MA,,,Consent provided,Web,2024-11-27,Closed with non-monetary relief,1,,10944149,2024,11,1,Credit reporting or other personal consumer reports
2024-11-21,Credit reporting or other personal consumer reports,Credit reporting,Incorrect information on your report,Account information incorrect,,,"EQUIFAX, INC.",NJ,7504.0,,Consent not provided,Web,2024-11-21,Closed with non-monetary relief,1,,10890006,2024,11,0,Credit reporting or other personal consumer reports
2024-09-17,Student loan,Federal student loan servicing,Dealing with your lender or servicer,Trouble with how payments are being handled,"I am a recipient of the XXXX XXXX XXXX XXXX XXXX XXXX XXXX XXXX XXXX XXXX. Through this program, the XXXX makes quarterly payments towards my loans on my behalf. The XXXX payments are much larger than my monthly bill ( XXXX times larger ), so each quarterly payment puts me in paid ahead status for approximately XXXX to XXXX  months, which allows me to not make payments in the months between quarterly XXXX payments. I have been on this program for several years and had no issues when my loans were previously with XXXX. As of this spring, my loans were transferred to XXXX and they have misapplied these XXXX payments, made false claims, and then lost the payment. 

I received my welcome letter from XXXX on XX/XX/year> and notification of my recertification of my income driven repayment plan on XX/XX/year>. My beginning balance was {$54000.00} and my first monthly payment was due on XX/XX/year> in the amount of {$1200.00}. On XX/XX/year> the XXXX made a payment on my behalf in the amount of {$10000.00}. The payment was received by XXXX on XX/XX/year> and I provided documentation to the XXXX that the payment had reached my account on XX/XX/year>. At this time, my loan balance was {$44000.00}. The only issue was that the payment did not put me in paid-ahead status so my account stated that I had another payment due on XX/XX/year>. 

I reached out on XX/XX/year> to have the payment applied correctly so it would put me in paid ahead status. The XXXX representative told me that they did not have a record of how the payment was made but assured me that they had received it and my account had been credited. The representative put in a request to have the payment reapplied and told me Id hear back in XXXX  days. When I had not heard back and I had not been placed in paid ahead status I reached out again on XX/XX/year>. They XXXX representative stated that they could not provide a reason for why the payment hadnt been reapplied but said to reach back out in XXXX  days and that theyd have an answer. When my account still had not been updated I reached out again on XX/XX/year>. This time the representative stated that I cant be in paid ahead status when XXXX on an income driven repayment plan, which is incorrect. I had been in paid ahead status with an income driven repayment plan the entire time my loans were with XXXX. 

As Ive been trying to sort this out, I did not make an XXXX payment ( due XX/XX/year> ) because the payment was not expected, my wife and I are paying for XXXX  out of pocket, and we are unable to afford the payment at this time. Also, while this was going on, I had also reached out to the XXXX XXXX Ombudsman for support, opening a case on XX/XX/year> and providing updates throughout the process. After my contact with XXXX on XX/XX/year> and no response or assistance from the XXXX XXXX Ombudsman, I reached out to my congressional representative to have them advocate on my behalf. Soon after ( XX/XX/year> ), I received my first response about the case I had opened with the Ombudsman. The email came from XXXX customer service department rather than the Ombudsmans office. The email stated that my paid-ahead status was revoked when my income driven repayment plan was recertified. However, this is also a mistake or incorrect since my most recent payment was received on XX/XX/year>, after my recertification on XX/XX/year>. 

Today ( XX/XX/year> ), I received a call from XXXX stating that the payment made by the XXXX on XX/XX/year> had been reversed and that my account is now overdue in the amount of the original payment. However, my account summary on the XXXX website shows the balance after the payment was made on XX/XX/year> ( {$44000.00} ) and it shows my amount due as {$2400.00}, which would be correct since I didnt make the XXXX payment and have a XXXX payment due. The representative refused to believe that my online account displayed different information than her own and was adamant that I had reversed the payment. Additionally, every other contact Ive had with XXXX, they have recognized that the payment had been made. When I asked them if there is anyone else I can talk to explain my case, they put me on hold for XXXX minutes and then stated that no one was available. I did not request that the payment be reversed by the XXXX and they did not initiate the process. 

I am confident that XXXX lost track of my payment when they were trying to reapply it to my loan and are now claiming that I am at fault. I have documentation to support everything Ive stated.",,EdFinancial Services,PA,,,Consent provided,Web,2024-09-17,Closed with explanation,1,,10147092,2024,9,1,Student loan
2025-11-18,Credit reporting or other personal consumer reports,Credit reporting,Incorrect information on your report,Account information incorrect,,Company has responded to the consumer and the CFPB and chooses not to provide a public response,"TRANSUNION INTERMEDIATE HOLDINGS, INC.",TX,76133.0,,Consent not provided,Web,2025-11-18,Closed with non-monetary relief,1,,17327600,2025,11,0,Credit reporting or other personal consumer reports
2024-02-21,Debt collection,I do not know,Attempts to collect debt not owed,Debt is not yours,,,"Portfolio Recovery Associates, LLC",NJ,7205.0,,Other,Web,2024-02-21,Closed with explanation,1,,8388648,2024,2,0,Debt collection
2025-01-17,Credit reporting or other personal consumer reports,Credit reporting,Improper use of your report,Reporting company used your report improperly,,Company has responded to the consumer and the CFPB and chooses not to provide a public response,Experian Information Solutions Inc.,FL,33025.0,,Consent not provided,Web,2025-01-17,Closed with explanation,1,,11659486,2025,1,0,Credit reporting or other personal consumer reports
2020-12-29,"Credit reporting, credit repair services, or other personal consumer reports",Credit reporting,Incorrect information on your report,Information belongs to someone else,,Company has responded to the consumer and the CFPB and chooses not to provide a public response,Experian Information Solutions Inc.,NY,10940.0,,Consent not provided,Web,2020-12-29,Closed with explanation,1,,4037129,2020,12,0,Credit reporting / repair
2023-12-05,Credit reporting or other personal consumer reports,Credit reporting,Incorrect information on your report,Information belongs to someone else,,Company has responded to the consumer and the CFPB and chooses not to provide a public response,"TRANSUNION INTERMEDIATE HOLDINGS, INC.",CA,91202.0,,Consent not provided,Web,2023-12-05,Closed with non-monetary relief,1,,7956643,2023,12,0,Credit reporting or other personal consumer reports
2023-01-28,"Credit reporting, credit repair services, or other personal consumer reports",Credit reporting,Incorrect information on your report,Personal information incorrect,,Company has responded to the consumer and the CFPB and chooses not to provide a public response,"TRANSUNION INTERMEDIATE HOLDINGS, INC.",OH,44123.0,,Consent not provided,Web,2023-01-28,Closed with explanation,1,,6499701,2023,1,0,Credit reporting / repair
2025-09-02,Debt collection,Credit card debt,Attempts to collect debt not owed,Debt is not yours,"Please provide documentation that the following account belongs on my credit report and that my rights have not been violated. In compliance to 15 U.S. Code 1692e ( 6 ) Debt collectors are legally obligated to adhere to 15 U.S. Code 1692e ( 6 ), which forbids them from providing false information or insinuating inaccuracies about the nature, amount, or legal standing of a debt. It is against the law to make deceptive statements or misrepresentations concerning the debt being pursued for collection.",,"CAINE & WEINER COMPANY, INC.",UT,,,Consent provided,Web,2025-09-02,Closed with explanation,1,,15675402,2025,9,1,Debt collection
2024-07-05,Credit reporting or other personal consumer reports,Credit reporting,Incorrect information on your report,Information belongs to someone else,"PLEASE BLOCKED AND REMOVED. 
The presence of this account has caused me significant distress, even affecting my ability to sleep. I have provided all necessary documentation for its removal, and I earnestly request its deletion from my credit report.",Company has responded to the consumer and the CFPB and chooses not to provide a public response,Experian Information Solutions Inc.,IL,60649.0,,Consent provided,Web,2024-07-05,Closed with explanation,1,,9427860,2024,7,1,Credit reporting or other personal consumer reports
2025-07-22,Credit reporting or other personal consumer reports,Credit reporting,Problem with a company's investigation into an existing problem,Investigation took more than 30 days,,Company has responded to the consumer and the CFPB and chooses not to provide a public response,"TRANSUNION INTERMEDIATE HOLDINGS, INC.",AL,35215.0,,Consent not provided,Web,2025-07-22,Closed with non-monetary relief,1,,14804783,2025,7,0,Credit reporting or other personal consumer reports
2025-09-19,Credit reporting or other personal consumer reports,Credit reporting,Problem with a company's investigation into an existing problem,Their investigation did not fix an error on your report,,Company has responded to the consumer and the CFPB and chooses not to provide a public response,Experian Information Solutions Inc.,FL,33756.0,,,Web,2025-09-19,Closed with explanation,1,,16049188,2025,9,0,Credit reporting or other personal consumer reports
2025-08-14,Credit reporting or other personal consumer reports,Credit reporting,Incorrect information on your report,Information belongs to someone else,This late payment record is in error and contradicts my established pattern of on-time payments. Please investigate and correct my report accordingly.,,"EQUIFAX, INC.",TX,,,Consent provided,Web,2025-08-14,Closed with non-monetary relief,1,,15287104,2025,8,1,Credit reporting or other personal consumer reports
2025-01-18,Credit reporting or other personal consumer reports,Credit reporting,Incorrect information on your report,Old information reappears or never goes away,,,"EQUIFAX, INC.",SC,29169.0,,Consent not provided,Web,2025-01-18,Closed with explanation,1,,11632727,2025,1,0,Credit reporting or other personal consumer reports
2017-09-09,"Credit reporting, credit repair services, or other personal consumer reports",Credit reporting,Improper use of your report,Reporting company used your report improperly,Equifax had a breach of security compromising my information along with 150 million others. I failed to receive a notice at all and found out via social media and upon checking found my information to be compromised almost a month after the security breach.,,"EQUIFAX, INC.",MI,,,Consent provided,Web,2017-09-09,Closed with explanation,1,,2666703,2017,9,1,Credit reporting / repair
2025-07-16,Credit reporting or other personal consumer reports,Credit reporting,Problem with a company's investigation into an existing problem,Their investigation did not fix an error on your report,,,"EQUIFAX, INC.",NY,10027.0,,Consent not provided,Web,2025-07-16,Closed with non-monetary relief,1,,14684453,2025,7,0,Credit reporting or other personal consumer reports
2025-05-23,Debt collection,Medical debt,Attempts to collect debt not owed,Debt is not yours,,,"Fein, Such, Kahn & Shepard, P.C.",NJ,7463.0,,Consent not provided,Web,2025-05-23,Closed with explanation,1,,13684355,2025,5,0,Debt collection
2024-04-01,Credit reporting or other personal consumer reports,Credit reporting,Problem with a company's investigation into an existing problem,Was not notified of investigation status or results,,,"EQUIFAX, INC.",MO,64127.0,,Consent not provided,Web,2024-04-01,Closed with non-monetary relief,1,,8670281,2024,4,0,Credit reporting or other personal consumer reports
2026-02-06,Credit reporting or other personal consumer reports,Credit reporting,Problem with a company's investigation into an existing problem,Investigation took more than 30 days,,,"EQUIFAX, INC.",FL,32738.0,,,Web,2026-02-06,Closed with non-monetary relief,1,,19309162,2026,2,0,Credit reporting or other personal consumer reports
2026-03-17,Credit reporting or other personal consumer reports,Credit reporting,Problem with a company's investigation into an existing problem,Investigation took more than 30 days,,,"EQUIFAX, INC.",CA,92545.0,,,Web,2026-03-17,Closed with explanation,1,,20316750,2026,3,0,Credit reporting or other personal consumer reports
2025-05-11,Credit reporting or other personal consumer reports,Credit reporting,Problem with a company's investigation into an existing problem,Their investigation did not fix an error on your report,,,"EQUIFAX, INC.",GA,30017.0,,Consent not provided,Web,2025-05-11,Closed with explanation,1,,13450947,2025,5,0,Credit reporting or other personal consumer reports
2024-04-17,Credit reporting or other personal consumer reports,Credit reporting,Problem with a company's investigation into an existing problem,Their investigation did not fix an error on your report,,Company has responded to the consumer and the CFPB and chooses not to provide a public response,Experian Information Solutions Inc.,GA,30126.0,,Consent not provided,Web,2024-04-17,Closed with explanation,1,,8791812,2024,4,0,Credit reporting or other personal consumer reports
2025-09-03,Credit reporting or other personal consumer reports,Credit reporting,Improper use of your report,Reporting company used your report improperly,,Company has responded to the consumer and the CFPB and chooses not to provide a public response,Experian Information Solutions Inc.,MD,21218.0,,Consent not provided,Web,2025-09-03,Closed with explanation,1,,15690653,2025,9,0,Credit reporting or other personal consumer reports
2025-10-15,Checking or savings account,Checking account,Managing an account,Problem using a debit or ATM card,,,JPMORGAN CHASE & CO.,NY,11233.0,,,Phone,2025-11-04,Closed with explanation,1,,16587444,2025,10,0,Bank account / service
2022-05-24,"Credit reporting, credit repair services, or other personal consumer reports",Credit reporting,Incorrect information on your report,Information belongs to someone else,,,"EQUIFAX, INC.",NJ,7034.0,,Consent not provided,Web,2022-05-24,Closed with explanation,1,,5598487,2022,5,0,Credit reporting / repair
2014-05-09,Credit reporting,,Unable to get credit report/credit score,Problem getting my free annual report,,,"EQUIFAX, INC.",CA,94061.0,Older American,,Web,2014-05-09,Closed with non-monetary relief,1,1.0,845263,2014,5,0,Credit reporting / repair
2025-04-14,Credit reporting or other personal consumer reports,Credit reporting,Incorrect information on your report,Information belongs to someone else,,Company has responded to the consumer and the CFPB and chooses not to provide a public response,"TRANSUNION INTERMEDIATE HOLDINGS, INC.",AL,35442.0,,Consent not provided,Web,2025-04-14,Closed with non-monetary relief,1,,12961237,2025,4,0,Credit reporting or other personal consumer reports
2017-06-01,"Credit reporting, credit repair services, or other personal consumer reports",Credit reporting,Improper use of your report,Credit inquiries on your report that you don't recognize,"I noticed multiple inquries on my credit report with all 3 bureaus ( XXXX, XXXX & Experian ) that I did n't recognize. I sent each bureau a letter in writing advising I did n't authorize the inquries. I also noticed that on XXXX alerted me that my personal info was sold on some black marker website. I need all of those inquiries on my report removed. The only inquries that I authorized were my mortgage from XXXX XXXX.",Company has responded to the consumer and the CFPB and chooses not to provide a public response,Experian Information Solutions Inc.,FL,33880.0,,Consent provided,Web,2017-06-01,Closed with explanation,1,,2498562,2017,6,1,Credit reporting / repair
2025-12-03,Credit reporting or other personal consumer reports,Credit reporting,Incorrect information on your report,Information belongs to someone else,"The Fair Credit Reporting Act ( 15 U.S. Code 1681 ) says ( 1 ) The banking system is dependent upon fair and accurate credit reporting. Inaccurate credit reports directly impair the efficiency of the banking system, and unfair credit reporting methods undermine the public confidence which is essential to the continued functioning of the banking system.

So whenever there is a violation under the FCRA, it impairs the efficiency of the banking system. This is a violation of my privacy with my consumer report, since I control what is listed and what is not. In the event that any accounts are reported without my written consent, that is considered identity theft.

This is a violation of both 15 U.S. Code 1681b ( 2 ) and 15 U.S. Code 1681c-2. This leads way to civil liability against the credit reporting agency for negligent and willful noncompliance under 15 U.S. Code 1681n, which allows for {$1000.00} per violation, for account listed without my expressed written consent.",,"EQUIFAX, INC.",NY,10473.0,,Consent provided,Web,2025-12-03,Closed with non-monetary relief,1,,17645667,2025,12,1,Credit reporting or other personal consumer reports
2026-02-14,Credit card,General-purpose credit card or charge card,Fees or interest,Problem with fees,,,CAPITAL ONE FINANCIAL CORPORATION,MO,63640.0,Older American,,Web,2026-02-14,In progress,1,,19507401,2026,2,0,Credit card
2025-10-31,Credit reporting or other personal consumer reports,Credit reporting,Problem with a company's investigation into an existing problem,Their investigation did not fix an error on your report,,,"EQUIFAX, INC.",MO,63136.0,,Consent not provided,Web,2025-10-31,Closed with explanation,1,,16944162,2025,10,0,Credit reporting or other personal consumer reports
2022-10-16,"Credit reporting, credit repair services, or other personal consumer reports",Credit reporting,Improper use of your report,Reporting company used your report improperly,,,"Security Credit Services, LLC",AL,35758.0,,Consent not provided,Web,2022-10-16,Closed with explanation,1,,6091087,2022,10,0,Credit reporting / repair
2025-05-08,Credit reporting or other personal consumer reports,Credit reporting,Unable to get your credit report or credit score,Other problem getting your report or credit score,"Complaint Regarding Inaccessible Experian Account and Lack of Support I am submitting this complaint because I have been unable to access my Experian account, which has prevented me from viewing my credit score and obtaining my annual credit report. This has been an ongoing issue, and I am extremely frustrated with the lack of accessible customer support from Experian.

The account is currently locked, and when I try to recover it, Im required to verify using my old email address and old phone number, both of which I no longer have access to. This has made it impossible for me to get back into the account. When I attempt to call Experian, the automated system does not allow me to speak with a live representative unless I can verify the old contact informationwhich I can not. 

This issue is further complicated by the fact that my computer and XXXX were hacked last year, which compromised several of my accounts, including my email. Since then, Ive been locked out of multiple platforms due to compromised credentials, including my Experian account. I have no reliable way to check my credit or monitor for further fraud or identity theft, and this has created a serious barrier to managing my financial health. 

I am reaching out to the CFPB in hopes that you can help me connect with someone at Experian who can assist me with verifying my identity through alternate means, so that I can regain access to my account. I am also open to any guidance or advice from others who may have experienced similar issues and successfully resolved them. 

Thank you for your attention to this matter. I am sincerely hoping for a resolution soon.",Company has responded to the consumer and the CFPB and chooses not to provide a public response,Experian Information Solutions Inc.,,98270.0,,Consent provided,Web,2025-05-09,Closed with explanation,1,,13419692,2025,5,1,Credit reporting or other personal consumer reports
2024-11-20,Credit reporting or other personal consumer reports,Credit reporting,Problem with a company's investigation into an existing problem,Their investigation did not fix an error on your report,,,"EQUIFAX, INC.",NJ,7058.0,,Consent not provided,Web,2024-11-20,Closed with explanation,1,,10876779,2024,11,0,Credit reporting or other personal consumer reports
2023-10-14,Credit reporting or other personal consumer reports,Credit reporting,Incorrect information on your report,Account status incorrect,,Company has responded to the consumer and the CFPB and chooses not to provide a public response,Experian Information Solutions Inc.,FL,33160.0,,Consent not provided,Web,2023-10-14,Closed with explanation,1,,7697054,2023,10,0,Credit reporting or other personal consumer reports
2020-05-14,"Credit reporting, credit repair services, or other personal consumer reports",Credit reporting,Problem with a credit reporting company's investigation into an existing problem,Their investigation did not fix an error on your report,"This is the second time that this has happened, Experian deleted a valid credit card account from my report. I disputed Experians reporting incorrect info on my report. I did a 30 day free account, after the 30 days Experian deleted my XXXX card account from my report then used that as leverage to make me pay for there premium service, I did not want that I have a free Experian service through XXXX XXXX, now they have deleted a Excellent stellar as all my accounts are XXXX XXXX XXXX   XXXX  account I called XXXX XXXX and they said no account is great, I don't know what Experian is trying to do but I am going to contact a attorney at this point",Company has responded to the consumer and the CFPB and chooses not to provide a public response,Experian Information Solutions Inc.,WA,98058.0,,Consent provided,Web,2020-05-14,Closed with explanation,1,,3651569,2020,5,1,Credit reporting / repair
2025-12-26,Credit reporting or other personal consumer reports,Credit reporting,Incorrect information on your report,Information belongs to someone else,,,"EQUIFAX, INC.",FL,33541.0,,Consent not provided,Web,2025-12-26,Closed with non-monetary relief,1,,18288759,2025,12,0,Credit reporting or other personal consumer reports
2025-03-27,Credit reporting or other personal consumer reports,Credit reporting,Incorrect information on your report,Information belongs to someone else,"I am formally requesting that this inaccurate account be removed from my credit report, as I did not consent to its creation or use. Enclosed are the required documents to support my claim.",,"EQUIFAX, INC.",LA,,,Consent provided,Web,2025-03-27,Closed with explanation,1,,12700836,2025,3,1,Credit reporting or other personal consumer reports
2023-08-15,Credit card or prepaid card,Store credit card,Problem with a purchase shown on your statement,Credit card company isn't resolving a dispute about a purchase on your statement,,,"Affirm Holdings, Inc",SC,29420.0,,Consent not provided,Web,2023-08-15,Closed with explanation,1,,7407415,2023,8,0,Credit card
2025-03-24,Credit reporting or other personal consumer reports,Credit reporting,Improper use of your report,Reporting company used your report improperly,My credit reports are inaccurate. These inaccuracies are causing creditors to deny me credit. You have the duty to report accurate information about consumers. Please investigate these accounts and inquires and update these accounts accordingly to avoid future litigation.,,Experian Information Solutions Inc.,CA,91205.0,,Consent provided,Web,2025-03-24,Closed with explanation,1,,12646486,2025,3,1,Credit reporting or other personal consumer reports
2025-03-18,Credit reporting or other personal consumer reports,Credit reporting,Incorrect information on your report,Information belongs to someone else,,Company has responded to the consumer and the CFPB and chooses not to provide a public response,Experian Information Solutions Inc.,NY,11236.0,,Consent not provided,Web,2025-03-18,Closed with explanation,1,,12536211,2025,3,0,Credit reporting or other personal consumer reports
2025-05-16,Credit reporting or other personal consumer reports,Credit reporting,Problem with a company's investigation into an existing problem,Their investigation did not fix an error on your report,,,Experian Information Solutions Inc.,FL,34771.0,,Consent not provided,Web,2025-05-16,Closed with explanation,1,,13559440,2025,5,0,Credit reporting or other personal consumer reports
2022-11-22,"Credit reporting, credit repair services, or other personal consumer reports",Credit reporting,Improper use of your report,Credit inquiries on your report that you don't recognize,"Equifax processed 2 hard credit inquiries XX/XX/22 that I did not do. 

XXXX XXXX XXXX and XXXX. 

I did not apply or authorize any credit applications on this date or with these companies. 

I have tried to place a credit freeze with experian both online and over the phone and it says "" they are unable to place a freeze ''.",,"EQUIFAX, INC.",CA,91910.0,,Consent provided,Web,2022-11-22,Closed with explanation,1,,6227086,2022,11,1,Credit reporting / repair
2025-09-09,Credit reporting or other personal consumer reports,Credit reporting,Incorrect information on your report,Account information incorrect,,Company has responded to the consumer and the CFPB and chooses not to provide a public response,"TRANSUNION INTERMEDIATE HOLDINGS, INC.",TX,77396.0,,Consent not provided,Web,2025-09-09,Closed with non-monetary relief,1,,15787007,2025,9,0,Credit reporting or other personal consumer reports
2024-02-10,Credit reporting or other personal consumer reports,Credit reporting,Incorrect information on your report,Information belongs to someone else,,Company has responded to the consumer and the CFPB and chooses not to provide a public response,Experian Information Solutions Inc.,FL,33544.0,,Consent not provided,Web,2024-02-10,Closed with non-monetary relief,1,,8323602,2024,2,0,Credit reporting or other personal consumer reports
2025-10-06,Credit reporting or other personal consumer reports,Credit reporting,Improper use of your report,Reporting company used your report improperly,The bureau has shown a pattern of willful noncompliance with FCRA 1681n by continuing to report unverifiable information after multiple disputes.,,"EQUIFAX, INC.",GA,,,Consent provided,Web,2025-10-06,Closed with non-monetary relief,1,,16392086,2025,10,1,Credit reporting or other personal consumer reports
2017-10-23,"Credit reporting, credit repair services, or other personal consumer reports",Credit reporting,Unable to get your credit report or credit score,Other problem getting your report or credit score,"A credit monitoring service reported to me accounts and inquiries that were n't mine in XXXX. I tried to access my free credit report from TransUnion on line but TransUnion did not accept the information I provided. I was able to order a report by phone using my social security number, but the report I received was in the name of a woman with the same first name as me and a social security number that matched 8 of the 9 social security digits. The address, phone numbers and birth date matched mine but the credit accounts included both hers and mine. I finally got the fraud department to check into separating the two files after my letter requesting it was ignored with the complaint they could n't read my driver 's license, which I believe is purposefully designed to not be copied and scanned. I requested a credit freeze but was told I could n't because of the commingled file. TransUnion put a security freeze on my file with my cell phone number for verification, but the freeze ended up on the other woman 's account with my phone number. I am still getting confirmations from XXXX in the other woman 's name at my address. I have received someone else 's credit report and social security number in the mail. Her credit report also listed her address and phone number in the file. This is third time this woman 's information has ended up in my file and it is worse this time because I am retired and cutting back on my debt while she is increasing hers. TransUnion uses social security numbers as identifiers but seems more interested in like numbers than exact numbers. TransUnion will not give me a free freeze and I do not know how to protect myself from losing my credit identity again.",Company has responded to the consumer and the CFPB and chooses not to provide a public response,"TRANSUNION INTERMEDIATE HOLDINGS, INC.",VA,22153.0,Servicemember,Consent provided,Web,2017-10-23,Closed with non-monetary relief,1,,2709454,2017,10,1,Credit reporting / repair
2023-04-27,"Credit reporting, credit repair services, or other personal consumer reports",Credit reporting,Incorrect information on your report,Information belongs to someone else,,,"EQUIFAX, INC.",FL,32068.0,,Consent not provided,Web,2023-04-27,Closed with explanation,1,,6896859,2023,4,0,Credit reporting / repair
2026-01-12,Credit reporting or other personal consumer reports,Credit reporting,Incorrect information on your report,Account status incorrect,,Company has responded to the consumer and the CFPB and chooses not to provide a public response,Experian Information Solutions Inc.,TX,77494.0,,,Web,2026-01-12,Closed with explanation,1,,18651901,2026,1,0,Credit reporting or other personal consumer reports
2026-03-04,Credit reporting or other personal consumer reports,Credit reporting,Incorrect information on your report,Information belongs to someone else,,,"TRANSUNION INTERMEDIATE HOLDINGS, INC.",NY,10465.0,,,Web,2026-03-04,In progress,1,,19978615,2026,3,0,Credit reporting or other personal consumer reports
2025-03-06,Credit reporting or other personal consumer reports,Credit reporting,Incorrect information on your report,Account information incorrect,"I need your assistance with this incorrect account showing up on my credit report. This issue has severely impacted my reputation, and Im asking for your help. Your mishandling of my credit report has brought me to a difficult situation, and the incorrect information has caused significant harm to my reputation. It's essential that you remove these mistakes so I can peacefully live with my family.",Company has responded to the consumer and the CFPB and chooses not to provide a public response,"TRANSUNION INTERMEDIATE HOLDINGS, INC.",NY,11550.0,,Consent provided,Web,2025-03-06,Closed with non-monetary relief,1,,12340258,2025,3,1,Credit reporting or other personal consumer reports
2025-10-17,Credit reporting or other personal consumer reports,Credit reporting,Incorrect information on your report,Information belongs to someone else,I am a victim of human trafficking of Debt Bondage and would like for all listed accounts to be blocked and deleted from the company Transunion LLC : FRAUDULENT ACCOUNTS : XXXX XXXX XXXX XXXX XXXX XXXX XXXX XXXX XXXX XXXX XXXX XXXX XXXX XXXX XXXX XXXX XXXX XXXX XXXX XXXX XXXX XXXX XXXX XXXX XXXX XXXX XXXX XXXX XXXX XXXX XXXX XXXX XXXX XXXX XXXX XXXX XXXX XXXX XXXX XXXX XXXX XXXX XXXX XXXX XXXX XXXX XXXX XXXX XXXX XXXX XXXX XXXX XXXX XXXX XXXX XXXX XXXX XXXX XXXX XXXX XXXX XXXX XXXX XXXX XXXX XXXX XXXX XXXX XXXX,Company has responded to the consumer and the CFPB and chooses not to provide a public response,"TRANSUNION INTERMEDIATE HOLDINGS, INC.",TX,78108.0,,Consent provided,Web,2025-10-17,Closed with explanation,1,,16621433,2025,10,1,Credit reporting or other personal consumer reports
2025-10-16,Credit reporting or other personal consumer reports,Credit reporting,Incorrect information on your report,Information belongs to someone else,,,"EQUIFAX, INC.",WA,98387.0,,Consent not provided,Web,2025-10-16,Closed with explanation,1,,16617947,2025,10,0,Credit reporting or other personal consumer reports
2024-06-15,Credit reporting or other personal consumer reports,Credit reporting,Improper use of your report,Reporting company used your report improperly,,Company has responded to the consumer and the CFPB and chooses not to provide a public response,Experian Information Solutions Inc.,AR,71602.0,,Consent not provided,Web,2024-06-15,Closed with explanation,1,,9259237,2024,6,0,Credit reporting or other personal consumer reports
2023-10-03,Debt collection,Other debt,Attempts to collect debt not owed,Debt was result of identity theft,"A new collections account was added to my credit report. upon checking I quickly realized the debt was not my debt and was the result of identity theft. I called the debt collection agency ( ERC ) who told me the original debt was from an XXXX account which was opened in XXXX Arizona under my social security number and the name "" XXXX XXXX ''. My name is not XXXX XXXX, and I have never been to or lived in XXXX Arizona and I have never had an XXXX account. whoever did this stole my social security number and I want this resolved as quickly as possible.",,ERC,CA,93003.0,,Consent provided,Web,2023-10-03,Closed with explanation,1,,7632996,2023,10,1,Debt collection
2021-05-05,Vehicle loan or lease,Loan,Managing the loan or lease,Billing problem,"On XX/XX/2021, I mailed a Principal Only payment in the amount of {$450.00} to Toyota Financial Services that was to be applied to my vehicle loan with them. Payment was in the form of my personal check # XXXX. The check, and the payment coupon that was mailed with the check, was clearly marked Principal Only. The copy of my check which I was able to get from my bank was marked on the front as received on XX/XX/XXXX and has the initials XXXX. Additionally, it was stamped on the back with a Toyota stamp that says For Deposit Only on XX/XX/XXXX. 

On XX/XX/2021, after not having received credit for the payment, I made my first call to Toyota in an attempt to receive credit for my payment. Following is a detailed accounting of the many attempts I have made to receive credit : XXXX. XX/XX/2021 XXXX Thursday XXXX I called Toyota Financial Services ( TFS ) and spoke with XXXX XXXX I.D . # XXXX XXXX. XXXX said it might take more time since a lot of employees are working from home due to the pandemic. If it had not posted by the end of the day or by tomorrow ( Friday XXXX, I should call back on Monday. Also on Monday, a copy of the front and back of the negotiated check should be uploaded onto the TFS website. Give it a day or two after uploading the copy. 
XXXX. XX/XX/2021 XXXX Monday ) A copy of my XXXX  XXXX XXXX check transaction was uploaded onto the website and I received a confirmation from the website that the copy of the check was received. 
XXXX. XX/XX/2021 ( Friday XXXX I called TFS since I still had not received credit for the check. Spoke with XXXXXXXX XXXX XXXX  . XXXX XXXX and XXXX XXXX I.D . XXXX ). I was told they could not locate the copy of the check that was uploaded onto the website and I should fax the copy. Since I do not have a fax machine, I had to drive to XXXX and pay to have the copy faxed. As instructed by XXXX, I faxed the copy to the attention of XXXX at fax no. XXXX. 
XXXX. XX/XX/2021 XXXX Friday ) I called TFS later in the day to confirm that they had received my fax. I was told it takes 24 to 48 hours for the information to get posted into the system so other agents could see it. 
XXXX. XX/XX/2021 XXXX Thursday XXXX I called TFS and spoke with XXXX XXXX I.D . XXXX XXXX XXXX  XXXX said they received the fax on XX/XX/XXXX and said he would put me on hold while he checked to see why it is taking so long to have my account credited. After coming back on the telephone, he said the money would be refunded to me. I asked that instead of refunding the money, that it be applied as a Principal Only payment. He said he would make a note of this. He will submit all information after which it would be reviewed. He would see to it that this is processed. Should be completed by Monday, XX/XX/2021. 
XXXX. XX/XX/2021 XXXX Wednesday XXXX I called TFS and asked XXXX, who answered the telephone, if I could speak with a manager. I was connected with XXXX who identified herself as a Resolution Specialist. By the way, each time I call TFS, I had to give a full explanation of all that I had gone through thus far. After giving XXXX my full explanation, she put me on hold while she researched my file. She said she was able to find the copy of the negotiated check that had been uploaded onto the website on XX/XX/XXXX as well as a copy of the TFS confirmation. She additionally said she would have my account credited. It would take three to five business days to have it credited. 
XXXX. XX/XX/2021 XXXX Monday XXXX I called XXXX and spoke with XXXX XXXX I.D . # XXXX XXXX XXXX stated that XXXX had not created the ticket that was required to have my account credited. He stated he would create the ticket and would have the payment credited towards my principal. The account should be credited by Thursday, XX/XX/2021. 

As of today, XX/XX/2021, my account has still not been credited with my {$450.00} payment. Since it has been verified XXXX via the copy of my check that was received from XXXX  XXXX XXXX XXXX that they were in receipt of my check on XX/XX/2021, my account should also be credited with the interest charged on the {$450.00} through the date that I receive credit for the payment.",,TOYOTA MOTOR CREDIT CORPORATION,NJ,8757.0,Servicemember,Consent provided,Web,2021-05-05,Closed with monetary relief,1,,4353677,2021,5,1,Vehicle loan / lease
2021-01-13,"Credit reporting, credit repair services, or other personal consumer reports",Credit reporting,Problem with a credit reporting company's investigation into an existing problem,Their investigation did not fix an error on your report,,,"EQUIFAX, INC.",TN,38106.0,,Consent not provided,Web,2021-01-13,Closed with explanation,1,,4067501,2021,1,0,Credit reporting / repair
2016-03-28,Debt collection,I do not know,Communication tactics,Frequent or repeated calls,The daily phone calls are coming to our home landline. A recorded message does not ask for anyone in our household by name. It says it is an attempt to collect a debt and rattles off another number to call back. It does not repeat the call back number. I believe the number is : XXXX. We are on the national do not call registry.,,"Convergent Resources, Inc.",NE,68022.0,Older American,Consent provided,Web,2016-05-04,Closed,1,0.0,1852630,2016,3,1,Debt collection
2025-09-21,Credit reporting or other personal consumer reports,Credit reporting,Incorrect information on your report,Information belongs to someone else,,Company has responded to the consumer and the CFPB and chooses not to provide a public response,"TRANSUNION INTERMEDIATE HOLDINGS, INC.",MS,39204.0,,Consent not provided,Web,2025-09-21,Closed with explanation,1,,16113581,2025,9,0,Credit reporting or other personal consumer reports
2023-07-20,"Credit reporting, credit repair services, or other personal consumer reports",Credit reporting,Incorrect information on your report,Information belongs to someone else,,,"EQUIFAX, INC.",GA,31721.0,,Consent not provided,Web,2023-07-20,Closed with non-monetary relief,1,,7279064,2023,7,0,Credit reporting / repair
2025-05-05,Credit reporting or other personal consumer reports,Credit reporting,Improper use of your report,Reporting company used your report improperly,,Company has responded to the consumer and the CFPB and chooses not to provide a public response,Experian Information Solutions Inc.,FL,33025.0,,Consent not provided,Web,2025-05-05,Closed with explanation,1,,13335133,2025,5,0,Credit reporting or other personal consumer reports
2026-02-24,Credit reporting or other personal consumer reports,Credit reporting,Incorrect information on your report,Information belongs to someone else,,,"EQUIFAX, INC.",TX,75165.0,,,Web,2026-02-24,Closed with non-monetary relief,1,,19727594,2026,2,0,Credit reporting or other personal consumer reports
2023-11-08,Credit reporting or other personal consumer reports,Credit reporting,Improper use of your report,Reporting company used your report improperly,,,"EQUIFAX, INC.",LA,71115.0,,Consent not provided,Web,2023-11-08,Closed with non-monetary relief,1,,7819092,2023,11,0,Credit reporting or other personal consumer reports
2018-02-15,"Credit reporting, credit repair services, or other personal consumer reports",Credit reporting,Unable to get your credit report or credit score,Problem getting your free annual credit report,"trying to get my credit report from Transunion for three days, and they keep on giving me the runaround.",Company has responded to the consumer and the CFPB and chooses not to provide a public response,"TRANSUNION INTERMEDIATE HOLDINGS, INC.",NJ,7601.0,,Consent provided,Web,2018-02-15,Closed with explanation,1,,2815586,2018,2,1,Credit reporting / repair
2024-06-01,Checking or savings account,Checking account,Opening an account,Account opened without my consent or knowledge,,,KEYCORP,CT,6851.0,,Consent not provided,Web,2024-06-01,Closed with explanation,1,,9155718,2024,6,0,Bank account / service
2025-06-22,Credit reporting or other personal consumer reports,Credit reporting,Improper use of your report,Credit inquiries on your report that you don't recognize,"Recently, I did an investigation on my credit report and found several items on there to be inaccurate Under 15 U.S. Code 1581e ( b ) Accuracy of report Whenever a consumer reporting agency prepares a consumer report, it shall tollow reasonable procedures to assure the XXXX possible accuracy of the information concerning the individual about whom the report feldies 15 U.S. Code 16811 ( 5 ) Treatment of inaccurate or unveritiable information ( A ) In general it after any reinvestigation under paragraph ( 1 ) of any information disputed by a consumer, an item of the Intormation is tound to be inaccurate or incomolete or can not be venitied. the consumer reporting agency shall_ ( i ) promptly delete that item of information from the le or te consumer, or moaly wat lem or Iniormaton , as appropriale, Dased on te results of the reinvestigation; and ( ii ) promptly notify the furnisher of that information that the information has been modified or deleted from the file of the consumer. Please remove the following items from my credit report, immediately : ( XXXX XXXX, XXXX, XXXX XXXX, XXXX XXXX XXXX",,"CLGF Holdco 1, LLC",FL,,,Consent provided,Web,2025-06-22,Closed with non-monetary relief,1,,14218030,2025,6,1,Credit reporting or other personal consumer reports
2024-05-02,Credit reporting or other personal consumer reports,Credit reporting,Improper use of your report,Reporting company used your report improperly,,Company has responded to the consumer and the CFPB and chooses not to provide a public response,"TRANSUNION INTERMEDIATE HOLDINGS, INC.",RI,2860.0,,Consent not provided,Web,2024-05-02,Closed with non-monetary relief,1,,8909041,2024,5,0,Credit reporting or other personal consumer reports
2024-04-24,Credit reporting or other personal consumer reports,Credit reporting,Incorrect information on your report,Information belongs to someone else,,Company has responded to the consumer and the CFPB and chooses not to provide a public response,Experian Information Solutions Inc.,TX,75244.0,,Consent not provided,Web,2024-04-24,Closed with explanation,1,,8846615,2024,4,0,Credit reporting or other personal consumer reports
2025-05-26,Credit reporting or other personal consumer reports,Credit reporting,Improper use of your report,Credit inquiries on your report that you don't recognize,,Company has responded to the consumer and the CFPB and chooses not to provide a public response,Experian Information Solutions Inc.,FL,33179.0,,,Web,2025-05-26,Closed with explanation,1,,13713403,2025,5,0,Credit reporting or other personal consumer reports
2025-09-15,Credit reporting or other personal consumer reports,Credit reporting,Incorrect information on your report,Information belongs to someone else,,Company has responded to the consumer and the CFPB and chooses not to provide a public response,Experian Information Solutions Inc.,TX,76179.0,,Consent not provided,Web,2025-09-16,Closed with explanation,1,,15935262,2025,9,0,Credit reporting or other personal consumer reports
2022-01-19,Checking or savings account,CD (Certificate of Deposit),Managing an account,Funds not handled or disbursed as instructed,,,PNC Bank N.A.,OR,97322.0,Older American,,Phone,2022-01-19,Closed with monetary relief,1,,5127292,2022,1,0,Bank account / service
2022-09-13,Debt collection,Other debt,False statements or representation,"Impersonated attorney, law enforcement, or government official","GC Services called me this morning about my account with the Michigan State Treasury to pay off back taxes. I made a payment today, but I was about 10 days late. I didn't know they were a collection agency until I googled the phone number. I think they wanted me to believe they were the State of Michigan. The representative was incredibly rude and hung up. I am not sure if they are going to try and ruin my credit or not, but I am NOT behind on my payments, I was just a few days late ; times are hard. I have attached proof that I've made my payments. Please tell GC Services not to ruin my credit, as I am current on my tax account. These guys have already been in trouble for impersonating government officials and making threats. Here 's the link. https : XXXX",,"ORG GC GP BUYER, LLC",KY,40241.0,,Consent provided,Web,2022-09-13,Closed with explanation,1,,5979546,2022,9,1,Debt collection
2025-04-10,Credit reporting or other personal consumer reports,Credit reporting,Incorrect information on your report,Information belongs to someone else,,,"EQUIFAX, INC.",IN,46327.0,,Consent not provided,Web,2025-04-10,Closed with non-monetary relief,1,,12912387,2025,4,0,Credit reporting or other personal consumer reports
2025-08-15,Credit reporting or other personal consumer reports,Credit reporting,Incorrect information on your report,Information belongs to someone else,,Company has responded to the consumer and the CFPB and chooses not to provide a public response,Experian Information Solutions Inc.,WA,98003.0,,Consent not provided,Web,2025-08-15,Closed with explanation,1,,15306509,2025,8,0,Credit reporting or other personal consumer reports
2018-10-10,"Credit reporting, credit repair services, or other personal consumer reports",Credit reporting,Incorrect information on your report,Information belongs to someone else,,Company has responded to the consumer and the CFPB and chooses not to provide a public response,"TRANSUNION INTERMEDIATE HOLDINGS, INC.",NY,11096.0,,,Fax,2018-10-10,Closed with explanation,1,,3041988,2018,10,0,Credit reporting / repair
2024-08-07,Credit reporting or other personal consumer reports,Credit reporting,Improper use of your report,Credit inquiries on your report that you don't recognize,,Company has responded to the consumer and the CFPB and chooses not to provide a public response,Experian Information Solutions Inc.,FL,32955.0,,Consent not provided,Web,2024-08-07,Closed with explanation,1,,9727106,2024,8,0,Credit reporting or other personal consumer reports
2022-07-15,"Credit reporting, credit repair services, or other personal consumer reports",Credit reporting,Problem with a credit reporting company's investigation into an existing problem,Was not notified of investigation status or results,on XX/XX/2022 I sent a letter regarding my inaccurate and unknown things on my credit report. This is a violation under the Fair Credit Reporting Act Section 621 ( a ) ( 2 ) ( duty to correct and update information ) I demand these accounts to be deleted immediately or i will seek litigation. remove all Fraudulent accounts as I have no knowledge of any of these accounts due to the XXXX data breach/identity theft and may have got into the hands of the wrong person.,Company has responded to the consumer and the CFPB and chooses not to provide a public response,"TRANSUNION INTERMEDIATE HOLDINGS, INC.",TX,77396.0,,Consent provided,Web,2022-07-15,Closed with non-monetary relief,1,,5772479,2022,7,1,Credit reporting / repair
2022-07-12,"Credit reporting, credit repair services, or other personal consumer reports",Credit reporting,Improper use of your report,Credit inquiries on your report that you don't recognize,"I have reached out to each merchant to have and account deletion letter to each reporting agency, I have done this over the phone and I writing and I have gotten no help and the run around after following all steps given by each credit bureau. 

Auto sales pre-qualification became hard inquiries",Company has responded to the consumer and the CFPB and chooses not to provide a public response,ALLY FINANCIAL INC.,MD,21217.0,,Consent provided,Web,2022-07-12,Closed with explanation,1,,5764582,2022,7,1,Credit reporting / repair
2025-03-31,Credit reporting or other personal consumer reports,Credit reporting,Incorrect information on your report,Account information incorrect,"Recently I did an investigation on my credit report and found several items on there to be inaccurate. 
Under 15 U.S. Code 1681e ( b ) Accuracy of report Whenever a consumer reporting agency prepares a consumer report, it shall follow reasonable procedures to assure the maximum possible accuracy of the information concerning the individual about whom the report relates.

15 U.S. Code 1681i ( 5 ) Treatment of inaccurate or unverifiable information ( A ) In general if, after any reinvestigation under paragraph ( 1 ) of any information disputed by a consumer, an item of the information is found to be inaccurate or incomplete or can not be verified, the consumer reporting agency shalli ) promptly delete that item of information from the file of the consumer, or modify that item of information, as appropriate, based on the results of the reinvestigation; and ( ii ) promptly notify the furnisher of that information that the information has been modified or deleted from the file of the consumer. 

Please remove the following items from my credit report, immediately : EXPERIAN **** XXXX XXXX Account information Account number XXXX Open/Closed Closed Date Opened XX/XX/XXXX XXXX XXXXXXXX Account information Account number XXXX Open/Closed Closed Date Opened XX/XX/XXXX XXXX Account information Account number XXXX Open/Closed Closed Date Opened XX/XX/XXXX XXXX XXXX  Account information Account number XXXX Open/Closed Closed Date Opened XX/XX/XXXX XXXXXXXX XXXX Account information Account number XXXX Open/Closed Closed Date Opened XX/XX/XXXX XXXX Account information Account number XXXX Open/Closed Closed Date Opened XX/XX/XXXX XXXX **** XXXX XXXX Account information Account number XXXX Open/Closed Closed Date Opened XX/XX/XXXXXXXX XXXX XXXXXXXX Account information Account number XXXX Open/Closed Closed Date Opened XX/XX/XXXX XXXX Account information Account number XXXX Open/Closed Closed Date Opened XX/XX/XXXX XXXX Bank Account information Account number XXXX Open/Closed Closed Date Opened XX/XX/XXXX XXXXXXXX XXXX Account information Account number XXXX Open/Closed Closed Date Opened XX/XX/XXXX XXXX Account information Account number XXXX Open/Closed Closed Date Opened XX/XX/XXXX XXXX **** XXXX XXXX Account information Account number XXXX Open/Closed Closed Date Opened XX/XX/XXXXXXXX XXXX XXXX Account information Account number XXXX Open/Closed Closed Date Opened XX/XX/XXXX XXXX Account information Account number XXXX Open/Closed Closed Date Opened XX/XX/XXXX XXXX Bank Account information Account number XXXX Open/Closed Closed Date Opened XX/XX/XXXX XXXXXXXX XXXX Account information Account number XXXX Open/Closed Closed Date Opened XX/XX/XXXX XXXX Account information Account number XXXX Open/Closed Closed Date Opened XX/XX/XXXXXXXX XXXX XXXX",Company has responded to the consumer and the CFPB and chooses not to provide a public response,"TRANSUNION INTERMEDIATE HOLDINGS, INC.",FL,33570.0,Servicemember,Consent provided,Web,2025-03-31,Closed with non-monetary relief,1,,12752817,2025,3,1,Credit reporting or other personal consumer reports
2026-03-20,Credit reporting or other personal consumer reports,Credit reporting,Problem with a company's investigation into an existing problem,Investigation took more than 30 days,,,"TRANSUNION INTERMEDIATE HOLDINGS, INC.",TX,77066.0,,,Web,2026-03-20,In progress,1,,20447410,2026,3,0,Credit reporting or other personal consumer reports
2026-01-22,Credit reporting or other personal consumer reports,Credit reporting,Incorrect information on your report,Personal information incorrect,,Company has responded to the consumer and the CFPB and chooses not to provide a public response,"TRANSUNION INTERMEDIATE HOLDINGS, INC.",LA,70124.0,,Consent not provided,Web,2026-01-22,Closed with non-monetary relief,1,,18930171,2026,1,0,Credit reporting or other personal consumer reports
2026-02-02,Credit reporting or other personal consumer reports,Credit reporting,Problem with a company's investigation into an existing problem,Their investigation did not fix an error on your report,,,"EQUIFAX, INC.",GA,30813.0,,,Web,2026-02-02,Closed with explanation,1,,19171544,2026,2,0,Credit reporting or other personal consumer reports
2024-10-09,Debt collection,I do not know,False statements or representation,Attempted to collect wrong amount,"No Parking Rule/Refusal to pay/ Cease and Desist I Refuse to Pay this alleged collection XXXX XXXX XXXX XXXX XXXX. 
XXXX, XXXX  XXXX XX/XX/XXXX NATIONAL CREDIT ADJUSTERS  , L.L.C XXXX XXXX XXXX XXXX XXXX, KS XXXX To Whom It XXXX Concern : This notice is to inform you that you have unlawfully reported an alleged debt to my consumer report. Under the New Rule REGULATION F which took effect XX/XX/XXXX, You NATIONAL CREDIT ADJUSTERS , L.L.C You have violated the FDCPA 1006.30a and its new rule by parking this alleged debt on my consumer reports. Cease and Desist the reporting of this alleged XXXX immediately or I will escalate this matter to taking legal action. 
I have not given you written permission to put anything on my credit profile 15 USC 1681b2.

You have no permissible purpose by law to contact third parties with my private or personal information. Your offenses amount to Aggravated Identity Theft pursuant to 18 U.S.C. 1028A. You have knowingly transferred, possessed, or used, without lawful authority, a means of identification of me, which is a felony punishable with up to 2 years of imprisonment, in addition to civil liability.

I AM A LITIGIOUS CONSUMER I WILL NOT HESITATE TO TAKE LEGAL ACTION AGAINST NATIONAL CREDIT ADJUSTERS , L.L.C 15 USC 1692c ( c ) Ceasing communication If a consumer notifies a debt collector in writing that the consumer refuses to pay a debt or that the consumer wishes the debt collector to cease further communication with the consumer, the debt collector shall not communicate further with the consumer with respect to such debt. 
I refuse to pay this alleged debt. Cease and Desist all collections activity regarding this alleged debt and PROMPTLY Delete it from all consumer reporting agencies that you have reported this inaccurate, incomplete, erroneous and misleading information to at once. 
The reporting of such inaccurate information has caused severe damage to my character, my reputation, my general mode of living and my ability to obtain credit for personal and house purposes. 
You and your inaccurate reporting have damaged my livelihood. 

XXXX XXXX Code XXXX - Responsibilities of furnishers of information to consumer reporting agencies ( a ) DUTY OF FURNISHERS OF INFORMATION TO PROVIDE ACCURATE INFORMATION XXXX ) PROHIBITION ( A ) Reporting information with actual knowledge of errors A person shall not furnish any information relating to a consumer to any consumer reporting agency if the person knows or has reasonable cause to believe that the information is inaccurate. 
Duty : a moral or legal obligation ; a responsibility XXXX : correct in all details ; exact. 
XXXX : a law or regulation forbidding something XXXX XXXX XXXX XXXX Says you NATIONAL CREDIT ADJUSTERS , L.L.C are a furnisher of information to a consumer reporting agency. 
You ARE PROHIBITED BY LAW to furnish inaccurate information XXXX XXXX XXXX XXXX ( a ) ( XXXX ) ( A ) XXXX XXXX Code XXXX ( a ) DUTY OF FURNISHERS OF INFORMATION TO PROVIDE ACCURATE INFORMATION XXXX ) PROHIBITION ( B ) Reporting information after notice and confirmation of errors A person shall not furnish information relating to a consumer to any consumer reporting agency if ( i ) the person has been notified by the consumer, at the address specified by the person for such notices, that specific information is inaccurate ; and ( ii ) the information is, in fact, inaccurate. 

In conclusion I have shown you and you have been put on notice that you are reporting inaccurate information. The information is, in fact, inaccurate. 

The continued reporting of this inaccurate information is a clear violation of the Law 15 USC 1681 s-2 of your responsibilities as a furnisher of information.

You have caused me and my family severe harm due to your negligence and inaccurate reporting. This is a final opportunity to Cure and DELETE This Erroneous, inaccurate account from my Consumer report.

YOU HAVE 10 Calendar days to DELETE THIS ACCOUNT FROM MY CONSUMER REPORTS! or I will take legal action for consumer law violation under 15 USC 1681 n, 15 USC 1681 o and 15 USC 1692k.

DELETE THE FOLLOWING ACCOUNT/S FROM YOUR RECORDS AND ALL CONSUMER REPORTING AGENCIES. 
Account name Acct # NATIONAL CREDIT ADJUSTERS , L.L.C - XXXX NATIONAL CREDIT ADJUSTERS , L.L.C - XXXX Failure to respond satisfactorily with deletion of the above referenced account, and send out a free copy of my report after the changes have been made will result in legal actions being taken against your company, for which I will also be seeking {$1000.00} per violation for : 1. Defamation of Character ( per se ) 2. Negligent Enablement of Identity Fraud 3. Fair Debt Collections Practices Act 15 USC 1692g violations 4. Fair Credit Reporting Act 15USC 1681 violations for willful noncompliance - 616. Civil liability for willful noncompliance [ 15 U.S.C. 1681n ] Thank you, XXXX XXXX Enclosed : copy of ID and XXXX XXXX showing proof of address",,"National Credit Adjusters, LLC",CA,90706.0,,Consent provided,Web,2024-10-09,Closed with explanation,1,,10402137,2024,10,1,Debt collection
2023-09-07,Credit reporting or other personal consumer reports,Credit reporting,Incorrect information on your report,Information belongs to someone else,,,"EQUIFAX, INC.",PA,19146.0,,Consent not provided,Web,2023-09-07,Closed with non-monetary relief,1,,7513008,2023,9,0,Credit reporting or other personal consumer reports
2024-01-22,Debt collection,Credit card debt,False statements or representation,Attempted to collect wrong amount,,,"Spring Oaks Capital, LLC",IL,60453.0,,Consent not provided,Web,2024-01-22,Closed with explanation,1,,8204000,2024,1,0,Debt collection
2023-06-12,Debt collection,I do not know,Attempts to collect debt not owed,Debt is not yours,,Company has responded to the consumer and the CFPB and chooses not to provide a public response,CREDIT ACCEPTANCE CORPORATION,AL,36426.0,,Consent not provided,Web,2023-06-12,Closed with explanation,1,,7101521,2023,6,0,Debt collection
2025-10-21,Credit reporting or other personal consumer reports,Credit reporting,Incorrect information on your report,Information belongs to someone else,,,"EQUIFAX, INC.",FL,33025.0,,Consent not provided,Web,2025-10-21,Closed with explanation,1,,16726012,2025,10,0,Credit reporting or other personal consumer reports
2025-10-02,Credit reporting or other personal consumer reports,Credit reporting,Improper use of your report,Reporting company used your report improperly,"Dear CFPB Representative, I am submitting this complaint regarding inaccurate and unverifiable student loan accounts being reported on my credit file. These accounts are harming my credit profile and violating my rights under federal law. 

The specific TransUnion accounts in dispute are : Account # XXXX Balance : {$3400.00} Opened XX/XX/XXXX Monthly Payment : {$32.00} Past Due : {$260.00} Account # XXXX Balance : {$4900.00} Opened XX/XX/XXXX Monthly Payment : {$54.00} Past Due : {$430.00} Account # XXXX Balance : {$3100.00} Opened XX/XX/XXXX Monthly Payment : {$31.00} Past Due : {$250.00} Account # XXXX Balance : {$5600.00} Opened XX/XX/XXXX Monthly Payment : {$56.00} Past Due : {$450.00} Dispute Basis : 1.Under the Fair Credit Reporting Act ( FCRA ) 609 & 611, I have the right to request verification of the information being reported. To validate these accounts, the original promissory notes, the chain of custody of the debt, and the complete payment history must be provided.

2.If the above documentation can not be produced, the continued reporting of these accounts is inaccurate and must be deleted.

3.Under the Gramm-Leach-Bliley Act ( GLBA ), furnishers of credit information are obligated to safeguard consumer data. Reporting unverifiable information while distributing my personal details constitutes a violation.

4.Under FERPA ( Family Educational Rights and Privacy Act ), my educational records are protected. Any disclosure of my student loan records without proper authorization and documentation is a breach of FERPA.

Requested Relief : I request a full investigation into the accounts listed above.

If the promissory notes, chain of custody, and complete payment history can not be provided, I demand the immediate deletion of these accounts from my credit reports with XXXX, Experian, and XXXX.

Please confirm receipt of this complaint and notify me of the corrective action that will be taken.",Company has responded to the consumer and the CFPB and chooses not to provide a public response,Experian Information Solutions Inc.,PA,19144.0,,Consent provided,Web,2025-10-02,Closed with explanation,1,,16303317,2025,10,1,Credit reporting or other personal consumer reports
2023-12-19,Credit reporting or other personal consumer reports,Credit reporting,Incorrect information on your report,Account information incorrect,"XXXX credit I have proof of payment and they also frozen people accounts and said that they are still reporting with frozen cards but they have been reporting me late thus far, I have proof UDATE they are reporting late and destroying my credit HELP",Company has responded to the consumer and the CFPB and chooses not to provide a public response,Experian Information Solutions Inc.,FL,,Servicemember,Consent provided,Web,2023-12-19,Closed with non-monetary relief,1,,8029239,2023,12,1,Credit reporting or other personal consumer reports
2014-02-15,Mortgage,FHA mortgage,"Loan servicing, payments, escrow account",,,,Ocwen Financial Corporation,AZ,85754.0,,,Web,2014-02-15,Closed with explanation,1,0.0,716047,2014,2,0,Mortgage
2023-02-06,"Credit reporting, credit repair services, or other personal consumer reports",Credit reporting,Incorrect information on your report,Information belongs to someone else,,,"EQUIFAX, INC.",IL,62526.0,,Consent not provided,Web,2023-02-06,Closed with explanation,1,,6536419,2023,2,0,Credit reporting / repair
2025-03-13,Credit reporting or other personal consumer reports,Credit reporting,Improper use of your report,Credit inquiries on your report that you don't recognize,,,"EQUIFAX, INC.",NY,11213.0,,Consent not provided,Web,2025-03-13,Closed with non-monetary relief,1,,12455094,2025,3,0,Credit reporting or other personal consumer reports
2025-02-26,Credit reporting or other personal consumer reports,Credit reporting,Improper use of your report,Reporting company used your report improperly,,Company has responded to the consumer and the CFPB and chooses not to provide a public response,Experian Information Solutions Inc.,MA,2135.0,,Consent not provided,Web,2025-02-26,Closed with explanation,1,,12235396,2025,2,0,Credit reporting or other personal consumer reports
2023-01-05,Checking or savings account,Checking account,Closing an account,Funds not received from closed account,,Company has responded to the consumer and the CFPB and chooses not to provide a public response,"BANK OF AMERICA, NATIONAL ASSOCIATION",FL,33065.0,,Consent not provided,Web,2023-01-06,Closed with monetary relief,0,,6401526,2023,1,0,Bank account / service
2014-12-18,Bank account or service,Checking account,Deposits and withdrawals,,,,"BANK OF AMERICA, NATIONAL ASSOCIATION",VA,22906.0,,,Web,2015-01-23,Closed with explanation,1,0.0,1161944,2014,12,0,Bank account / service
2021-04-16,"Money transfer, virtual currency, or money service",Virtual currency,Other transaction problem,,"XXXX wrongfully charged me for a service that I did not order, through PayPal. The funds were not available to cover it and I attempted to let them know. They still forced the transaction and instead of PayPal rejecting the cost, they forced a cash account that had no funds to create a debt. I attempted to file a complaint with PayPal and their issue is that the service was close to what the original order request was ordered and not that the charge should have never taken place since the funds were unavailable. So I wouldlike to file a complaint against PayPal for their wrongful transactions.",,"Paypal Holdings, Inc",WI,53212.0,,Consent provided,Web,2021-04-16,Closed with non-monetary relief,1,,4301753,2021,4,1,Money transfer / service
2020-10-06,Debt collection,Credit card debt,Took or threatened to take negative or legal action,Threatened or suggested your credit would be damaged,"I recieved my first email from LVNV on XX/XX/2020 requesting attention be given to a credit card account that I was unable to pay due to being unemployed. I remember thinking, how unprofessional it was to request payment be made for a debt at the very time COVID had started to affect employment, causing employers to shut down and stay in place orders were in place. At that time I was recieving only Welfare as income and food stamps as food. LVNV continued to contact via email at least once a week to place their payment before the immediate needs of what the pandemic had already caused. Statements such as Fullfill your obligation, resolve your responsibility, if you take care of matters now, then you can get back to what matters, just to name a few. The following is a list of dates this year 2020, that I recieved emails into my personal email account from LVNV, from the very first to current : XX/XX/XXXX, XX/XX/XXXX, XX/XX/XXXX, XX/XX/XXXX, XX/XX/XXXX, XX/XX/XXXX, XX/XX/XXXX, XX/XX/XXXX, XX/XX/XXXX, XX/XX/XXXX, XX/XX/XXXX, XX/XX/XXXX, XX/XX/XXXX, XX/XX/XXXX, XX/XX/XXXX, XX/XX/XXXX, XX/XX/XXXX, XXXX XXXX, XX/XX/XXXX, XX/XX/XXXX, XX/XX/XXXX, XX/XX/XXXX, XX/XX/XXXX, XX/XX/XXXX, XX/XX/XXXX, XX/XX/XXXX, XX/XX/XXXX, XX/XX/XXXX. I have all emails sent from company and can forward if needed. Initial person of contact was XXXX XXXX, the XXXX XXXX, now its been consistently XXXX XXXX. I jus strongly feel this company have been extremely inappropriate to contact as much and say the things they do to collect a credit card debt when the main global concern at this time is COVID-19 deaths and continued loss of employment opportunities.",,Resurgent Capital Services L.P.,CA,92240.0,,Consent provided,Web,2020-10-06,Closed with explanation,1,,3884074,2020,10,1,Debt collection
2015-11-28,Bank account or service,Checking account,Deposits and withdrawals,,,Company chooses not to provide a public response,WELLS FARGO & COMPANY,AZ,85259.0,,Consent not provided,Web,2015-11-28,Closed with explanation,1,0.0,1674459,2015,11,0,Bank account / service
2025-03-19,Credit reporting or other personal consumer reports,Credit reporting,Improper use of your report,Reporting company used your report improperly,,Company has responded to the consumer and the CFPB and chooses not to provide a public response,"TRANSUNION INTERMEDIATE HOLDINGS, INC.",AR,72114.0,,Consent not provided,Web,2025-03-19,Closed with explanation,1,,12557312,2025,3,0,Credit reporting or other personal consumer reports
2025-04-21,Credit reporting or other personal consumer reports,Credit reporting,Incorrect information on your report,Account information incorrect,,Company has responded to the consumer and the CFPB and chooses not to provide a public response,"TRANSUNION INTERMEDIATE HOLDINGS, INC.",LA,70810.0,,Consent not provided,Web,2025-04-21,Closed with non-monetary relief,1,,13094488,2025,4,0,Credit reporting or other personal consumer reports
2025-10-20,Credit reporting or other personal consumer reports,Credit reporting,Incorrect information on your report,Information belongs to someone else,,Company has responded to the consumer and the CFPB and chooses not to provide a public response,Experian Information Solutions Inc.,GA,31419.0,,Consent not provided,Web,2025-10-20,Closed with explanation,1,,16708027,2025,10,0,Credit reporting or other personal consumer reports
2025-10-28,Credit reporting or other personal consumer reports,Credit reporting,Incorrect information on your report,Information belongs to someone else,,Company has responded to the consumer and the CFPB and chooses not to provide a public response,"TRANSUNION INTERMEDIATE HOLDINGS, INC.",LA,71263.0,,Consent not provided,Web,2025-10-28,Closed with non-monetary relief,1,,16867516,2025,10,0,Credit reporting or other personal consumer reports
2025-04-28,Credit reporting or other personal consumer reports,Credit reporting,Incorrect information on your report,Information belongs to someone else,,Company has responded to the consumer and the CFPB and chooses not to provide a public response,Experian Information Solutions Inc.,FL,33176.0,,Consent not provided,Web,2025-04-28,Closed with explanation,1,,13220051,2025,4,0,Credit reporting or other personal consumer reports
2020-11-25,"Credit reporting, credit repair services, or other personal consumer reports",Credit reporting,Incorrect information on your report,Personal information incorrect,,,"CBC Companies, Inc.",TX,78249.0,,Consent not provided,Web,2020-11-25,Closed with explanation,1,,3975082,2020,11,0,Credit reporting / repair
2024-10-29,Credit reporting or other personal consumer reports,Credit reporting,Incorrect information on your report,Personal information incorrect,,,"EQUIFAX, INC.",NJ,7071.0,,Consent not provided,Web,2024-10-29,Closed with non-monetary relief,1,,10613960,2024,10,0,Credit reporting or other personal consumer reports
2021-08-26,"Credit reporting, credit repair services, or other personal consumer reports",Credit reporting,Incorrect information on your report,Personal information incorrect,,,"EQUIFAX, INC.",MS,39047.0,,Consent not provided,Web,2021-08-26,Closed with explanation,1,,4664196,2021,8,0,Credit reporting / repair
2022-02-13,Debt collection,Other debt,Attempts to collect debt not owed,Debt is not yours,"LVNV Funding LLC pushed someone's unpayed account to their debt collection servicer Resurgent Capital Services. LVNV Funding states they acquired an account from XXXX XXXX XXXX. The XXXX account owner 's name does not match mine. The alleged account owner lived in a state where I have never been in residence. I've never done business with and never had an account w/ XXXX XXXX THE DEBT IS NOT MINE. According to XXXX Resurgent Capital Services, LVNV Funding LLC, & XXXX, XXXX are total scam companies. So, no why would I contact a scammer. Went straight to CFPB, FTC, & BBB.",,Resurgent Capital Services L.P.,CA,94541.0,,Consent provided,Web,2022-02-13,Closed with explanation,1,,5215600,2022,2,1,Debt collection
2025-08-01,Credit reporting or other personal consumer reports,Credit reporting,Incorrect information on your report,Information belongs to someone else,,,"EQUIFAX, INC.",TN,38109.0,,Consent not provided,Web,2025-08-01,Closed with non-monetary relief,1,,15039221,2025,8,0,Credit reporting or other personal consumer reports
2025-01-09,Credit reporting or other personal consumer reports,Credit reporting,Incorrect information on your report,Account information incorrect,,Company has responded to the consumer and the CFPB and chooses not to provide a public response,"TRANSUNION INTERMEDIATE HOLDINGS, INC.",OH,44095.0,,Consent not provided,Web,2025-01-09,Closed with non-monetary relief,1,,11447270,2025,1,0,Credit reporting or other personal consumer reports
2025-01-16,Credit reporting or other personal consumer reports,Credit reporting,Incorrect information on your report,Information belongs to someone else,,Company has responded to the consumer and the CFPB and chooses not to provide a public response,"TRANSUNION INTERMEDIATE HOLDINGS, INC.",FL,33311.0,,Consent not provided,Web,2025-01-16,Closed with non-monetary relief,1,,11567036,2025,1,0,Credit reporting or other personal consumer reports
2024-11-05,Credit reporting or other personal consumer reports,Credit reporting,Incorrect information on your report,Old information reappears or never goes away,,Company has responded to the consumer and the CFPB and chooses not to provide a public response,Experian Information Solutions Inc.,TN,38127.0,,Consent not provided,Web,2024-11-05,Closed with explanation,1,,10680544,2024,11,0,Credit reporting or other personal consumer reports
2022-12-09,Credit card or prepaid card,Store credit card,Problem with a purchase shown on your statement,Card was charged for something you did not purchase with the card,"Purchase made at store location in XXXX MT on XXXX/XXXX/22. 

A commercial credit card was used to purchase blinds for a rental home in XXXX. 

The store employee had difficulty "" getting the payment to go through. '' The purchase in dispute is for {$990.00} worth of blinds. I was given the following receipts at the customer support counter : Trans # : XXXX {$1000.00} ( {$990.00} + XXXX tax ) Trans # : XXXX + {$1000.00} ( Credit ) Trans # : XXXX {$990.00} The XXXX/XXXX/22, statement included the following charges and credits from the XXXX Store : XX/XX/22 invoice # : XXXX {$1000.00} XX/XX/22 invoice # : ( {$1000.00} ) XXXX/XXXX/22 invoice # : XXXX {$990.00} XXXX/XXXX/22 invoice # : XXXX {$990.00} I am certain the the extra {$990.00} is an erroneous double charge, and I have disputed it XXXX times. In all this time, I have not received any written documentation from Synchrony bank regarding the resolution of the first XXXX disputes, and was only informed of it being in Lowes favor when I called the customer support number on the Lowes statements. 

Regardless of their previous decisions, I am continuing the dispute the charge because I did not get XXXX sets of merchandise worth {$990.00} on XXXX/XXXX/22 from the XXXX Lowes Store. I have spent a lot of time on the phone and organizing my records to deal with this incorrect charge, and it is still not settled.",Company has responded to the consumer and the CFPB and chooses not to provide a public response,SYNCHRONY FINANCIAL,UT,84651.0,,Consent provided,Web,2022-12-09,Closed with monetary relief,1,,6301915,2022,12,1,Credit card
2016-11-29,Credit card,,Unsolicited issuance of credit card,,"I went into a jewelry store to look at some XXXX watches between XXXX-XXXXm on XX/XX/2015. A salesman talked me into seeing how expensive of a XXXX I could finance. It was a Sunday and I thought "" why not? "". The guy sat me down, and asked me for some credit information. Told me I could afford {$2400.00} of watch to finance. I did not purchase anything at the store and walked out. Shortly after, I received a credit card in the mail - I thought it was a fake promotional card. It was a card from this jewelry store, account opened XX/XX/2015, the same month and the first and only time I entered that store. The salesperson did not have my permission to open a credit card account, and I never knowingly gave my consent for him to do this. I was asked for my financial information under the notion that it would be used to determine my credit worthiness - opening an account under my name was NEVER mentioned. As soon as I received the credit card, I called the creditor to cancel the account. 

I have attached a screenshot from my credit report - the trended data shows that I never used this card. I never had use for it because I was never interested in applying for a card.",,TD BANK US HOLDING COMPANY,TX,,,Consent provided,Web,2016-11-29,Closed with non-monetary relief,1,0.0,2226745,2016,11,1,Credit card
2020-08-03,Debt collection,Other debt,Attempts to collect debt not owed,Debt is not yours,"in XXXX i tried to buy a mattress and have it leased through acima. i never received the mattress and in that time i had also loss my phone number yet i still contacted acima telling them i never received the mattress and would not need to have it leased anymore. in XXXX i realized that it is still trying to be collected even though the lease wasn't needed and i never got the product it was intended for. they still wont remove it and say i still owe. I have contacted this company and the company i tried to get the mattress through and both were non-caring and very unhelpful, needless to say if it seems like a scam it probably is. The original company i tried to work with went under for fraud and a new owner is running the mattress "" company '' he wouldn't have had to owe anything all he had to do was cancel the order to the lease firm. he would not do so for no apparent reason other than to make my life difficult and teach me a lesson. I just don't understand people anymore and dint want it to be this big of a deal but if the original person went away for fraud you think he would try to make the company look good, but like i said before if it looks like a scam it probably is,",,"ACIMA CREDIT, LLC",IA,,,Consent provided,Web,2020-08-12,Closed with explanation,1,,3777494,2020,8,1,Debt collection
2022-07-29,"Credit reporting, credit repair services, or other personal consumer reports",Credit reporting,Problem with a credit reporting company's investigation into an existing problem,Was not notified of investigation status or results,,,"EQUIFAX, INC.",MD,21239.0,,Consent not provided,Web,2022-07-29,Closed with explanation,1,,5822654,2022,7,0,Credit reporting / repair
2025-05-15,Credit reporting or other personal consumer reports,Credit reporting,Incorrect information on your report,Information belongs to someone else,,Company has responded to the consumer and the CFPB and chooses not to provide a public response,Experian Information Solutions Inc.,SC,29418.0,,Consent not provided,Web,2025-05-15,Closed with explanation,1,,13533725,2025,5,0,Credit reporting or other personal consumer reports
2019-04-08,"Credit reporting, credit repair services, or other personal consumer reports",Credit reporting,Incorrect information on your report,Account information incorrect,i checked my credit report and noticed that XXXX  XXXX was reported as closed. My account is still open and in good standing. Why is it reporting closed? I have tried to submit a dispute with XXXX Equifax and XXXX to get the account status updated to Open.,,"EQUIFAX, INC.",FL,33157.0,,Consent provided,Web,2019-04-08,Closed with explanation,1,,3205303,2019,4,1,Credit reporting / repair
2025-03-27,Credit reporting or other personal consumer reports,Credit reporting,Improper use of your report,Reporting company used your report improperly,,,"EQUIFAX, INC.",WI,53590.0,,Consent not provided,Web,2025-03-27,Closed with non-monetary relief,1,,12700176,2025,3,0,Credit reporting or other personal consumer reports
2026-03-02,Credit reporting or other personal consumer reports,Credit reporting,Problem with a company's investigation into an existing problem,Their investigation did not fix an error on your report,,,"EQUIFAX, INC.",NJ,8002.0,,,Web,2026-03-02,Closed with explanation,1,,19902612,2026,3,0,Credit reporting or other personal consumer reports
2026-02-09,Debt collection,I do not know,Took or threatened to take negative or legal action,Threatened or suggested your credit would be damaged,,,ENCORE CAPITAL GROUP INC.,CA,93638.0,,,Web,2026-02-09,Closed with explanation,1,,19357994,2026,2,0,Debt collection
2024-08-26,Credit reporting or other personal consumer reports,Credit reporting,Incorrect information on your report,Account status incorrect,,Company has responded to the consumer and the CFPB and chooses not to provide a public response,Experian Information Solutions Inc.,KS,66614.0,,Consent not provided,Web,2024-08-26,Closed with explanation,1,,9917533,2024,8,0,Credit reporting or other personal consumer reports
2025-06-11,Credit reporting or other personal consumer reports,Credit reporting,Improper use of your report,Credit inquiries on your report that you don't recognize,,Company has responded to the consumer and the CFPB and chooses not to provide a public response,Experian Information Solutions Inc.,CT,6114.0,,Consent not provided,Web,2025-06-11,Closed with explanation,1,,14018796,2025,6,0,Credit reporting or other personal consumer reports
2025-03-20,Credit reporting or other personal consumer reports,Credit reporting,Incorrect information on your report,Information belongs to someone else,,Company has responded to the consumer and the CFPB and chooses not to provide a public response,Experian Information Solutions Inc.,CA,92124.0,,Consent not provided,Web,2025-03-20,Closed with explanation,1,,12589245,2025,3,0,Credit reporting or other personal consumer reports
2025-08-13,Credit reporting or other personal consumer reports,Credit reporting,Incorrect information on your report,Information belongs to someone else,Could you please take a moment to review and examine the attached documents? I believe your expertise will be invaluable in ensuring their accuracy and completeness. Your feedback and insights would be greatly appreciated. Thank you for your time and consideration in this matter.,Company has responded to the consumer and the CFPB and chooses not to provide a public response,"TRANSUNION INTERMEDIATE HOLDINGS, INC.",FL,33404.0,,Consent provided,Web,2025-08-13,Closed with non-monetary relief,1,,15248503,2025,8,1,Credit reporting or other personal consumer reports
2024-10-02,Credit reporting or other personal consumer reports,Credit reporting,Credit monitoring or identity theft protection services,Didn't receive services that were advertised,,Company has responded to the consumer and the CFPB and chooses not to provide a public response,"TRANSUNION INTERMEDIATE HOLDINGS, INC.",CA,90044.0,,Consent not provided,Web,2024-10-02,Closed with non-monetary relief,1,,10326978,2024,10,0,Credit reporting or other personal consumer reports
2025-09-23,Credit reporting or other personal consumer reports,Credit reporting,Incorrect information on your report,Information belongs to someone else,,Company has responded to the consumer and the CFPB and chooses not to provide a public response,Experian Information Solutions Inc.,MS,39701.0,,Consent not provided,Web,2025-09-23,Closed with explanation,1,,16125401,2025,9,0,Credit reporting or other personal consumer reports
2025-09-16,Credit reporting or other personal consumer reports,Credit reporting,Problem with a company's investigation into an existing problem,Their investigation did not fix an error on your report,,Company has responded to the consumer and the CFPB and chooses not to provide a public response,Experian Information Solutions Inc.,AL,35173.0,,,Web,2025-09-16,Closed with explanation,1,,15979539,2025,9,0,Credit reporting or other personal consumer reports
2023-05-08,"Credit reporting, credit repair services, or other personal consumer reports",Credit reporting,Improper use of your report,Reporting company used your report improperly,,,"EQUIFAX, INC.",TN,38016.0,,Consent not provided,Web,2023-05-08,Closed with explanation,1,,6946801,2023,5,0,Credit reporting / repair
2022-04-11,"Credit reporting, credit repair services, or other personal consumer reports",Credit reporting,Incorrect information on your report,Account information incorrect,"Accounts on my credit report are reporting inaccurately. I have sent in letters to the XXXX, TransUnion, & XXXX to dispute, and it just seems like they are not doing their job correctly. Some accounts are reporting 30 days late multiple times. When it was only late once. Accounts that have been paid and agreed to be removed have not been removed from the credit report. I have requested that balances be updated and they still have not been updated.",Company has responded to the consumer and the CFPB and chooses not to provide a public response,"TRANSUNION INTERMEDIATE HOLDINGS, INC.",CA,90002.0,,Consent provided,Web,2022-04-11,Closed with non-monetary relief,1,,5435002,2022,4,1,Credit reporting / repair
2022-08-26,"Payday loan, title loan, or personal loan",Installment loan,Problem with additional add-on products or services,,,Company has responded to the consumer and the CFPB and chooses not to provide a public response,1st Franklin Financial Corporation,GA,30461.0,,Consent not provided,Web,2022-08-26,Closed with explanation,1,,5916234,2022,8,0,Payday loan / title / personal
2025-03-23,Credit reporting or other personal consumer reports,Credit reporting,Improper use of your report,Reporting company used your report improperly,,Company has responded to the consumer and the CFPB and chooses not to provide a public response,"TRANSUNION INTERMEDIATE HOLDINGS, INC.",OH,43209.0,,Consent not provided,Web,2025-03-23,Closed with explanation,1,,12655626,2025,3,0,Credit reporting or other personal consumer reports
2014-03-12,Debt collection,I do not know,Cont'd attempts collect debt not owed,Debt resulted from identity theft,,,"Paypal Holdings, Inc",KS,66215.0,Servicemember,,Web,2014-03-12,Closed with monetary relief,1,1.0,754276,2014,3,0,Debt collection
2025-05-29,Credit reporting or other personal consumer reports,Credit reporting,Incorrect information on your report,Information belongs to someone else,"I strongly urge you to address and rectify the unauthorized accounts that have surfaced on my credit report. Despite my lack of association with these entries, they are adversely affecting my creditworthiness. I request their prompt removal and measures to prevent similar errors in the future.",Company has responded to the consumer and the CFPB and chooses not to provide a public response,Experian Information Solutions Inc.,NJ,8054.0,,Consent provided,Web,2025-05-29,Closed with explanation,1,,13795102,2025,5,1,Credit reporting or other personal consumer reports
2022-05-27,Debt collection,Other debt,Took or threatened to take negative or legal action,Threatened or suggested your credit would be damaged,"STATEMENT OF FACTS : 1. On XX/XX/XXXX, XXXX XXXX, hereinafter Respondent, made presentment of a PRIVATE ADMINISTRATIVE REMEDY DEMAND No. XXXX, incorporated herein in its entirety as Attachment A, to CONCORD SERVICING CORPORATION XXXX hereinafter Debt Collector, for the setoff, settlement, and closure of Account No. XXXX, hereinafter Account, sent via XXXX Registered Mail, XXXX XXXX. XXXX. 
2. Enclosed was an Offer of Performance, Tender of payment ( promissory note ) and Debt Collector Disclosure Statement, incorporated herein in its entirety as Attachment A giving twenty one ( 21 ) days for response. 
3. On XX/XX/XXXX, XXXX XXXX, made presentment of a NOTICE OF FAULT AND OPPORTUNITY TO CURE AND CONTEST ACCEPTANCE incorporated herein in its entirety as Attachment A, to CONCORD SERVICING CORPORATION, sent via XXXX, Article No. XXXX, giving debt collector XXXXen ( 10 ) days to respond 4. Debt Collectors failure to sufficiently respond or timely honor the Presentment, by the terms of the Presentment, constitutes Debt Collectors acceptance and approval of the OFFER OF PERFORMANCE contained therein. 
5. As of XX/XX/XXXX Respondent has not received sufficient response to the Presentment, thereby placing the Debt Collector at fault, as evidenced by the CERTIFICATE OF NON-PERFORMANCE dated XX/XX/XXXX, a record of which is attached hereto as Attachment A. 
6. Debt Collectors failure to sufficiently respond or timely honor the Fault Notice, by the terms of the Fault Notice, constitutes Debt Collectors acceptance and approval of the OFFER OF PERFORMANCE incorporated with the Presentment. 
7. Debt Collectors acceptance and approval of the TENDER OF PAYMENT ( Money Order ) constitutes Debt Collectors agreement to the stipulated aggregate amount of unpaid obligations being XXXX ( {$0.00} ) and XXXX/XXXX dollars. 
8. Debt Collector has defaulted. 
9. As an operation of law, Debt Collector by dishonor of the Presentment and the Fault Notice has created a default. 

XXXX XX/XX/XXXX XXXX sent a "" verification of debt '' letter to myself. It stated "" please find enclosed a copy of your signed contract and/or other documents validating such debt '' Enclosed were "" 0 '' documents or signed agreements. There was nothing else enclosed. Stating there were enclosed documents was false. XXXX also stated in the document that collection activity will commence. 

XXXX XX/XX/XXXX XXXX received my notice of default and consent to judgement and has still failed to respond",Company has responded to the consumer and the CFPB and chooses not to provide a public response,Concord Servicing Corporation,CA,,,Consent provided,Web,2022-05-27,Closed with explanation,1,,5618354,2022,5,1,Debt collection
2025-10-08,Credit reporting or other personal consumer reports,Credit reporting,Problem with a company's investigation into an existing problem,Their investigation did not fix an error on your report,,Company has responded to the consumer and the CFPB and chooses not to provide a public response,Experian Information Solutions Inc.,FL,33860.0,,Consent not provided,Web,2025-10-08,Closed with explanation,1,,16454860,2025,10,0,Credit reporting or other personal consumer reports
2026-01-10,Credit reporting or other personal consumer reports,Credit reporting,Incorrect information on your report,Information belongs to someone else,,Company has responded to the consumer and the CFPB and chooses not to provide a public response,"TRANSUNION INTERMEDIATE HOLDINGS, INC.",MS,39073.0,,Consent not provided,Web,2026-01-10,Closed with non-monetary relief,1,,18626522,2026,1,0,Credit reporting or other personal consumer reports
2025-10-28,Credit reporting or other personal consumer reports,Credit reporting,Incorrect information on your report,Information belongs to someone else,,Company has responded to the consumer and the CFPB and chooses not to provide a public response,"TRANSUNION INTERMEDIATE HOLDINGS, INC.",IL,60425.0,,Consent not provided,Web,2025-10-28,Closed with non-monetary relief,1,,16880164,2025,10,0,Credit reporting or other personal consumer reports
2025-09-18,Credit reporting or other personal consumer reports,Credit reporting,Incorrect information on your report,Information belongs to someone else,,Company has responded to the consumer and the CFPB and chooses not to provide a public response,Experian Information Solutions Inc.,FL,33010.0,,Consent not provided,Web,2025-09-18,Closed with explanation,1,,16012141,2025,9,0,Credit reporting or other personal consumer reports
2026-03-05,Credit card,General-purpose credit card or charge card,Problem with a purchase shown on your statement,Credit card company isn't resolving a dispute about a purchase on your statement,,,PNC Bank N.A.,DE,19804.0,,,Web,2026-03-05,In progress,1,,20004871,2026,3,0,Credit card
2025-10-14,Credit reporting or other personal consumer reports,Credit reporting,Problem with a company's investigation into an existing problem,Investigation took more than 30 days,,Company has responded to the consumer and the CFPB and chooses not to provide a public response,Experian Information Solutions Inc.,IN,46409.0,,Consent not provided,Web,2025-10-14,Closed with explanation,1,,16565467,2025,10,0,Credit reporting or other personal consumer reports
2024-08-27,Checking or savings account,CD (Certificate of Deposit),Managing an account,Deposits or withdrawals,,Company has responded to the consumer and the CFPB and chooses not to provide a public response,"CITIBANK, N.A.",CA,91706.0,,,Referral,2024-08-27,Closed with monetary relief,1,,9940526,2024,8,0,Bank account / service
2024-09-07,Credit reporting or other personal consumer reports,Credit reporting,Incorrect information on your report,Account information incorrect,,Company has responded to the consumer and the CFPB and chooses not to provide a public response,"TRANSUNION INTERMEDIATE HOLDINGS, INC.",PA,16749.0,,Consent not provided,Web,2024-09-07,Closed with non-monetary relief,1,,10037453,2024,9,0,Credit reporting or other personal consumer reports
2025-05-17,Checking or savings account,Checking account,Problem caused by your funds being low,Overdrafts and overdraft fees,"On XX/XX/year>, my Bank of America online profile was compromised. An unauthorized payee was added to my account, and several wire transfers were subsequently initiated to this same payee. I received alerts indicating that my user ID had been accessed, my password had been changed, and a new beneficiary had been added. I immediately contacted Bank of America to report each of these suspicious activities. 

I was initially informed that the wire transfers had been flagged and placed on hold ; however, my available balance was still affected. After multiple unsuccessful attempts to resolve the issue remotely, I flew from XXXX to XXXX on XX/XX/year>, and visited the Bank of America branch in XXXX XXXX, where I met with XXXX XXXX XXXX ( XXXX ). Bank of America conducted an internal investigation and confirmed the fraud. On XX/XX/XXXX, a reimbursement of {$54000.00} USD was deposited into my account, covering the fraudulent transactions and related fees. 

During this branch visit, I requested the closure of my checking account ending in XXXX. However, the bank declined, citing the ongoing investigation. I also took all possible security measures by changing my user credentials and enabling XXXX XXXX  authentication. 

Unfortunately, despite these steps, the breach occurred again on XX/XX/XXXX. My password was reset, XXXX XXXX  was disabled, and the same fraudulent payee was re-added. Additional wire transfers were initiated, again triggering security alerts. I contacted Bank of America immediately and was told that wire transfer capabilities had been removed and all beneficiaries deleted. I verified these changes through my online banking access, but I continued to receive alerts and observed unauthorized transactions on my account. 

The recurrence of this breach, involving the same recipient and similar transaction patterns, demonstrates a systemic failure in securing my accounts and preventing repeat fraud. Despite my diligence and direct communication with the bank, my account remains vulnerable, and I have suffered repeated financial and emotional distress as a result. 

I am requesting the CFPBs assistance in investigating this matter, ensuring that Bank of America upholds its responsibilities in protecting consumer accounts, and securing a full resolutionincluding the return of all funds lost due to this breach.",Company has responded to the consumer and the CFPB and chooses not to provide a public response,"BANK OF AMERICA, NATIONAL ASSOCIATION",KS,,,Consent provided,Web,2025-05-17,Closed with monetary relief,1,,13557672,2025,5,1,Bank account / service
2024-10-15,Credit reporting or other personal consumer reports,Credit reporting,Problem with fraud alerts or security freezes,,,Company has responded to the consumer and the CFPB and chooses not to provide a public response,Experian Information Solutions Inc.,CA,95126.0,,Consent not provided,Web,2024-10-15,Closed with explanation,1,,10445145,2024,10,0,Credit reporting or other personal consumer reports
2020-10-21,Vehicle loan or lease,Loan,Problems at the end of the loan or lease,Problem with paying off the loan,"The statements does not match of my payments. I am paying more what I own and I called Capital one at : XXXX but hey have no clue what government agency regulates them. The customer service can't provide an accurate statements and they stoop sending me by regular mail teh statements. My account is : XXXX. 

My email address is : XXXX phone : XXXX Please email me and I summit my statements. 

Best regards",,CAPITAL ONE FINANCIAL CORPORATION,CA,92337.0,,Consent provided,Web,2020-10-21,Closed with explanation,1,,3910996,2020,10,1,Vehicle loan / lease
2025-06-06,Vehicle loan or lease,Loan,Getting a loan or lease,Problem with additional add-on products or services purchased with the loan,my experience with them was really awful. i bought a car yesterday XXXX XXXX and i agreed with the sales rep for an all inclusive price unfortunately when i talked to the finance department for a bank loan they tried to sell me ridiculous warranties and when i refused all of them i was charged extremely high interest and then the rep told me he had a good offer which was lower interest but he secretly and professionally increased the sale price of the car by about XXXX XXXXXXXX XXXX i noticed this the day after i bought the car and when i contacted them again they made me another ridiculous offer. The price I agreed on is {$40000.00} and the price they secretly changed is {$46000.00}. It's very clear,,AMERICAN HONDA FINANCE CORP,FL,,,Consent provided,Web,2025-06-06,Closed with explanation,1,,13939396,2025,6,1,Vehicle loan / lease
2025-02-04,Credit reporting or other personal consumer reports,Credit reporting,Improper use of your report,Reporting company used your report improperly,,,"EQUIFAX, INC.",NY,10453.0,,Consent not provided,Web,2025-02-04,Closed with non-monetary relief,1,,11905654,2025,2,0,Credit reporting or other personal consumer reports
2025-08-26,Credit reporting or other personal consumer reports,Credit reporting,Incorrect information on your report,Information belongs to someone else,,,"EQUIFAX, INC.",AL,36467.0,,Consent not provided,Web,2025-08-26,Closed with explanation,1,,15528260,2025,8,0,Credit reporting or other personal consumer reports
2025-03-13,Credit reporting or other personal consumer reports,Credit reporting,Problem with a company's investigation into an existing problem,Their investigation did not fix an error on your report,,,"EQUIFAX, INC.",OK,74136.0,,Consent not provided,Web,2025-03-13,Closed with non-monetary relief,1,,12459346,2025,3,0,Credit reporting or other personal consumer reports
2025-10-11,Credit reporting or other personal consumer reports,Credit reporting,Incorrect information on your report,Account information incorrect,,Company has responded to the consumer and the CFPB and chooses not to provide a public response,"TRANSUNION INTERMEDIATE HOLDINGS, INC.",DC,20011.0,,Consent not provided,Web,2025-10-11,Closed with explanation,1,,16494054,2025,10,0,Credit reporting or other personal consumer reports
2024-11-14,Credit reporting or other personal consumer reports,Credit reporting,Incorrect information on your report,Information belongs to someone else,,,"EQUIFAX, INC.",FL,33838.0,,Consent not provided,Web,2024-11-14,Closed with non-monetary relief,1,,10782136,2024,11,0,Credit reporting or other personal consumer reports
2025-04-12,Debt collection,Rental debt,Attempts to collect debt not owed,Debt was result of identity theft,,Company has responded to the consumer and the CFPB and chooses not to provide a public response,"ProCollect, Inc.",TX,77301.0,,Consent not provided,Web,2025-04-13,Closed with explanation,0,,12955466,2025,4,0,Debt collection
2025-07-01,Credit reporting or other personal consumer reports,Credit reporting,Incorrect information on your report,Information belongs to someone else,,Company has responded to the consumer and the CFPB and chooses not to provide a public response,Experian Information Solutions Inc.,PA,19124.0,,Consent not provided,Web,2025-07-01,Closed with explanation,1,,14402866,2025,7,0,Credit reporting or other personal consumer reports
2024-07-31,Debt collection,Other debt,Written notification about debt,Notification didn't disclose it was an attempt to collect a debt,,,"EQUIFAX, INC.",GA,30132.0,,Consent not provided,Web,2024-07-31,Closed with non-monetary relief,1,,9670071,2024,7,0,Debt collection
2025-12-25,"Money transfer, virtual currency, or money service",Mobile or digital wallet,"Managing, opening, or closing your mobile wallet account",,,,"Block, Inc.",GA,30016.0,,Consent not provided,Web,2025-12-25,Closed with explanation,1,,18280847,2025,12,0,Money transfer / service
2019-10-21,"Credit reporting, credit repair services, or other personal consumer reports",Credit reporting,Incorrect information on your report,Information belongs to someone else,Multiple accounts that are incorrect are reporting on my credit reports XXXX  XXXX XXXX XXXX XXXX XXXX XXXX XXXX XXXX XXXX XXXX XXXX XXXX XXXX XXXX XXXX XXXX XXXX XXXX XXXX XXXX XXXX XXXX XXXX XXXX XXXX XXXX,Company has responded to the consumer and the CFPB and chooses not to provide a public response,Experian Information Solutions Inc.,FL,33147.0,,Consent provided,Web,2019-10-21,Closed with explanation,1,,3411834,2019,10,1,Credit reporting / repair
2018-04-24,Credit card or prepaid card,Store credit card,Problem when making payments,Problem during payment process,,Company has responded to the consumer and the CFPB and chooses not to provide a public response,"CITIBANK, N.A.",NY,14219.0,,,Referral,2018-05-29,Closed with explanation,1,,2917584,2018,4,0,Credit card
2024-09-05,Credit card,General-purpose credit card or charge card,Getting a credit card,Card opened without my consent or knowledge,,Company has responded to the consumer and the CFPB and chooses not to provide a public response,Experian Information Solutions Inc.,GA,30047.0,,Consent not provided,Web,2024-09-05,Closed with explanation,1,,10033012,2024,9,0,Credit card
2023-05-24,"Credit reporting, credit repair services, or other personal consumer reports",Credit reporting,Problem with a credit reporting company's investigation into an existing problem,Their investigation did not fix an error on your report,I have accounts and inquiries that are inaccurate and need to be removed off of from my report asap!,Company has responded to the consumer and the CFPB and chooses not to provide a public response,Experian Information Solutions Inc.,NY,14624.0,,Consent provided,Web,2023-05-24,Closed with explanation,1,,7025286,2023,5,1,Credit reporting / repair
2025-04-25,Credit reporting or other personal consumer reports,Credit reporting,Incorrect information on your report,Information belongs to someone else,"It appears that my credit file has been compromised. Again, I was going through my records & noticed many items which do not belong to me. Since Im a stickler for research, I found that under section 605b of the FCRA you are required by law to remove any items which is found to be fraud due to identity theft. The dispute items do not belong to me. Please remove these items.",,"EQUIFAX, INC.",CA,91762.0,,Consent provided,Web,2025-04-25,Closed with non-monetary relief,1,,13189886,2025,4,1,Credit reporting or other personal consumer reports
2023-11-10,Credit reporting or other personal consumer reports,Credit reporting,Incorrect information on your report,Information belongs to someone else,,Company has responded to the consumer and the CFPB and chooses not to provide a public response,Experian Information Solutions Inc.,CA,92882.0,,Other,Web,2023-11-10,Closed with explanation,1,,7835427,2023,11,0,Credit reporting or other personal consumer reports
2024-01-23,Credit reporting or other personal consumer reports,Credit reporting,Problem with a company's investigation into an existing problem,Their investigation did not fix an error on your report,,Company has responded to the consumer and the CFPB and chooses not to provide a public response,Experian Information Solutions Inc.,FL,34275.0,,Consent not provided,Web,2024-01-23,Closed with non-monetary relief,1,,8207238,2024,1,0,Credit reporting or other personal consumer reports
2018-05-12,Debt collection,Credit card debt,Attempts to collect debt not owed,Debt was result of identity theft,,Company has responded to the consumer and the CFPB and chooses not to provide a public response,WELLS FARGO & COMPANY,FL,32114.0,,Consent not provided,Web,2018-05-12,Closed with explanation,1,,2904601,2018,5,0,Debt collection
2025-06-25,Credit reporting or other personal consumer reports,Credit reporting,Improper use of your report,Reporting company used your report improperly,,Company has responded to the consumer and the CFPB and chooses not to provide a public response,"TRANSUNION INTERMEDIATE HOLDINGS, INC.",CA,91601.0,,Consent not provided,Web,2025-06-25,Closed with non-monetary relief,1,,14293514,2025,6,0,Credit reporting or other personal consumer reports
2025-02-27,Credit reporting or other personal consumer reports,Credit reporting,Improper use of your report,Reporting company used your report improperly,,Company has responded to the consumer and the CFPB and chooses not to provide a public response,"TRANSUNION INTERMEDIATE HOLDINGS, INC.",TX,76123.0,,Consent not provided,Web,2025-02-27,Closed with non-monetary relief,1,,12263523,2025,2,0,Credit reporting or other personal consumer reports
2024-06-01,Mortgage,VA mortgage,Trouble during payment process,Trying to communicate with the company to fix an issue while managing or servicing your loan,They charged me 3 times for the month of XXXX and are typing to charge me again for the month of XXXX and XXXX. When I show them back statements and my bank confirms the payment they refuse to refund my payment. They have been no help.,Company has responded to the consumer and the CFPB and chooses not to provide a public response,Freedom Mortgage Company,TX,76549.0,,Consent provided,Web,2024-06-01,Closed with explanation,1,,9155849,2024,6,1,Mortgage
2025-03-12,Credit reporting or other personal consumer reports,Credit reporting,Incorrect information on your report,Information belongs to someone else,,Company has responded to the consumer and the CFPB and chooses not to provide a public response,Experian Information Solutions Inc.,CA,90808.0,,Consent not provided,Web,2025-03-12,Closed with explanation,1,,12438643,2025,3,0,Credit reporting or other personal consumer reports
2025-12-29,Credit reporting or other personal consumer reports,Credit reporting,Problem with a company's investigation into an existing problem,Investigation took more than 30 days,,,"EQUIFAX, INC.",VA,23224.0,,Consent not provided,Web,2025-12-29,Closed with explanation,1,,18338012,2025,12,0,Credit reporting or other personal consumer reports
2024-12-17,Checking or savings account,Checking account,Managing an account,Problem accessing account,I need my XXXX to be unblocked or unrestricted for email XXXX and for phone number XXXX please unblock both and unrestricted them and remove them from them account on XXXX and XXXX both of them so I can use both of them at my new bank at XXXX XXXX they tell me to contact yall to get it unblocked or restricted and please at screenshots of the issue I am facing with XXXX XXXX XXXX enrollment etc.,,"CITIZENS FINANCIAL GROUP, INC.",PA,17057.0,,Consent provided,Web,2024-12-17,Closed with explanation,1,,11190010,2024,12,1,Bank account / service
2020-11-05,"Credit reporting, credit repair services, or other personal consumer reports",Credit reporting,Incorrect information on your report,Account information incorrect,I talked to the collections department about this account which they told me I would be up to date. I made payments and was reported every month after as past due. I would like the payment history deleted on this account as it is not true due to what I was told. My customer service was excellent from this company and I would like them to stop reporting the payment history which I feel would make me whole due to our conversations.,,World Omni Financial Corp.,FL,33414.0,,Consent provided,Web,2020-11-05,Closed with explanation,1,,3938905,2020,11,1,Credit reporting / repair
2020-10-03,Credit card or prepaid card,General-purpose prepaid card,Trouble using the card,Trouble using the card to spend money in a store or online,,,Incomm Holdings Inc.,IL,61615.0,,Consent not provided,Web,2020-10-03,Closed with explanation,1,,3879576,2020,10,0,Credit card
2025-10-23,Credit reporting or other personal consumer reports,Credit reporting,Improper use of your report,Reporting company used your report improperly,,Company has responded to the consumer and the CFPB and chooses not to provide a public response,"TRANSUNION INTERMEDIATE HOLDINGS, INC.",IL,60443.0,,Consent not provided,Web,2025-10-23,Closed with explanation,1,,16777684,2025,10,0,Credit reporting or other personal consumer reports
2022-07-19,Checking or savings account,Checking account,Managing an account,Deposits and withdrawals,,Company has responded to the consumer and the CFPB and chooses not to provide a public response,U.S. BANCORP,OH,44132.0,Older American,,Phone,2022-07-19,Closed with monetary relief,1,,5787289,2022,7,0,Bank account / service
2024-05-12,Student loan,Federal student loan servicing,Dealing with your lender or servicer,Trouble with how payments are being handled,,Company believes it acted appropriately as authorized by contract or law,MOHELA,AZ,85295.0,,Consent not provided,Web,2024-05-12,Closed with explanation,1,,8991177,2024,5,0,Student loan
2026-02-19,Credit reporting or other personal consumer reports,Credit reporting,Improper use of your report,Reporting company used your report improperly,,Company has responded to the consumer and the CFPB and chooses not to provide a public response,"TRANSUNION INTERMEDIATE HOLDINGS, INC.",TX,75409.0,,Consent not provided,Web,2026-02-19,Closed with explanation,1,,19638766,2026,2,0,Credit reporting or other personal consumer reports
2023-02-25,"Credit reporting, credit repair services, or other personal consumer reports",Credit reporting,Improper use of your report,Reporting company used your report improperly,"I am writing to dispute the late payments that have been reported on my credit report. According to my records, I have made all payments on time and in full, and I believe that these late payment entries are inaccurate. 

Under the Fair Credit Reporting Act ( FCRA ) and the Fair Debt Collection Practices Act ( FDCPA ), consumers have certain rights and protections when it comes to credit reporting. Specifically, I would like to draw your attention to the following provisions : 15 USC 1681i : This section outlines the procedure for disputing inaccuracies on credit reports. As a consumer, I have reviewed my credit report and identified the following late payment entries that I dispute : XXXX XXXX XXXX XXXX XXXX XXXX XXXX XXXX XXXX XXXX XXXX XXXX XXXX XXXX XXXX XXXX 

I request that you investigate these entries and remove them from my credit report if they are found to be inaccurate. I also request that you provide me with a written explanation of your investigation results and any corrections made to my credit report. 

15 USC 1681b : This section requires that credit reporting agencies only provide credit reports to parties that have a legitimate purpose for accessing them. I ask that you confirm that you had a legitimate purpose for reporting the late payments to the credit reporting agency in question.

15 USC 1666b : This section requires that creditors provide written notice to consumers when adverse actions are taken, such as reporting late payments to credit reporting agencies. I request that you confirm that you provided me with the required notice prior to reporting the late payments to the credit reporting agency.

Furthermore, I remind you of your obligation under the FDCPA to provide accurate information to credit reporting agencies. Failing to do so could be considered a violation of the Act and could result in legal action being taken against you.

Thank you for your attention to this matter. Please provide me with any necessary documentation or information to assist me in this dispute process. 

Sincerely, XXXX XXXX XXXX XXXX",,CAPITAL ONE FINANCIAL CORPORATION,PR,924.0,,Consent provided,Web,2023-02-25,Closed with explanation,1,,6610899,2023,2,1,Credit reporting / repair
2023-12-22,Credit reporting or other personal consumer reports,Credit reporting,Improper use of your report,Credit inquiries on your report that you don't recognize,,,CAPITAL ONE FINANCIAL CORPORATION,TX,,,Other,Web,2023-12-22,Closed with explanation,1,,8046535,2023,12,0,Credit reporting or other personal consumer reports
2023-05-05,"Credit reporting, credit repair services, or other personal consumer reports",Credit reporting,Incorrect information on your report,Information belongs to someone else,,,"EQUIFAX, INC.",GA,30043.0,,Consent not provided,Web,2023-05-05,Closed with explanation,1,,6934753,2023,5,0,Credit reporting / repair
2025-03-24,Credit reporting or other personal consumer reports,Credit reporting,Improper use of your report,Reporting company used your report improperly,My credit reports are inaccurate. These inaccuracies are causing creditors to deny me credit. You have the duty to report accurate information about consumers. Please investigate these accounts and inquires and update these accounts accordingly to avoid future litigation.,Company has responded to the consumer and the CFPB and chooses not to provide a public response,Experian Information Solutions Inc.,WA,,,Consent provided,Web,2025-03-24,Closed with explanation,1,,12646436,2025,3,1,Credit reporting or other personal consumer reports
2025-07-04,Credit reporting or other personal consumer reports,Credit reporting,Incorrect information on your report,Information belongs to someone else,,,"EQUIFAX, INC.",AL,35749.0,,Consent not provided,Web,2025-07-04,Closed with non-monetary relief,1,,14470979,2025,7,0,Credit reporting or other personal consumer reports
2023-09-19,Credit reporting or other personal consumer reports,Credit reporting,Improper use of your report,Credit inquiries on your report that you don't recognize,,Company has responded to the consumer and the CFPB and chooses not to provide a public response,"TRANSUNION INTERMEDIATE HOLDINGS, INC.",GA,30135.0,,Other,Web,2023-09-19,Closed with non-monetary relief,1,,7573875,2023,9,0,Credit reporting or other personal consumer reports
2025-05-03,Checking or savings account,Checking account,Problem with a lender or other company charging your account,Transaction was not authorized,,,JPMORGAN CHASE & CO.,,,,Consent not provided,Web,2025-05-03,Closed with explanation,1,,13320693,2025,5,0,Bank account / service
2023-01-11,"Credit reporting, credit repair services, or other personal consumer reports",Credit reporting,Incorrect information on your report,Account information incorrect,"The following accounts are incorrect, and adversely affecting my livelihood. XXXX XXXX XXXX XXXX {$3600.00} XXXX XXXX XXXX XXXX {$2300.00} XXXX XXXX XXXX XXXX {$1700.00} XXXX XXXX XXXX XXXX {$3000.00} XXXX XXXX XXXX XXXX {$2700.00} XXXX XXXX XXXX XXXX {$3500.00} XXXX XXXX XXXX XXXX {$3500.00} XXXX XXXX XXXX XXXX {$6000.00} XXXX XXXX XXXX XXXX {$930.00} XXXX XXXX XXXX XXXX {$4600.00} XXXX XXXX XXXX XXXX {$1000.00} XXXX XXXX XXXX XXXX {$500.00} XXXX XXXX XXXX XXXX {$3900.00} XXXX XXXX XXXX XXXX XXXX XXXX XXXX XXXX XXXX {$5500.00} XXXX XXXX XXXX XXXX XXXX XXXX XXXX XXXX XXXX {$810.00} XXXX XXXX XXXX {$250.00} XXXX XXXX XXXX XXXX XXXX XXXX XXXX {$1100.00} XXXX XXXX XXXX {$1600.00} XXXX XXXX XXXX XXXX {$1200.00}",Company has responded to the consumer and the CFPB and chooses not to provide a public response,"TRANSUNION INTERMEDIATE HOLDINGS, INC.",CA,95691.0,,Consent provided,Web,2023-01-11,Closed with explanation,1,,6426252,2023,1,1,Credit reporting / repair
2013-01-28,Credit reporting,,Credit monitoring or identity protection,Receiving unwanted marketing/advertising,,,"EQUIFAX, INC.",OH,43082.0,,,Web,2013-01-30,Closed with explanation,1,0.0,266942,2013,1,0,Credit reporting / repair
2018-10-24,"Payday loan, title loan, or personal loan",Installment loan,Charged fees or interest you didn't expect,,"The apr on this Loan is over 30 %. When I called asking to refi, I was told I had to wait 2 days. When I asked if I could modify the loan I was told no and would not be able to help me. I was told to contact a different company for help, they repeated a script over and over and when I asked to speak to a supervisor they told me no and someone would call me back. No one called me back, this all happened on XX/XX/2018. They would prefer I default and file bankruptcy verses working this out with me. This is predatory lending.",,Lending Club Corp,IN,46220.0,,Consent provided,Web,2018-10-24,Closed with explanation,1,,3055809,2018,10,1,Payday loan / title / personal
2026-01-12,Credit reporting or other personal consumer reports,Credit reporting,Problem with a company's investigation into an existing problem,Their investigation did not fix an error on your report,,,"EQUIFAX, INC.",MD,21042.0,,Consent not provided,Web,2026-01-12,Closed with explanation,1,,18664322,2026,1,0,Credit reporting or other personal consumer reports
2025-08-02,Credit reporting or other personal consumer reports,Credit reporting,Incorrect information on your report,Information belongs to someone else,,,"EQUIFAX, INC.",FL,32808.0,,Consent not provided,Web,2025-08-02,Closed with non-monetary relief,1,,15023623,2025,8,0,Credit reporting or other personal consumer reports
2023-10-18,Credit reporting or other personal consumer reports,Credit reporting,Improper use of your report,Credit inquiries on your report that you don't recognize,,Company has responded to the consumer and the CFPB and chooses not to provide a public response,"TRANSUNION INTERMEDIATE HOLDINGS, INC.",ME,4210.0,,Consent not provided,Web,2023-10-18,Closed with non-monetary relief,1,,7722712,2023,10,0,Credit reporting or other personal consumer reports
2018-01-01,Student loan,Private student loan,Incorrect information on your report,Old information reappears or never goes away,,,"Navient Solutions, LLC.",NC,28590.0,Servicemember,Other,Web,2018-01-01,Closed with explanation,1,,2768954,2018,1,0,Student loan
2024-09-05,Checking or savings account,Checking account,Managing an account,Problem accessing account,Cash app sent me an email to verify my i.d and at the time I did not have my i.d present so I hit the back button thinking I can finish it later and at that point they told me that I failed to comply and can no longer order a new debit card but I can continue using the app for transactions.,,"Block, Inc.",CA,95695.0,,Consent provided,Web,2024-09-05,Closed with explanation,1,,10019373,2024,9,1,Bank account / service
2021-10-14,"Credit reporting, credit repair services, or other personal consumer reports",Credit reporting,Incorrect information on your report,Account information incorrect,,,"EQUIFAX, INC.",VA,22840.0,,Consent not provided,Web,2021-10-14,Closed with explanation,1,,4810692,2021,10,0,Credit reporting / repair
2025-08-22,Credit reporting or other personal consumer reports,Credit reporting,Problem with a company's investigation into an existing problem,Problem with personal statement of dispute,,,"Rowland Avenue Management, Inc. A/KA Columbia Debt Recovery, LLC d/b/a Genesis",CA,91343.0,,Consent not provided,Web,2025-08-22,Closed with explanation,1,,15453648,2025,8,0,Credit reporting or other personal consumer reports
2022-10-05,"Credit reporting, credit repair services, or other personal consumer reports",Credit reporting,Incorrect information on your report,Information belongs to someone else,,Company has responded to the consumer and the CFPB and chooses not to provide a public response,"TRANSUNION INTERMEDIATE HOLDINGS, INC.",GA,30326.0,,Consent not provided,Web,2022-10-05,Closed with explanation,1,,6053121,2022,10,0,Credit reporting / repair
2026-02-26,Credit reporting or other personal consumer reports,Credit reporting,Problem with a company's investigation into an existing problem,Investigation took more than 30 days,,Company has responded to the consumer and the CFPB and chooses not to provide a public response,"TRANSUNION INTERMEDIATE HOLDINGS, INC.",NY,11436.0,,Consent not provided,Web,2026-02-26,Closed with explanation,1,,19825122,2026,2,0,Credit reporting or other personal consumer reports
2023-04-24,Credit card or prepaid card,Gift card,Trouble using the card,Trouble using the card to spend money in a store or online,,,Google Compare Credit Cards Inc.,PA,18444.0,Older American,,Phone,2023-04-24,Closed with explanation,1,,6879812,2023,4,0,Credit card
2024-10-04,Credit reporting or other personal consumer reports,Credit reporting,Problem with a company's investigation into an existing problem,Difficulty submitting a dispute or getting information about a dispute over the phone,,Company has responded to the consumer and the CFPB and chooses not to provide a public response,"TRANSUNION INTERMEDIATE HOLDINGS, INC.",CA,90810.0,,Consent not provided,Web,2024-10-04,Closed with non-monetary relief,1,,10352411,2024,10,0,Credit reporting or other personal consumer reports
2019-03-27,"Credit reporting, credit repair services, or other personal consumer reports",Credit reporting,Problem with a credit reporting company's investigation into an existing problem,Their investigation did not fix an error on your report,,Company has responded to the consumer and the CFPB and chooses not to provide a public response,"TRANSUNION INTERMEDIATE HOLDINGS, INC.",TX,77072.0,,Consent not provided,Web,2019-03-27,Closed with explanation,1,,3192424,2019,3,0,Credit reporting / repair
2025-03-06,"Money transfer, virtual currency, or money service",Mobile or digital wallet,Unauthorized transactions or other transaction problem,,"On XX/XX/year>, I sent a payment to a recipient for {$20.00} using the CASHApp mobile application. That transaction appears as a debit authorization. On XX/XX/year>, CASHApp, according to information received from the financial institution, initiated another transaction and debited the account for {$20.00}. This transaction was unauthorized. I did not make nor authorize CASHApp to initiate a separate debit transaction. This appears to be a recurring problem whenever using CASHApp and as a result of this practice, there is an outstanding debit authorization from XX/XX/year> in the amount of {$20.00} that has been taken from the available account balance in addition to the unauthorized debit initiated by CASHApp on XX/XX/year>.",,"Block, Inc.",MD,,,Consent provided,Web,2025-03-06,Closed with explanation,1,,12360076,2025,3,1,Money transfer / service
2025-04-24,Credit reporting or other personal consumer reports,Credit reporting,Incorrect information on your report,Information belongs to someone else,"I have not supplied proof under the doctrine of estoppel by silence, XXXXXXXX XXXX XXXX XXXX XXXX XXXX XXXX XXXXXXXX XXXX. I pressume that no proof of the alleged debt, nor therefore any such debt, in fact therefore exist.",Company has responded to the consumer and the CFPB and chooses not to provide a public response,"TRANSUNION INTERMEDIATE HOLDINGS, INC.",FL,,,Consent provided,Web,2025-04-24,Closed with non-monetary relief,1,,13164055,2025,4,1,Credit reporting or other personal consumer reports
2025-10-02,Credit reporting or other personal consumer reports,Credit reporting,Incorrect information on your report,Information belongs to someone else,,Company has responded to the consumer and the CFPB and chooses not to provide a public response,Experian Information Solutions Inc.,DE,19810.0,,Consent not provided,Web,2025-10-02,Closed with explanation,1,,16326952,2025,10,0,Credit reporting or other personal consumer reports
2025-03-16,Credit reporting or other personal consumer reports,Credit reporting,Incorrect information on your report,Information belongs to someone else,,Company has responded to the consumer and the CFPB and chooses not to provide a public response,Experian Information Solutions Inc.,AL,36613.0,,Consent not provided,Web,2025-03-16,Closed with explanation,1,,12507638,2025,3,0,Credit reporting or other personal consumer reports
2025-07-10,Credit reporting or other personal consumer reports,Credit reporting,Incorrect information on your report,Account information incorrect,,,"EQUIFAX, INC.",CA,95826.0,,Consent not provided,Web,2025-07-10,Closed with non-monetary relief,1,,14570936,2025,7,0,Credit reporting or other personal consumer reports
2025-07-03,Credit reporting or other personal consumer reports,Credit reporting,Incorrect information on your report,Information belongs to someone else,,Company has responded to the consumer and the CFPB and chooses not to provide a public response,Experian Information Solutions Inc.,IN,46168.0,,Consent not provided,Web,2025-07-03,Closed with explanation,1,,14440847,2025,7,0,Credit reporting or other personal consumer reports
2025-01-28,Credit reporting or other personal consumer reports,Credit reporting,Incorrect information on your report,Information belongs to someone else,,Company has responded to the consumer and the CFPB and chooses not to provide a public response,Experian Information Solutions Inc.,FL,33056.0,,Consent not provided,Web,2025-01-28,Closed with explanation,1,,11794403,2025,1,0,Credit reporting or other personal consumer reports
2020-12-02,"Credit reporting, credit repair services, or other personal consumer reports",Credit reporting,Incorrect information on your report,Account status incorrect,,Company has responded to the consumer and the CFPB and chooses not to provide a public response,Experian Information Solutions Inc.,CA,91790.0,,Consent not provided,Web,2020-12-02,Closed with explanation,1,,3984753,2020,12,0,Credit reporting / repair
2025-11-02,Credit reporting or other personal consumer reports,Credit reporting,Incorrect information on your report,Information belongs to someone else,,Company has responded to the consumer and the CFPB and chooses not to provide a public response,Experian Information Solutions Inc.,NY,10989.0,,Consent not provided,Web,2025-11-02,Closed with explanation,1,,16977277,2025,11,0,Credit reporting or other personal consumer reports
2024-05-02,Mortgage,Conventional home mortgage,Closing on a mortgage,Closing disclosure or other related disclosures,"We are set to close on XX/XX/XXXX. This is the result of an extension request, as we were supposed to originally close on XX/XX/XXXX. 

We received conditional approval on XX/XX/XXXX. With the approval came a list of items we had to complete, including paying off our auto loan. We completed everything on the list. On XXXX we were notified that there was now a new condition, which required us to have cash reserves. Again, this was not disclosed to us at the beginning of this process and before we put an offer on the home and it was accepted in ( XX/XX/XXXX ), nor was it disclosed after we were in the closing process. The loan processor said that the requirement for cash reserves was implied since they asked us for documentation of our retirement accounts. Truist admitted that they never told/ disclosed this on the conditions list nor verbally. We are 24 hours from closing and still have not been given a clear to close. 

Attached is our conversations surrounding the conditional loan approval",Company has responded to the consumer and the CFPB and chooses not to provide a public response,TRUIST FINANCIAL CORPORATION,VA,22306.0,,Consent provided,Web,2024-05-02,Closed with explanation,1,,8915998,2024,5,1,Mortgage
2024-03-19,Credit reporting or other personal consumer reports,Credit reporting,Incorrect information on your report,Personal information incorrect,,Company has responded to the consumer and the CFPB and chooses not to provide a public response,"TRANSUNION INTERMEDIATE HOLDINGS, INC.",VA,22306.0,,Other,Web,2024-03-19,Closed with explanation,1,,8582277,2024,3,0,Credit reporting or other personal consumer reports
2024-08-15,Credit reporting or other personal consumer reports,Credit reporting,Incorrect information on your report,Information belongs to someone else,My ex wife used my information to open a XXXX account and i guess she didnt pay it. She is using my information without my consent.,Company has responded to the consumer and the CFPB and chooses not to provide a public response,Experian Information Solutions Inc.,CA,95118.0,,Consent provided,Web,2024-08-15,Closed with non-monetary relief,1,,9812597,2024,8,1,Credit reporting or other personal consumer reports
2018-08-03,"Credit reporting, credit repair services, or other personal consumer reports",Credit reporting,Problem with a credit reporting company's investigation into an existing problem,Their investigation did not fix an error on your report,,Company has responded to the consumer and the CFPB and chooses not to provide a public response,Experian Information Solutions Inc.,FL,33312.0,,Consent not provided,Web,2018-08-03,Closed with non-monetary relief,1,,2980351,2018,8,0,Credit reporting / repair
2024-07-23,Credit reporting or other personal consumer reports,Credit reporting,Incorrect information on your report,Account status incorrect,"My account with XXXX XXXX was never late! I have had exceptional payment history with XXXX XXXX and all payments were placed on Autopay. This late payment that is reporting is a result on a systematic error on their end processing my payment. 

This was clearly a billing error made the company and is not a reflection of my payment experience which violates USC Code 1681eb. This error has caused severe hard to my reputation, my character, my mode of living and to my family! 

I demand the late payment reported in months that are reported late to be removed. 

They are not in compliance with the following law. 15 USC 1666b and its requirements set the standards and the guidance for a creditor to treat a payment as late, yet they are reporting a payment as late and they did not comply with the law! 

15 USC 1666b ( a ) Time to make payments A creditor may not treat a payment on a credit card account under an open-end consumer credit plan as late for any purpose, unless the creditor has adopted reasonable procedures designed to ensure that each periodic statement including the information required by section 1637 ( b ) of this title is mailed or delivered to the consumer not later than 21 days before the payment due date. 


NATIONSTAR DBA Never Sent the periodic statement along with the disclosures from section 1637 ( b ). 


I have requested proof that this information was mailed or delivered 21 days before the payment due date and this information was requested in good faith pursuant rule 1002 and It was never provided. 

This is unfair, illegal, fraudulent, and not equitable to me as a consumer! 

Delete the late payments from my consumer reports",Company has responded to the consumer and the CFPB and chooses not to provide a public response,"TRANSUNION INTERMEDIATE HOLDINGS, INC.",IL,60107.0,,Consent provided,Web,2024-07-23,Closed with non-monetary relief,1,,9579377,2024,7,1,Credit reporting or other personal consumer reports
2025-08-19,Credit reporting or other personal consumer reports,Credit reporting,Improper use of your report,Reporting company used your report improperly,,,"EQUIFAX, INC.",GA,30188.0,,,Web,2025-08-19,Closed with explanation,1,,15358745,2025,8,0,Credit reporting or other personal consumer reports
2026-01-07,Credit reporting or other personal consumer reports,Credit reporting,Incorrect information on your report,Information belongs to someone else,,Company has responded to the consumer and the CFPB and chooses not to provide a public response,"TRANSUNION INTERMEDIATE HOLDINGS, INC.",MI,,,,Web,2026-01-07,Closed with explanation,1,,18544034,2026,1,0,Credit reporting or other personal consumer reports
2016-05-14,Credit reporting,,Incorrect information on credit report,Account status,,,"EQUIFAX, INC.",SC,29302.0,,Consent not provided,Web,2016-05-14,Closed with explanation,1,0.0,1923873,2016,5,0,Credit reporting / repair
2025-06-19,Credit reporting or other personal consumer reports,Credit reporting,Improper use of your report,Reporting company used your report improperly,I am writing to formally request the removal of the security freeze on my credit file. Please find my personal information below to assist with identifying my file.,,"EQUIFAX, INC.",AL,35811.0,,Consent provided,Web,2025-06-19,Closed with non-monetary relief,1,,14172992,2025,6,1,Credit reporting or other personal consumer reports
2023-02-22,"Credit reporting, credit repair services, or other personal consumer reports",Credit reporting,Incorrect information on your report,Information belongs to someone else,,Company has responded to the consumer and the CFPB and chooses not to provide a public response,"TRANSUNION INTERMEDIATE HOLDINGS, INC.",AR,72034.0,,Consent not provided,Web,2023-02-22,Closed with non-monetary relief,1,,6596361,2023,2,0,Credit reporting / repair
2020-06-14,"Credit reporting, credit repair services, or other personal consumer reports",Credit reporting,Problem with a credit reporting company's investigation into an existing problem,Their investigation did not fix an error on your report,"XXXX  File # XXXX Experian report # XXXX I am filing this complaint because XXXX  has ignored my request to provide me with the documents that their company has on file that was used to verify the accounts I disputed. Being that they have gone past the 30 day mark and can not verify these accounts, under Section 611 ( 5 ) ( A ) of the FCRA- they are required to '' ... promptly delete all information which can not be verified. '' that I have disputed. Please resolve this manner as soon as possible. Thank You.",Company has responded to the consumer and the CFPB and chooses not to provide a public response,Experian Information Solutions Inc.,AZ,,,Consent provided,Web,2020-06-14,Closed with explanation,1,,3698964,2020,6,1,Credit reporting / repair
2025-01-21,Credit reporting or other personal consumer reports,Credit reporting,Incorrect information on your report,Account status incorrect,,,"EQUIFAX, INC.",TX,77042.0,,Consent not provided,Web,2025-01-21,Closed with explanation,1,,11585929,2025,1,0,Credit reporting or other personal consumer reports
2026-02-13,Credit reporting or other personal consumer reports,Credit reporting,Incorrect information on your report,Account status incorrect,,Company has responded to the consumer and the CFPB and chooses not to provide a public response,"TRANSUNION INTERMEDIATE HOLDINGS, INC.",LA,71203.0,,Consent not provided,Web,2026-02-13,Closed with explanation,1,,19494038,2026,2,0,Credit reporting or other personal consumer reports
2024-05-03,Credit reporting or other personal consumer reports,Credit reporting,Improper use of your report,Reporting company used your report improperly,,Company has responded to the consumer and the CFPB and chooses not to provide a public response,"TRANSUNION INTERMEDIATE HOLDINGS, INC.",NY,10954.0,,Consent not provided,Web,2024-05-03,Closed with non-monetary relief,1,,8918224,2024,5,0,Credit reporting or other personal consumer reports
2024-06-05,Credit reporting or other personal consumer reports,Credit reporting,Incorrect information on your report,Information belongs to someone else,,Company has responded to the consumer and the CFPB and chooses not to provide a public response,"TRANSUNION INTERMEDIATE HOLDINGS, INC.",PA,19144.0,,Consent not provided,Web,2024-06-05,Closed with non-monetary relief,1,,9168869,2024,6,0,Credit reporting or other personal consumer reports
2025-03-20,Credit reporting or other personal consumer reports,Credit reporting,Incorrect information on your report,Information belongs to someone else,,,"EQUIFAX, INC.",OH,44134.0,,Consent not provided,Web,2025-03-20,Closed with non-monetary relief,1,,12587630,2025,3,0,Credit reporting or other personal consumer reports
2024-02-09,Credit reporting or other personal consumer reports,Credit reporting,Incorrect information on your report,Information belongs to someone else,My credit reports are inaccurate. These inaccuracies are causing creditors to deny me credit. You have the duty to report accurate information about consumers. Please investigate these accounts and inquires and update these accounts accordingly to avoid future litigation.,Company has responded to the consumer and the CFPB and chooses not to provide a public response,Experian Information Solutions Inc.,IL,,,Consent provided,Web,2024-02-09,Closed with explanation,1,,8313428,2024,2,1,Credit reporting or other personal consumer reports
2016-09-29,Credit card,,Billing statement,,"Citibank took over the credit card service for Costco members. I received a new Citibank Visa. Then, I received one statement and paid it. My FICO score is well over XXXX because I pay all my credit card bills on time and in full. On the next Citibank statement I received, it showed an unpaid balance from a previous month, a late fee of {$25.00}, and interest of just over {$7.00}. Citibank claims I should have known the billing cycle was that payments were due on the XXXX of the month. With only one bill having been sent, there was no "" billing cycle. '' Clearly, Citibank is taking advantage of consumers by failing to send statements and, then, collecting {$25.00} late charges and interest. With the thousands of Costco members, Citibank could end up with millions of dollars, with this scheme. I strongly suspect that Citibank is engaged in this scheme, for profit, taking advantage of its new relationship with Costco members and the members ' lack of familiarity with Citibank 's billing.",Company has responded to the consumer and the CFPB and chooses not to provide a public response,"CITIBANK, N.A.",CA,91364.0,,Consent provided,Web,2016-09-29,Closed with monetary relief,1,0.0,2139661,2016,9,1,Credit card
2022-04-25,"Credit reporting, credit repair services, or other personal consumer reports",Credit reporting,Incorrect information on your report,Information belongs to someone else,,,"EQUIFAX, INC.",FL,33309.0,,Consent not provided,Web,2022-04-25,Closed with explanation,1,,5492771,2022,4,0,Credit reporting / repair
2025-08-21,Credit reporting or other personal consumer reports,Credit reporting,Problem with a company's investigation into an existing problem,Their investigation did not fix an error on your report,,,"EQUIFAX, INC.",OH,44310.0,,Consent not provided,Web,2025-08-21,Closed with explanation,1,,15420048,2025,8,0,Credit reporting or other personal consumer reports
2025-05-29,Credit reporting or other personal consumer reports,Credit reporting,Improper use of your report,Reporting company used your report improperly,,,"EQUIFAX, INC.",CO,80019.0,,Consent not provided,Web,2025-05-29,Closed with explanation,1,,13788395,2025,5,0,Credit reporting or other personal consumer reports
2026-01-13,Credit reporting or other personal consumer reports,Credit reporting,Incorrect information on your report,Personal information incorrect,,Company has responded to the consumer and the CFPB and chooses not to provide a public response,"TRANSUNION INTERMEDIATE HOLDINGS, INC.",MS,38930.0,,Consent not provided,Web,2026-01-13,Closed with non-monetary relief,1,,18676207,2026,1,0,Credit reporting or other personal consumer reports
2025-08-28,Credit reporting or other personal consumer reports,Credit reporting,Incorrect information on your report,Account status incorrect,,Company has responded to the consumer and the CFPB and chooses not to provide a public response,"TRANSUNION INTERMEDIATE HOLDINGS, INC.",NJ,7458.0,,Consent not provided,Web,2025-08-28,Closed with non-monetary relief,1,,15578037,2025,8,0,Credit reporting or other personal consumer reports
2024-02-04,Credit reporting or other personal consumer reports,Credit reporting,Incorrect information on your report,Information belongs to someone else,"This is todays follow up to the following cases : XXXX XXXX XXXX XXXX XXXX XXXX XXXX XXXX XXXX XXXX XXXX XXXX XXXX XXXX XXXX XXXX XXXX XXXX XXXX XXXX XXXX XXXX XXXX XXXX XXXX XXXX XXXX XXXX XXXX XXXX XXXX XXXX XXXX XXXX XXXX XXXX XXXX ; From your most recent messages ( attached ) it is clear the Experian lacks an understanding of the full scope of its legal obligations. It would also appear that Experian continues to initiate disputes on behalf of consumers not only without their knowledge or consent but even against the consumers demand Experian not do so. 

Experian 's obligations are not limited to Section 611 ( a ) ( 3 ) ( A ) of the Fair Credit Reporting Act. In fact Section 611 ( 2 ) ( 3 ) ( A ) has no relevance to the matter of concern, as it pertains to "" Frivolous Disputes '' and the present pertains to information that has been reported to be the result of identity theft. Section 605B is the appropriate portion of the FCRA which outlines Experian 's duties, which include "" ( a ) Block. Except as otherwise provided in this section, a consumer reporting agency shall block the reporting of any information in the file of a consumer that the consumer identifies as information that resulted from an alleged identity theft, not later than 4 business days ... '' This matter was first brought to Experian 's attention on XX/XX/2023, thus it had until XX/XX/2023 at the very latest to block the information and it did not and still has not. This means that each and every day from XX/XX/2023 through today and continuing until Experian fulfills its legal obligation, it has and will continue to cause me to suffer irreparable harm, including but not limited to severe injuries to my mental and emotional health, extreme and undue hardship including causing me to become homeless since you have been informing prospective landlords and creditors that I am a substantial risk, when I am not, and obstruction of my businesses ability to gain the credit needed to sustain. 

Even if Experian clams to be ignorant of all its obligations outlined in the FCRA, including those which are detailed above, it still would not absolve you of liability for the destruction you have done. When I get behind the wheel of a vehicle, my ignorance of a traffic law doesn't make me not guilty when I get ticketed and found guilty of violating said law, because I have an obligation to understand all that is legally required of me before I can drive. The same goes for Experian. From the day Experian become a credit reporting agency, it became responsible for the legal obligations of such an entity, regardless of how aware or not it might have been of them.",Company has responded to the consumer and the CFPB and chooses not to provide a public response,Experian Information Solutions Inc.,CA,92101.0,Servicemember,Consent provided,Web,2024-02-04,Closed with explanation,1,,8275632,2024,2,1,Credit reporting or other personal consumer reports
2022-01-22,"Payday loan, title loan, or personal loan",Payday loan,Charged fees or interest you didn't expect,,,,Solar Mosaic LLC,CA,92707.0,,Consent not provided,Web,2022-01-22,Closed with explanation,1,,5138132,2022,1,0,Payday loan / title / personal
2025-02-14,Credit reporting or other personal consumer reports,Credit reporting,Incorrect information on your report,Account information incorrect,,,"EQUIFAX, INC.",NC,27529.0,,Consent not provided,Web,2025-02-21,Closed with explanation,1,,12081609,2025,2,0,Credit reporting or other personal consumer reports
2026-01-29,Credit reporting or other personal consumer reports,Credit reporting,Improper use of your report,Reporting company used your report improperly,,,"EQUIFAX, INC.",FL,33023.0,,,Web,2026-01-29,Closed with explanation,1,,19100957,2026,1,0,Credit reporting or other personal consumer reports
2026-03-17,Credit reporting or other personal consumer reports,Credit reporting,Incorrect information on your report,Information belongs to someone else,,,"EQUIFAX, INC.",CO,80249.0,,,Web,2026-03-17,Closed with explanation,1,,20332005,2026,3,0,Credit reporting or other personal consumer reports
2025-05-15,Credit reporting or other personal consumer reports,Credit reporting,Problem with a company's investigation into an existing problem,Their investigation did not fix an error on your report,,Company has responded to the consumer and the CFPB and chooses not to provide a public response,Experian Information Solutions Inc.,MD,21864.0,,Consent not provided,Web,2025-05-15,Closed with explanation,1,,13532152,2025,5,0,Credit reporting or other personal consumer reports
2026-03-04,Credit reporting or other personal consumer reports,Credit reporting,Incorrect information on your report,Account status incorrect,,,"TRANSUNION INTERMEDIATE HOLDINGS, INC.",FL,33880.0,,,Web,2026-03-04,In progress,1,,19968697,2026,3,0,Credit reporting or other personal consumer reports
2024-09-21,Credit reporting or other personal consumer reports,Credit reporting,Problem with a company's investigation into an existing problem,Their investigation did not fix an error on your report,,,"EQUIFAX, INC.",OH,44121.0,,Consent not provided,Web,2024-09-21,Closed with explanation,1,,10200555,2024,9,0,Credit reporting or other personal consumer reports
2024-01-26,Debt collection,Rental debt,Electronic communications,"You told them to stop contacting you, but they keep trying",,,"HW Holding, Inc",TX,77493.0,,Consent not provided,Web,2024-01-26,Closed with explanation,1,,8225655,2024,1,0,Debt collection
2024-10-01,Credit card,General-purpose credit card or charge card,Incorrect information on your report,Account status incorrect,,Company has responded to the consumer and the CFPB and chooses not to provide a public response,Experian Information Solutions Inc.,IL,60656.0,,Consent not provided,Web,2024-10-01,Closed with explanation,1,,10311910,2024,10,0,Credit card
2025-10-04,Credit reporting or other personal consumer reports,Credit reporting,Incorrect information on your report,Information belongs to someone else,,,"EQUIFAX, INC.",TX,78664.0,,,Web,2025-10-04,Closed with explanation,1,,16367125,2025,10,0,Credit reporting or other personal consumer reports
2024-06-20,Credit reporting or other personal consumer reports,Credit reporting,Incorrect information on your report,Information belongs to someone else,,Company has responded to the consumer and the CFPB and chooses not to provide a public response,"TRANSUNION INTERMEDIATE HOLDINGS, INC.",AZ,85259.0,,Consent not provided,Web,2024-06-20,Closed with non-monetary relief,1,,9303528,2024,6,0,Credit reporting or other personal consumer reports
2018-04-12,"Credit reporting, credit repair services, or other personal consumer reports",Credit reporting,Incorrect information on your report,Account status incorrect,"XXXX XXXX XXXX XXXX XXXX XXXX CA SSN XXXX XX/XX/XXXX XXXX XXXX. XXXX XXXX XXXX, TX XXXX XXXX  EQUIFAX DEAR SIR OR MADAM According to the Fair Credit Reporting Act, you are required by federal law to verify - through the physical verification of the original signed consumer contract - any and all accounts you post on a credit report. Otherwise, anyone paying for your reporting services could fax, mail or email in a fraudulent account. 
I demand to see the Verifiable Proof ( an original Consumer Contract with my Signature on it ) you have on file of the accounts listed below. Your failure to positively verify these accounts has hurt my ability to obtain credit. Under the FCRA, unverified accounts must be removed and if you are unable to provide me a copy of verifiable proof, you must remove the accounts listed below. 
THIS IS DOUBLE JEOPARDY AND IS NOW AGAINST THE FCRA AND FTC LAWS I demand the following accounts be verified or removed immediately. 

Name of Account Account Number Provide Physical Verification STATE TAX LIEN XXXX XXXX CO RECORDER XXXX {$17000.00} STATE TAX LIEN XXXX CO RECORDER XXXX {$17000.00} * Please remove all non-account holding inquiries over 30 days old. 

Thank You, XXXX XXXX",,"EQUIFAX, INC.",CA,,,Consent provided,Web,2018-04-12,Closed with explanation,1,,2872496,2018,4,1,Credit reporting / repair
2025-07-28,Credit reporting or other personal consumer reports,Credit reporting,Incorrect information on your report,Account information incorrect,,,"EQUIFAX, INC.",AZ,85212.0,,Consent not provided,Web,2025-07-28,Closed with non-monetary relief,1,,14921345,2025,7,0,Credit reporting or other personal consumer reports
2020-11-14,Mortgage,Conventional home mortgage,Applying for a mortgage or refinancing an existing mortgage,,"On XX/XX/XXXX- I was contacted by XXXX XXXX for XXXX XXXX XXXX XXXX because of a home I inquired about on the XXXX site. I was pre-approved by a lender in California for {$540000.00}, but the lender did not service New Jersey so XXXX informed me of a lender she works with name XXXX XXXX from Greentree Morgage Company. Being a XXXX  resident and relocating to XXXX XXXX, I trust XXXX to link me with a lender that will be professional and get the job done. My first contact with Mr. XXXX on XX/XX/XXXX. I provided in detail that I was relocating and that I was work remotely and would continue until I secured a XXXX position in XXXX XXXX. I asked would there be any issues before I go forward with running my credit. I also email my XXXX  pre-approval and underwrite documents for his review. I did not hear from Mr.XXXX  for a few days, I remain in contact with Ms. XXXX. When I finally was able to reach Mr. XXXX he explains that because I was working remotely, I was not able to secure a loan until received a job offer, but we could continue the loan process, but will not able to close until I secure employment. I informed him I would like to continue moving forward with the process. I contacted XXXX  Lender and inquired about purchasing a home out of state. I was informed that there were two options : I could purchase as a second home at 10 % or purchase as an investment property at a 20 % down payment. I found a townhome for $ XXXX, I immediately contact Ms. XXXX informing her that I want to do the second home option. Ms.XXXX  contacts Mr. XXXX requesting a pre-approval for $ XXXX. She received, made the offer, and it was accepted. On XX/XX/XXXX, I received an email from Mr. XXXX stated he needed my monthly income, I email it to him. I received another email requesting a copy of all bank statements ASAP. I send and text him it was completed and please confirm once received. He did confirm received. I received another email stated he needed a copy of my co-signer retirement. I replied informing him I told him when asked by XXXX whether or not will I use and co-signer, I told her no because the property amount was lower than the property I was purchasing in XXXX. The pre-approval that XXXX received only listed me as the applicant. I expressed to Ms.XXXX Mr. XXXX disrespectful ; insulting questions and inappropriate comments. I expressed that I know each state was different, but his behavior has nothing to do with state real estate. He does not respond to my question on email or text. He asked me about XXXX ( I do not know if that's someone's first or last name ) and my co-signer is XXXX XXXX, I asked did he mean XXXX XXXX or was he confusing me with another client. I received no responses. He emails me requesting documents that he confirmed he received. He stated he is working remotely and can not remember. I asked where my documents following the privacy act, because I had sent the same documents multiply times. I again, express my concern with Ms. XXXX, she agrees to speak with Mr. XXXX and also Ms. XXXX XXXX to ensure we are on the same accord and moving forward. Also, we concerned about working with another lender because of the dissatisfaction with the services, I am receiving. Ms.XXXX spoke with Ms. XXXX and she was going to give me a call letter that day. I received a call and express what was according to XXXX XXXX ( branch manager of Greentree Mortgage ). She informed me she would review my documents and give me a call. I informed her that I was flying into New Jersey that night and feel free to email me if anything is needed. She requests another copy of my XXXX w2, I email and asked her to confirmed received. I did not receive a call so I contact Ms. XXXX for an update. She stated that I would need a co-signer. I asked why, and she stated that they have to consider my rent from my primary residence, I informed her that I am currently in XXXX XXXX residing with family and I do not pay any rent. I informed her the only debt I have is student loans. She stated my car payment and informed her that it was payoff by the insurance company and I have a letter from XXXX and a copy of the transfer of title. It was paid off in XXXX and I was informed it would take a few weeks before it shows paid. I offered to send those documents and because she did not believe I was in XXXX XXXX proof of flight and PODs storage receipt. I asked for a corporate email to express the treatment I was receiving. She stated she would have to find it giving that Mr. XXXX is the branch manager. On XXXX XXXX Ms. XXXX stated that she was sending my file to the underwritten supervisor to review. The next morning I received, an email requesting a letter from my employer the questions are : 1. Will the letter say that she is a fully remote teacher and can work permanently from XXXX? 
2.As far as continuance of income, I assume she only has a 1-year contract. Will the school say the contract can be renewed with her working out of state? 

I do not understand if it's a second mortgage why would it provide a letter indicating permanently resides in New Jersey. How can anything be promised job security for next year? Also, I had informed Mr. XXXX that I will seek employment in the tri-state area. I provide proof of on had monies that could cover the home expensive. 

I asked for the underwritten supervisor 's contact information for letter clarification. Ms. XXXX stated : Hi XXXX, We are not permitted to release their contact information. Underwriters do not speak with borrowers/clients. When you provide the information they requested, we would email it back to them for their review. 
Again, I requested a copy of all my documents : underwritten, credit report, and the pre-approval. I have not received them.",,GREENTREE MORTGAGE CO. L.P.,NJ,8021.0,,Consent provided,Web,2021-02-03,Closed with explanation,1,,3954356,2020,11,1,Mortgage
2024-01-11,"Money transfer, virtual currency, or money service",Check cashing service,Confusing or misleading advertising or marketing,,"Violation of Arbitration agreement 15 USC 6802, 15 USC 6803, 15 USC 6804 and 15 USC 6805 Sharing my personal information and accounting",Company has responded to the consumer and the CFPB and chooses not to provide a public response,TRUIST FINANCIAL CORPORATION,FL,33167.0,,Consent provided,Web,2024-01-11,Closed with explanation,1,,8140693,2024,1,1,Money transfer / service
2025-09-06,Credit reporting or other personal consumer reports,Credit reporting,Incorrect information on your report,Information belongs to someone else,,Company has responded to the consumer and the CFPB and chooses not to provide a public response,"TRANSUNION INTERMEDIATE HOLDINGS, INC.",TN,38125.0,,Consent not provided,Web,2025-09-06,Closed with non-monetary relief,1,,15771541,2025,9,0,Credit reporting or other personal consumer reports
2025-11-18,Credit reporting or other personal consumer reports,Credit reporting,Incorrect information on your report,Account information incorrect,"I demand immediate attention to serious inaccuracies on my credit report. Late payments have been reported incorrectly, despite the fact that these accounts have been paid as agreed. This misleading information is adversely affecting my creditworthiness, and I insist that corrections be made without delay. 

I expect a prompt response to rectify these issues. 

Account name : XXXX XXXX Account number : XXXX",Company has responded to the consumer and the CFPB and chooses not to provide a public response,Experian Information Solutions Inc.,MD,20904.0,,Consent provided,Web,2025-11-18,Closed with explanation,1,,17290983,2025,11,1,Credit reporting or other personal consumer reports
2025-11-07,Credit reporting or other personal consumer reports,Credit reporting,Problem with a company's investigation into an existing problem,Investigation took more than 30 days,,,"EQUIFAX, INC.",AL,36054.0,,Consent not provided,Web,2025-11-07,Closed with non-monetary relief,1,,17104398,2025,11,0,Credit reporting or other personal consumer reports
2023-08-18,"Credit reporting, credit repair services, or other personal consumer reports",Credit reporting,Incorrect information on your report,Information belongs to someone else,,Company has responded to the consumer and the CFPB and chooses not to provide a public response,Experian Information Solutions Inc.,GA,30314.0,,Consent not provided,Web,2023-08-18,Closed with explanation,1,,7419659,2023,8,0,Credit reporting / repair
2021-06-05,Debt collection,Credit card debt,Written notification about debt,Didn't receive enough information to verify debt,,Company has responded to the consumer and the CFPB and chooses not to provide a public response,Rausch Sturm LLP,MN,55038.0,"Older American, Servicemember",Consent not provided,Web,2021-06-17,Closed with explanation,1,,4434632,2021,6,0,Debt collection
2024-08-03,Credit reporting or other personal consumer reports,Credit reporting,Improper use of your report,Reporting company used your report improperly,"I am in disagreement with the account listed below which still appears on my credit report, even after your investigation. 

I would like this item immediately re-investigated. The inaccuracies are highly injurious to my credit score. 

ACCOUNT NAME : XXXX XXXX XXXX XXXX XXXX XXXX XXXXXXXX",,"EQUIFAX, INC.",NJ,7203.0,,Consent provided,Web,2024-08-03,Closed with explanation,1,,9687849,2024,8,1,Credit reporting or other personal consumer reports
2019-07-05,Mortgage,Conventional home mortgage,Trouble during payment process,,,,Ocwen Financial Corporation,AZ,85206.0,,Consent not provided,Web,2019-07-09,Closed with explanation,1,,3297388,2019,7,0,Mortgage
2025-06-29,Credit reporting or other personal consumer reports,Credit reporting,Incorrect information on your report,Information belongs to someone else,,,"EQUIFAX, INC.",TX,78577.0,,Consent not provided,Web,2025-06-29,Closed with non-monetary relief,1,,14359840,2025,6,0,Credit reporting or other personal consumer reports
2025-09-21,Credit reporting or other personal consumer reports,Credit reporting,Incorrect information on your report,Account information incorrect,,,"EQUIFAX, INC.",GA,30315.0,,Consent not provided,Web,2025-09-21,Closed with explanation,1,,16115889,2025,9,0,Credit reporting or other personal consumer reports
2017-05-16,"Credit reporting, credit repair services, or other personal consumer reports",Credit reporting,Incorrect information on your report,Public record information inaccurate,My name is  XXXX   XXXX  from the great state if new jersey and I have been the victim of fraudulent credit reporting. inaccurate medical debt information has been shown as a credit liability in terms of suits and typical double-dipping of insurance which is an admonishable obimination of that greed. So much so it is illegal as clearly described in the free credit reporting act. Nothing is being done and this has SERIOUSLY compromised my ability to do business as a  XXXX . Please see that someone actually does something about this and not in the ridiculously short time the major agencies allow. I do not need   XXXX  . I need the parties responsible for this to remove the petty and destructive occlusions NOW and I furthermore feel I deserve compensatory damages.,Company has responded to the consumer and the CFPB and chooses not to provide a public response,"TRANSUNION INTERMEDIATE HOLDINGS, INC.",NJ,8861.0,,Consent provided,Web,2017-05-16,Closed with explanation,1,,2485239,2017,5,1,Credit reporting / repair
2025-08-27,Credit reporting or other personal consumer reports,Credit reporting,Problem with a company's investigation into an existing problem,Was not notified of investigation status or results,,Company has responded to the consumer and the CFPB and chooses not to provide a public response,"TRANSUNION INTERMEDIATE HOLDINGS, INC.",PR,771.0,,Consent not provided,Web,2025-08-27,Closed with non-monetary relief,1,,15561043,2025,8,0,Credit reporting or other personal consumer reports
2024-08-23,Credit reporting or other personal consumer reports,Credit reporting,Improper use of your report,Reporting company used your report improperly,,Company has responded to the consumer and the CFPB and chooses not to provide a public response,Experian Information Solutions Inc.,TX,77396.0,,Consent not provided,Web,2024-08-23,Closed with explanation,1,,9900663,2024,8,0,Credit reporting or other personal consumer reports
2025-10-31,Credit reporting or other personal consumer reports,Credit reporting,Incorrect information on your report,Information belongs to someone else,,Company has responded to the consumer and the CFPB and chooses not to provide a public response,Experian Information Solutions Inc.,TX,75022.0,,Consent not provided,Web,2025-10-31,Closed with explanation,1,,16939211,2025,10,0,Credit reporting or other personal consumer reports
2025-05-26,Credit reporting or other personal consumer reports,Credit reporting,Improper use of your report,Credit inquiries on your report that you don't recognize,,,"EQUIFAX, INC.",GA,30115.0,,Consent not provided,Web,2025-05-26,Closed with explanation,1,,13714536,2025,5,0,Credit reporting or other personal consumer reports
2025-02-21,Credit reporting or other personal consumer reports,Credit reporting,Incorrect information on your report,Personal information incorrect,,,"EQUIFAX, INC.",NJ,7011.0,,Consent not provided,Web,2025-02-21,Closed with explanation,1,,12159505,2025,2,0,Credit reporting or other personal consumer reports
2024-07-02,Credit reporting or other personal consumer reports,Credit reporting,Incorrect information on your report,Information belongs to someone else,,Company has responded to the consumer and the CFPB and chooses not to provide a public response,Experian Information Solutions Inc.,TX,79556.0,,Consent not provided,Web,2024-07-02,Closed with explanation,1,,9391114,2024,7,0,Credit reporting or other personal consumer reports
2025-07-16,Debt collection,I do not know,Attempts to collect debt not owed,Debt is not yours,"I want to stress that I did not give written permission for these specific transactions to be included in my consumer report. At no point did I authorize these entries, and their presence on my report is unwarranted. Consequently, I am formally requesting that these accounts be blocked and removed from my report immediately. It is important to clarify that this request is not due to any error or negligence on my part. There has been no oversight or misunderstanding on my end. Instead, this issue arises solely from the fact that I did not explicitly authorize the inclusion of these transactions in my report. I am diligent about maintaining the accuracy and privacy of my financial records, and these unauthorized entries compromise that integrity. I trust that you will handle this matter with the urgency and seriousness it deserves. Please confirm the removal of these transactions from my report as soon as possible. Thank you for your prompt attention to this issue.",,"EQUIFAX, INC.",GA,,,Consent provided,Web,2025-07-16,Closed with explanation,1,,14690214,2025,7,1,Debt collection
2025-12-26,Credit reporting or other personal consumer reports,Credit reporting,Incorrect information on your report,Information belongs to someone else,Could you take a moment to review this entry? It could be late and flawed.,,"EQUIFAX, INC.",TX,78550.0,,Consent provided,Web,2025-12-26,Closed with explanation,1,,18297512,2025,12,1,Credit reporting or other personal consumer reports
2019-10-15,"Credit reporting, credit repair services, or other personal consumer reports",Credit reporting,Incorrect information on your report,Account information incorrect,,Company has responded to the consumer and the CFPB and chooses not to provide a public response,FIRST FINANCIAL BANCORP,OH,45856.0,,,Phone,2019-10-15,Closed with explanation,1,,3405949,2019,10,0,Credit reporting / repair
2025-07-26,Credit reporting or other personal consumer reports,Credit reporting,Incorrect information on your report,Account information incorrect,,Company has responded to the consumer and the CFPB and chooses not to provide a public response,"TRANSUNION INTERMEDIATE HOLDINGS, INC.",NY,11364.0,,Consent not provided,Web,2025-07-26,Closed with explanation,1,,14898186,2025,7,0,Credit reporting or other personal consumer reports
2021-04-02,"Credit reporting, credit repair services, or other personal consumer reports",Credit reporting,Incorrect information on your report,Account status incorrect,,Company has responded to the consumer and the CFPB and chooses not to provide a public response,SYNCHRONY FINANCIAL,CT,6851.0,,Consent not provided,Web,2021-04-02,Closed with explanation,1,,4266846,2021,4,0,Credit reporting / repair
2024-11-11,Checking or savings account,Checking account,Closing an account,Company closed your account,Navy just closed my account after sumbody took money from me,Company believes it acted appropriately as authorized by contract or law,NAVY FEDERAL CREDIT UNION,GA,30238.0,,Consent provided,Web,2024-11-11,Closed with explanation,1,,10755867,2024,11,1,Bank account / service
2026-02-08,Credit reporting or other personal consumer reports,Credit reporting,Improper use of your report,Credit inquiries on your report that you don't recognize,,,Experian Information Solutions Inc.,FL,32246.0,,,Web,2026-02-08,In progress,1,,19338295,2026,2,0,Credit reporting or other personal consumer reports
2025-10-10,Credit reporting or other personal consumer reports,Credit reporting,Incorrect information on your report,Information belongs to someone else,,Company has responded to the consumer and the CFPB and chooses not to provide a public response,"TRANSUNION INTERMEDIATE HOLDINGS, INC.",GA,30038.0,,Consent not provided,Web,2025-10-10,Closed with non-monetary relief,1,,16506210,2025,10,0,Credit reporting or other personal consumer reports
2021-04-07,"Credit reporting, credit repair services, or other personal consumer reports",Credit reporting,Incorrect information on your report,Information belongs to someone else,,,"EQUIFAX, INC.",TX,77656.0,,Consent not provided,Web,2021-04-07,Closed with explanation,1,,4278821,2021,4,0,Credit reporting / repair
2025-11-11,Credit reporting or other personal consumer reports,Credit reporting,Problem with a company's investigation into an existing problem,Their investigation did not fix an error on your report,,Company has responded to the consumer and the CFPB and chooses not to provide a public response,Experian Information Solutions Inc.,FL,33065.0,,Consent not provided,Web,2025-11-11,Closed with explanation,1,,17168011,2025,11,0,Credit reporting or other personal consumer reports
2024-10-31,Credit reporting or other personal consumer reports,Credit reporting,Problem with a company's investigation into an existing problem,Their investigation did not fix an error on your report,"I carefully review my credit report to ensure the accuracy of my accounts, and I have never been late on a payment. Its possible that there is an error in the reporting.",Company has responded to the consumer and the CFPB and chooses not to provide a public response,"TRANSUNION INTERMEDIATE HOLDINGS, INC.",PA,19023.0,,Consent provided,Web,2024-10-31,Closed with non-monetary relief,1,,10644974,2024,10,1,Credit reporting or other personal consumer reports
2026-01-06,Credit reporting or other personal consumer reports,Credit reporting,Incorrect information on your report,Information belongs to someone else,,Company has responded to the consumer and the CFPB and chooses not to provide a public response,"TRANSUNION INTERMEDIATE HOLDINGS, INC.",NJ,7205.0,,,Web,2026-01-06,Closed with non-monetary relief,1,,18489078,2026,1,0,Credit reporting or other personal consumer reports
2022-03-26,"Credit reporting, credit repair services, or other personal consumer reports",Credit reporting,Incorrect information on your report,Information belongs to someone else,"I got a copy of my credit report and saw, that there is information which NOT belongs to me. I have never applied for these accounts, i don't have contracts or agreements WITH MY SIGNATURE which proofs, that these accounts are mine. I believe, that i was victim of identity theft.",,"EQUIFAX, INC.",FL,33160.0,,Consent provided,Web,2022-03-26,Closed with explanation,1,,5371300,2022,3,1,Credit reporting / repair
2024-10-11,Debt collection,I do not know,Took or threatened to take negative or legal action,Threatened or suggested your credit would be damaged,,Company has responded to the consumer and the CFPB and chooses not to provide a public response,SYNCHRONY FINANCIAL,FL,33024.0,,Consent not provided,Web,2024-10-11,Closed with non-monetary relief,1,,10418406,2024,10,0,Debt collection
2025-09-14,Credit reporting or other personal consumer reports,Credit reporting,Incorrect information on your report,Information belongs to someone else,,Company has responded to the consumer and the CFPB and chooses not to provide a public response,Experian Information Solutions Inc.,PA,18045.0,,Consent not provided,Web,2025-09-14,Closed with explanation,1,,15929175,2025,9,0,Credit reporting or other personal consumer reports
2025-01-28,Credit reporting or other personal consumer reports,Credit reporting,Problem with a company's investigation into an existing problem,Their investigation did not fix an error on your report,,Company has responded to the consumer and the CFPB and chooses not to provide a public response,Experian Information Solutions Inc.,CA,92316.0,,Consent not provided,Web,2025-01-28,Closed with explanation,1,,11816423,2025,1,0,Credit reporting or other personal consumer reports
2026-01-15,Credit reporting or other personal consumer reports,Credit reporting,Incorrect information on your report,Information belongs to someone else,,Company has responded to the consumer and the CFPB and chooses not to provide a public response,"TRANSUNION INTERMEDIATE HOLDINGS, INC.",IL,60425.0,,Consent not provided,Web,2026-01-15,Closed with explanation,1,,18732520,2026,1,0,Credit reporting or other personal consumer reports
2023-01-06,Credit card or prepaid card,Store credit card,Problem with a purchase shown on your statement,Card was charged for something you did not purchase with the card,"Hi, I would like to file a complaint in hopes of rectifying a situation I have with Synchrony Bank. I have made several attempts to clear this matter up with the bank before contacting your agency. 

On XX/XX/2022, XXXX XXXX  I opened a XXXX account to purchase an automotive fuel injection kit. 
I also have XXXX XXXX  account with Synchrony Bank. These XXXX accounts are being confused. 

The issue arose when someone at the bank charged my purchase from XXXX XXXX to my XXXX XXXX account. I asked for a correction of this situation as soon as I discovered the situation. I was told it would be corrected several times but that has not happened. 

Someone made a mistake in posting this transaction to the wrong account and I am having to go through this process to correct the matter. 

The item I purchased should be charged to account XXXX XXXX XXXX. This would make this situation correct. I clearly opened the account for this purchase. 

I am also being interest at the wrong rate because the balance that has occurred because of this error. 

The invoice I included clearly states the item was purchased to the XXXX XXXX XXXX XXXX. Its toward the bottom of the invoice on the left side. 

I truly hope you can help me with this matter. I have enclosed a copy of the invoice. If you towards the bottom it clearly states the charge was made to XXXX. That did not happen and I need your help. 

Respectfully",Company has responded to the consumer and the CFPB and chooses not to provide a public response,SYNCHRONY FINANCIAL,CA,93436.0,Servicemember,Consent provided,Web,2023-01-06,Closed with non-monetary relief,1,,6407991,2023,1,1,Credit card
2025-08-21,Credit reporting or other personal consumer reports,Credit reporting,Incorrect information on your report,Account status incorrect,,,"EQUIFAX, INC.",PA,19027.0,,,Web,2025-08-21,Closed with non-monetary relief,1,,15435562,2025,8,0,Credit reporting or other personal consumer reports
2026-03-19,Credit reporting or other personal consumer reports,Credit reporting,Problem with a company's investigation into an existing problem,Investigation took more than 30 days,,,"EQUIFAX, INC.",CA,,,,Web,2026-03-19,In progress,1,,20395865,2026,3,0,Credit reporting or other personal consumer reports
2024-08-26,Debt collection,I do not know,Communication tactics,Called before 8am or after 9pm,,,"Portfolio Recovery Associates, LLC",KS,66092.0,,Consent not provided,Web,2024-08-26,Closed with non-monetary relief,1,,9921045,2024,8,0,Debt collection
2024-05-25,Credit reporting or other personal consumer reports,Credit reporting,Incorrect information on your report,Information belongs to someone else,,Company has responded to the consumer and the CFPB and chooses not to provide a public response,Experian Information Solutions Inc.,PA,19124.0,,Consent not provided,Web,2024-05-25,Closed with non-monetary relief,1,,9094516,2024,5,0,Credit reporting or other personal consumer reports
2026-03-21,Credit reporting or other personal consumer reports,Credit reporting,Incorrect information on your report,Information belongs to someone else,,,"TRANSUNION INTERMEDIATE HOLDINGS, INC.",CA,94507.0,,,Web,2026-03-21,In progress,1,,20479479,2026,3,0,Credit reporting or other personal consumer reports
2022-11-19,"Credit reporting, credit repair services, or other personal consumer reports",Credit reporting,Incorrect information on your report,Information belongs to someone else,,,"EQUIFAX, INC.",DC,20018.0,,Consent not provided,Web,2022-11-19,Closed with explanation,1,,6222220,2022,11,0,Credit reporting / repair
2025-09-24,Credit reporting or other personal consumer reports,Credit reporting,Problem with a company's investigation into an existing problem,Investigation took more than 30 days,,,Experian Information Solutions Inc.,IL,61103.0,,Consent not provided,Web,2025-09-24,Closed with explanation,1,,16153775,2025,9,0,Credit reporting or other personal consumer reports
2022-12-28,"Credit reporting, credit repair services, or other personal consumer reports",Credit reporting,Incorrect information on your report,Information belongs to someone else,"HI I AM SUBMITTING THIS WITHOUT ANY INFLUENCE AND THIS IS NOT A THIRD PARTY. THE CREDIT BUREAUS STATED MY XXXX WAS PROPERLY INVESTIGATED BUT HOW IS THAT POSSIBLE IF THE OPEN DATE IS INACCURATE, THE DATE LAST ACTIVE IS INACCURATE, AND THE DATE LAST REPORTED IS NOT ACCURATE? THIS GROUND FOR REMOVAL, THEY ALSO VIOLATED MY RIGHTS UNDER 15 U.S.C 1681 SECTION 602 A. STATES I HAVE THE RIGHT TO PRIVACY.

15 U.S.C 1681 SECTION 604 SECTION 2. IT ALSO STATES A CONSUMER REPORTING AGENCY CAN NOT FURNISH AN ACCOUNT WITHOUT MY WRITTEN INSTRUCTIONS. 

PLEASE SEE ATTACHED LETTERS.",,"EQUIFAX, INC.",SC,29016.0,,Consent provided,Web,2022-12-28,Closed with explanation,1,,6364843,2022,12,1,Credit reporting / repair
2024-12-16,Credit reporting or other personal consumer reports,Credit reporting,Incorrect information on your report,Account status incorrect,"I have a goal of getting a house as soon as possible but the stuff on my credit report will really put me in trouble. This is XXXX XXXX please do not refute my complaint by stating that I filed this by some other means than myself. There is no third party involved. The stuff on my credit report is wrong and Under 15 U.S. Code 1681b Permissible purposes of consumer reports I never gave any written consent to report anything on my consumer reports no consent is fraud. Please take necessary actions for my complaint, Ive been very patient on this matter.",Company has responded to the consumer and the CFPB and chooses not to provide a public response,"TRANSUNION INTERMEDIATE HOLDINGS, INC.",VA,23608.0,,Consent provided,Web,2024-12-16,Closed with non-monetary relief,1,,11172451,2024,12,1,Credit reporting or other personal consumer reports
2026-02-21,Credit reporting or other personal consumer reports,Credit reporting,Improper use of your report,Reporting company used your report improperly,,,"EQUIFAX, INC.",GA,30127.0,,,Web,2026-02-21,Closed with explanation,1,,19677740,2026,2,0,Credit reporting or other personal consumer reports
2025-09-11,Credit reporting or other personal consumer reports,Credit reporting,Problem with a company's investigation into an existing problem,Investigation took more than 30 days,,Company has responded to the consumer and the CFPB and chooses not to provide a public response,"TRANSUNION INTERMEDIATE HOLDINGS, INC.",FL,33178.0,,Consent not provided,Web,2025-09-11,Closed with explanation,1,,15873727,2025,9,0,Credit reporting or other personal consumer reports
2026-02-18,Credit reporting or other personal consumer reports,Credit reporting,Incorrect information on your report,Information belongs to someone else,,,Experian Information Solutions Inc.,FL,33317.0,,,Web,2026-02-18,In progress,1,,19603430,2026,2,0,Credit reporting or other personal consumer reports
2025-10-20,Credit reporting or other personal consumer reports,Credit reporting,Incorrect information on your report,Information belongs to someone else,,Company has responded to the consumer and the CFPB and chooses not to provide a public response,Experian Information Solutions Inc.,TX,76131.0,,Consent not provided,Web,2025-10-20,Closed with explanation,1,,16688441,2025,10,0,Credit reporting or other personal consumer reports
2012-09-24,Credit card,,Rewards,,,,AMERICAN EXPRESS COMPANY,UT,84111.0,,,Web,2012-09-25,Closed with explanation,1,0.0,158564,2012,9,0,Credit card
2026-01-14,Credit reporting or other personal consumer reports,Credit reporting,Improper use of your report,Reporting company used your report improperly,,,"EQUIFAX, INC.",PR,976.0,,Other,Web,2026-01-14,Closed with explanation,1,,18704419,2026,1,0,Credit reporting or other personal consumer reports
2025-02-23,Credit reporting or other personal consumer reports,Credit reporting,Problem with a company's investigation into an existing problem,Their investigation did not fix an error on your report,,Company has responded to the consumer and the CFPB and chooses not to provide a public response,"TRANSUNION INTERMEDIATE HOLDINGS, INC.",TN,38183.0,,Consent not provided,Web,2025-02-23,Closed with non-monetary relief,1,,12180725,2025,2,0,Credit reporting or other personal consumer reports
2025-03-17,Credit reporting or other personal consumer reports,Credit reporting,Improper use of your report,Reporting company used your report improperly,,Company has responded to the consumer and the CFPB and chooses not to provide a public response,Experian Information Solutions Inc.,PA,19143.0,,Consent not provided,Web,2025-03-17,Closed with explanation,1,,12512487,2025,3,0,Credit reporting or other personal consumer reports
2025-12-18,Checking or savings account,Checking account,Managing an account,Problem using a debit or ATM card,,Company has responded to the consumer and the CFPB and chooses not to provide a public response,"CITIBANK, N.A.",CA,94608.0,,,Web,2025-12-18,Closed with explanation,1,,18128769,2025,12,0,Bank account / service
2025-11-18,Credit reporting or other personal consumer reports,Credit reporting,Incorrect information on your report,Information belongs to someone else,,,"EQUIFAX, INC.",IA,50312.0,,Consent not provided,Web,2025-11-18,Closed with non-monetary relief,1,,17328224,2025,11,0,Credit reporting or other personal consumer reports
2024-04-25,Checking or savings account,Other banking product or service,Closing an account,Funds not received from closed account,,,"Paypal Holdings, Inc",MA,2453.0,,Consent not provided,Web,2024-04-25,Closed with explanation,1,,8855459,2024,4,0,Bank account / service
2022-12-15,Credit card or prepaid card,General-purpose credit card or charge card,Trouble using your card,Can't use card to make purchases,,,CAPITAL ONE FINANCIAL CORPORATION,CA,93536.0,Servicemember,Consent not provided,Web,2022-12-15,Closed with explanation,1,,6324159,2022,12,0,Credit card
2023-03-24,"Credit reporting, credit repair services, or other personal consumer reports",Credit reporting,Problem with a credit reporting company's investigation into an existing problem,Investigation took more than 30 days,"I sent out multiple letters to all 3 credit reporting companies and got ignored and told I hired a 3rd party company which I did not. This act is unlawful and blatantly out of compliance. To tell me I am not who I am requesting information I have already sent off in a CLEAR VIOLATION OF MY CONSUMER RIGHTS. This took well over 35-45 days in order to get a letter telling me that they applaud my efforts, need more documents to verify my identity, or just be flat-out ignored. I will be reaching out consumer rights protection group to see the best way to hold these 3 companies accountable. Here are the accounts that I originally put into question. Personal Information, Negative accounts & also Inquiries that were not made by me! 


1. The following personal information is incorrect Account Number : Previous Address ( es ) : XXXX XXXX XXXX XXXX XXXX, NC XXXX XX/XX/XXXX 2. The following personal information is incorrect Account Number : Previous Address ( es ) : XXXX XXXXXXXX XXXX XXXX XXXXXXXX XXXX, NC XXXX 3. Inquiry is not in compliance with 15 U.S. Code 1681b XXXX XXXX Date of inquiry : XX/XX/XXXX Please remove it from my credit report. 

4. Inquiry is not in compliance with 15 U.S. Code 1681b XXXX  Date of inquiry : XX/XX/XXXX Please remove it from my credit report. 

5. Inquiry is not in compliance with 15 U.S. Code 1681b XXXX XXXX Date of inquiry : XX/XX/XXXX Please remove it from my credit report. 

6. Inquiry is not in compliance with 15 U.S. Code 1681b XXXX XXXX Date of inquiry : XX/XX/XXXX Please remove it from my credit report. 

7. Inquiry is not in compliance with 15 U.S. Code 1681b XXXX XXXX Date of inquiry : XX/XX/XXXX Please remove it from my credit report. 

8. Inquiry is not in compliance with 15 U.S. Code 1681b XXXX XXXX Date of inquiry : XX/XX/XXXX Please remove it from my credit report. 

9. Inquiry is not in compliance with 15 U.S. Code 1681b XXXX  Date XXXX inquiry : XX/XX/XXXX Please remove it from my credit report. 

10. Inquiry is not in compliance with 15 U.S. Code 1681b XXXX XXXX XXXX XXXX  Date of inquiry : XX/XX/XXXX Please remove it from my credit report. 

11. Pursuant to 15 USC 1681 ( a ) ( 1 ) - This GRAVE error has impacted my belief in your companies integrity and ability to perform the proper procedures and protocol. As a result I no longer trust the information you report on MY BEHALF. I Immediately want this i XXXX XXXX  Account Number : XXXX Please investigate and delete from my credit report. 

12. Pursuant to 15 USC 1681 ( a ) ( 1 ) - This GRAVE error has impacted my belief in your companies integrity and ability to perform the proper procedures and protocol. As a result I no longer trust the information you report on MY BEHALF. I Immediately want this i XXXX XXXX Account Number : XXXX Please investigate and delete from my credit report.",Company has responded to the consumer and the CFPB and chooses not to provide a public response,"TRANSUNION INTERMEDIATE HOLDINGS, INC.",NC,27604.0,,Consent provided,Web,2023-03-24,Closed with non-monetary relief,1,,6744430,2023,3,1,Credit reporting / repair
2025-06-20,Credit reporting or other personal consumer reports,Credit reporting,Improper use of your report,Reporting company used your report improperly,,Company has responded to the consumer and the CFPB and chooses not to provide a public response,Experian Information Solutions Inc.,GA,30046.0,,Consent not provided,Web,2025-06-20,Closed with explanation,1,,14194384,2025,6,0,Credit reporting or other personal consumer reports
2025-06-12,Credit reporting or other personal consumer reports,Credit reporting,Incorrect information on your report,Account information incorrect,,Company has responded to the consumer and the CFPB and chooses not to provide a public response,"TRANSUNION INTERMEDIATE HOLDINGS, INC.",FL,33054.0,,Consent not provided,Web,2025-06-12,Closed with non-monetary relief,1,,14035791,2025,6,0,Credit reporting or other personal consumer reports
2025-08-11,Credit reporting or other personal consumer reports,Credit reporting,Incorrect information on your report,Information belongs to someone else,,Company has responded to the consumer and the CFPB and chooses not to provide a public response,"TRANSUNION INTERMEDIATE HOLDINGS, INC.",OK,73120.0,,Consent not provided,Web,2025-08-11,Closed with explanation,1,,15216806,2025,8,0,Credit reporting or other personal consumer reports
2024-02-19,Credit reporting or other personal consumer reports,Credit reporting,Incorrect information on your report,Information belongs to someone else,,,"EQUIFAX, INC.",PA,19149.0,,Consent not provided,Web,2024-02-19,Closed with non-monetary relief,1,,8368650,2024,2,0,Credit reporting or other personal consumer reports
2023-07-17,"Credit reporting, credit repair services, or other personal consumer reports",Credit reporting,Problem with a credit reporting company's investigation into an existing problem,Investigation took more than 30 days,,,"EQUIFAX, INC.",IL,60484.0,,Consent not provided,Web,2023-07-17,Closed with non-monetary relief,1,,7263403,2023,7,0,Credit reporting / repair
2021-09-16,"Credit reporting, credit repair services, or other personal consumer reports",Credit reporting,Incorrect information on your report,Information belongs to someone else,,,"EQUIFAX, INC.",PA,19152.0,,Consent not provided,Web,2021-09-16,Closed with explanation,1,,4728591,2021,9,0,Credit reporting / repair
2025-11-19,Credit reporting or other personal consumer reports,Credit reporting,Incorrect information on your report,Information belongs to someone else,,,"CBC Companies, Inc.",TX,77073.0,,Consent not provided,Web,2025-11-19,Closed with non-monetary relief,1,,17344207,2025,11,0,Credit reporting or other personal consumer reports
2024-11-08,Credit card,Store credit card,Getting a credit card,Card opened without my consent or knowledge,XXXX XXXX XXXX XXXX XXXX XXXX XXXX XXXX said he needed my SSN so he can do a soft pull on my credit to make sure I have good credit. I was never made aware that I was applying to a credit card and that the company under would be mattress firm. I called a phone number provided by XXXX credit report and found out that I have a credit card that I never authorized to open.,Company has responded to the consumer and the CFPB and chooses not to provide a public response,"TRANSUNION INTERMEDIATE HOLDINGS, INC.",NM,87106.0,,Consent provided,Web,2024-11-08,Closed with non-monetary relief,1,,10737056,2024,11,1,Credit card
2024-05-15,Credit reporting or other personal consumer reports,Credit reporting,Incorrect information on your report,Account status incorrect,FCRA 605B mandates the removal of any erroneous accounts from my credit report. There is an inaccuracy in my credit file ; kindly eliminate it. Compensation of {$1000.00} per incorrect reporting is expected.,Company has responded to the consumer and the CFPB and chooses not to provide a public response,"TRANSUNION INTERMEDIATE HOLDINGS, INC.",TX,77093.0,,Consent provided,Web,2024-05-15,Closed with non-monetary relief,1,,9021594,2024,5,1,Credit reporting or other personal consumer reports
2025-07-31,Credit reporting or other personal consumer reports,Credit reporting,Incorrect information on your report,Information belongs to someone else,,Company has responded to the consumer and the CFPB and chooses not to provide a public response,"TRANSUNION INTERMEDIATE HOLDINGS, INC.",LA,71108.0,,Consent not provided,Web,2025-07-31,Closed with explanation,1,,15005197,2025,7,0,Credit reporting or other personal consumer reports
2022-01-23,"Credit reporting, credit repair services, or other personal consumer reports",Credit reporting,Incorrect information on your report,Information belongs to someone else,"I never consented to authorize nor benefited from all Inquires and accounts mentioned on my Identity theft repot, Block and delete them. If I have received goods and services from the furnished Inquires and account, let XXXX, Equifax and XXXX have one of their senior executive certify under the penalty of perjury that I did received good and service from those transactions.",,"EQUIFAX, INC.",GA,30093.0,,Consent provided,Web,2022-01-23,Closed with explanation,1,,5139751,2022,1,1,Credit reporting / repair
2016-09-17,Debt collection,Credit card,Disclosure verification of debt,Not given enough info to verify debt,"This collection company is continuing their collection activity on this account on my credit report. I feel they did not validate this account or debt per my request that I sent them in the mail previously. They have not provided signed proof that I incurred this debt, an itemization of the debt and a copy of the underlying account statement and other written validation and explanation of the debt. 

Being that they failed to provide it, this is a clear violation of FDCPA. Proper validation consists of copies of some type of current creditor records, not records which only verify that the collector believes an account is valid. 

They are also violating the Fair Credit Reporting Act ( FCRA ) by reporting inaccurate information on my credit report : Account Number : XXXX Balance : {$1200.00} Original Creditor : XXXX",,"CAVALRY INVESTMENTS, LLC",NJ,7728.0,,Consent provided,Web,2016-09-17,Closed with explanation,1,0.0,2117340,2016,9,1,Debt collection
2025-09-10,Credit reporting or other personal consumer reports,Credit reporting,Improper use of your report,Reporting company used your report improperly,,Company has responded to the consumer and the CFPB and chooses not to provide a public response,"TRANSUNION INTERMEDIATE HOLDINGS, INC.",DE,19802.0,,Consent not provided,Web,2025-09-11,Closed with non-monetary relief,1,,15850522,2025,9,0,Credit reporting or other personal consumer reports
2026-02-22,"Payday loan, title loan, personal loan, or advance loan",Installment loan,Problem when making payments,,,,1st Franklin Financial Corporation,LA,70809.0,,,Web,2026-02-22,Closed with explanation,1,,19692261,2026,2,0,Payday loan / title / personal
2024-01-29,Credit reporting or other personal consumer reports,Credit reporting,Incorrect information on your report,Information belongs to someone else,,,"EQUIFAX, INC.",FL,33544.0,,Consent not provided,Web,2024-01-29,Closed with non-monetary relief,1,,8242649,2024,1,0,Credit reporting or other personal consumer reports
2024-10-29,Credit reporting or other personal consumer reports,Credit reporting,Incorrect information on your report,Information belongs to someone else,,Company has responded to the consumer and the CFPB and chooses not to provide a public response,Experian Information Solutions Inc.,FL,32820.0,,Consent not provided,Web,2024-10-29,Closed with explanation,1,,10614603,2024,10,0,Credit reporting or other personal consumer reports
2024-09-18,Credit reporting or other personal consumer reports,Credit reporting,Improper use of your report,Credit inquiries on your report that you don't recognize,"I Would like these unauthorized hard inquiries removed from my report. i DID NOT give them permission to pull my report. I want these removed. 

XXXXXXXX XXXX XXXX XXXX XXXX",Company has responded to the consumer and the CFPB and chooses not to provide a public response,"TRANSUNION INTERMEDIATE HOLDINGS, INC.",TX,77026.0,,Consent provided,Web,2024-09-18,Closed with explanation,1,,10161941,2024,9,1,Credit reporting or other personal consumer reports
2024-12-16,Credit reporting or other personal consumer reports,Credit reporting,Problem with fraud alerts or security freezes,,,,"EQUIFAX, INC.",CA,92108.0,,Consent not provided,Web,2024-12-16,Closed with non-monetary relief,1,,11170502,2024,12,0,Credit reporting or other personal consumer reports
2025-02-13,Checking or savings account,Checking account,Managing an account,Deposits and withdrawals,,Company has responded to the consumer and the CFPB and chooses not to provide a public response,WELLS FARGO & COMPANY,GA,30286.0,,,Web,2025-02-13,Closed with monetary relief,1,,12061616,2025,2,0,Bank account / service
2025-08-18,Credit reporting or other personal consumer reports,Credit reporting,Problem with a company's investigation into an existing problem,Their investigation did not fix an error on your report,"Transunion XX/XX/year> Equifax XX/XX/year> Experian XX/XX/year> there is a fraudulent account on my report that is preventing me from getting out of a XXXX XXXX household and into a safe home under my name with my children i do not owe a debt to any prior residents or collection under this name XXXX XXXX XXXX XXXX in the amount of XXXX. 
I have already filed a FTC report in regaurds to this collection on my credit accounts as well the bureas did not respond or have accurat information on how they have verified this debt as mine. I need this removed immediatly",Company has responded to the consumer and the CFPB and chooses not to provide a public response,"TRANSUNION INTERMEDIATE HOLDINGS, INC.",WA,98271.0,,Consent provided,Web,2025-08-18,Closed with non-monetary relief,1,,15357375,2025,8,1,Credit reporting or other personal consumer reports
2025-10-22,Credit reporting or other personal consumer reports,Credit reporting,Incorrect information on your report,Information belongs to someone else,,,"EQUIFAX, INC.",NC,28213.0,,Consent not provided,Web,2025-10-22,Closed with explanation,1,,16753233,2025,10,0,Credit reporting or other personal consumer reports
2025-10-24,Credit reporting or other personal consumer reports,Credit reporting,Incorrect information on your report,Account information incorrect,,Company has responded to the consumer and the CFPB and chooses not to provide a public response,"TRANSUNION INTERMEDIATE HOLDINGS, INC.",TX,78242.0,,Consent not provided,Web,2025-10-24,Closed with explanation,1,,16798677,2025,10,0,Credit reporting or other personal consumer reports
2025-01-27,Credit reporting or other personal consumer reports,Credit reporting,Problem with a company's investigation into an existing problem,Investigation took more than 30 days,,,"EQUIFAX, INC.",VA,23321.0,,Consent not provided,Web,2025-01-27,Closed with non-monetary relief,1,,11794896,2025,1,0,Credit reporting or other personal consumer reports
2025-07-02,Credit reporting or other personal consumer reports,Credit reporting,Improper use of your report,Reporting company used your report improperly,,Company has responded to the consumer and the CFPB and chooses not to provide a public response,"TRANSUNION INTERMEDIATE HOLDINGS, INC.",TX,75137.0,,Consent not provided,Web,2025-07-02,Closed with non-monetary relief,1,,14418146,2025,7,0,Credit reporting or other personal consumer reports
2014-01-10,Debt collection,"Other (i.e. phone, health club, etc.)",Disclosure verification of debt,Not given enough info to verify debt,,,Resurgent Capital Services L.P.,TX,76123.0,,,Postal mail,2014-01-13,Closed with explanation,1,0.0,662889,2014,1,0,Debt collection
2025-12-09,Credit reporting or other personal consumer reports,Credit reporting,Incorrect information on your report,Account information incorrect,,Company has responded to the consumer and the CFPB and chooses not to provide a public response,Experian Information Solutions Inc.,SC,29455.0,,,Web,2025-12-09,Closed with explanation,1,,17884845,2025,12,0,Credit reporting or other personal consumer reports
2024-06-25,Credit reporting or other personal consumer reports,Credit reporting,Problem with a company's investigation into an existing problem,Their investigation did not fix an error on your report,,,"EQUIFAX, INC.",IN,46260.0,,Consent not provided,Web,2024-06-25,Closed with non-monetary relief,1,,9334039,2024,6,0,Credit reporting or other personal consumer reports
2017-05-03,Debt collection,Other debt,Communication tactics,"You told them to stop contacting you, but they keep trying",,,"EOS Holdings, Inc.",SC,29464.0,,Consent not provided,Web,2017-05-03,Closed with explanation,1,,2474367,2017,5,0,Debt collection
2025-03-28,Credit reporting or other personal consumer reports,Credit reporting,Incorrect information on your report,Account status incorrect,"I always pay my bills on time, I know this for sure. I dont understand why this company says I paid late in some months. According to USC 1666b, any billing mistake should be fixed and marked as paid on time.

I demand the late payment reported to be removed/updated.",Company has responded to the consumer and the CFPB and chooses not to provide a public response,"TRANSUNION INTERMEDIATE HOLDINGS, INC.",TX,76712.0,,Consent provided,Web,2025-03-28,Closed with non-monetary relief,1,,12710765,2025,3,1,Credit reporting or other personal consumer reports
2024-10-26,Checking or savings account,Checking account,Managing an account,Deposits and withdrawals,"I'm a XXXX XXXX XXXX XXXX XXXX XXXX XXXX XXXXand in person visit to trust bank. 
I have problems in XXXX XXXX. 
Lost my bank summary statements to suntrust bank in XXXX XXXX XXXX through XXXX. 
2. I lost my wallet and all contents.",Company has responded to the consumer and the CFPB and chooses not to provide a public response,TRUIST FINANCIAL CORPORATION,MD,20601.0,Servicemember,Consent provided,Web,2024-10-26,Closed with explanation,1,,10586641,2024,10,1,Bank account / service
2020-12-20,"Credit reporting, credit repair services, or other personal consumer reports",Credit reporting,Incorrect information on your report,Information belongs to someone else,,Company has responded to the consumer and the CFPB and chooses not to provide a public response,"TRANSUNION INTERMEDIATE HOLDINGS, INC.",AL,35405.0,,Consent not provided,Web,2020-12-20,Closed with explanation,1,,4023304,2020,12,0,Credit reporting / repair
2025-10-21,Credit reporting or other personal consumer reports,Credit reporting,Problem with a company's investigation into an existing problem,Their investigation did not fix an error on your report,"I'm writing to communicate my anxiety in regards to the contested records on my credit report. On various occasions, I have raised the issue of errors in these records, and have reliably mentioned that they be completely examined. Regardless of my endeavors, I presently can't seem to get any goal or restorative activity. These wrong records are seriously harming my credit document and preventing my capacity to carry on with an ordinary life. The adverse consequences of these errors have caused enormous difficulties for me, and I'm left with no decision except for to argue for your help with redressing what is going on quickly. I generously demand that you direct a careful examination concerning the revealing of every one of these contested records. It is basic that the fundamental advances are taken to refresh and amend my credit report immediately. With your assistance, I desire to reestablish the exactness and trustworthiness of my credit record so I might recapture command over my monetary prosperity. I truly ask you to offer this matter your most extreme consideration and make a quick move. Your participation and backing in settling this issue immediately would be extremely valuable. Much thanks to you ahead of time for your comprehension and help.",,"EQUIFAX, INC.",VA,22408.0,,Consent provided,Web,2025-10-21,Closed with non-monetary relief,1,,16736915,2025,10,1,Credit reporting or other personal consumer reports
2025-09-13,Credit reporting or other personal consumer reports,Credit reporting,Incorrect information on your report,Information belongs to someone else,,Company has responded to the consumer and the CFPB and chooses not to provide a public response,"TRANSUNION INTERMEDIATE HOLDINGS, INC.",CA,90241.0,,Consent not provided,Web,2025-09-13,Closed with explanation,1,,15916868,2025,9,0,Credit reporting or other personal consumer reports
2022-02-03,Checking or savings account,Checking account,Managing an account,Deposits and withdrawals,,,"HUNTINGTON NATIONAL BANK, THE",OH,45011.0,,,Phone,2022-02-03,Closed with monetary relief,1,,5181199,2022,2,0,Bank account / service
2024-12-10,Credit reporting or other personal consumer reports,Credit reporting,Problem with a company's investigation into an existing problem,Investigation took more than 30 days,,Company has responded to the consumer and the CFPB and chooses not to provide a public response,"TRANSUNION INTERMEDIATE HOLDINGS, INC.",CA,93311.0,,Consent not provided,Web,2024-12-10,Closed with non-monetary relief,1,,11101265,2024,12,0,Credit reporting or other personal consumer reports
2022-05-27,"Money transfer, virtual currency, or money service",Mobile or digital wallet,Unauthorized transactions or other transaction problem,,XXXX XXXX received email from PayPal re : purchase of crypto currency and then XXXX banking accounts were compromised when I called the number on the email. Started receiving multiple phone calls and requests for gift cards to reduce debt XXXX dont have a Papal account but was given verification XXXX and the name XXXX XXXX XXXX XXXX PayPal Id # XXXX was the scammer who continued to call and aggressively direct me to purchase gift cards to lower my debt. This went on for 2 days until I blocked the calls and notified my bank. Money had already been taken out of my savings account,,"Paypal Holdings, Inc",LA,70065.0,Older American,Consent provided,Web,2022-05-27,Closed with explanation,1,,5618139,2022,5,1,Money transfer / service
2024-09-04,Checking or savings account,Checking account,Opening an account,Account opened without my consent or knowledge,"A bank account with Chase Bank was opened around XX/XX/2024. I received a notice regarding my address was updated for my bank account. So I called to see if a bank account was in my name. They stated yes, so they removed the funds and closed the account.",,JPMORGAN CHASE & CO.,GA,30223.0,Servicemember,Consent provided,Web,2024-09-04,Closed with explanation,1,,10021953,2024,9,1,Bank account / service
2021-07-27,Mortgage,VA mortgage,Struggling to pay mortgage,,,Company believes it acted appropriately as authorized by contract or law,Mr. Cooper Group Inc.,WI,54801.0,Servicemember,Consent not provided,Web,2021-07-27,Closed with explanation,1,,4578725,2021,7,0,Mortgage
2017-05-15,"Credit reporting, credit repair services, or other personal consumer reports",Credit reporting,Problem with a credit reporting company's investigation into an existing problem,Problem with personal statement of dispute,,,"EQUIFAX, INC.",PA,18045.0,,Consent not provided,Web,2017-05-15,Closed with non-monetary relief,1,,2484973,2017,5,0,Credit reporting / repair
2025-03-11,Credit reporting or other personal consumer reports,Credit reporting,Improper use of your report,Credit inquiries on your report that you don't recognize,,Company has responded to the consumer and the CFPB and chooses not to provide a public response,Experian Information Solutions Inc.,AL,36609.0,,Consent not provided,Web,2025-03-11,Closed with explanation,1,,12442178,2025,3,0,Credit reporting or other personal consumer reports
2022-02-02,"Credit reporting, credit repair services, or other personal consumer reports",Credit reporting,Incorrect information on your report,Account information incorrect,"Prosper Notified me in XX/XX/2021 via email that instead of charging me {$450.00}, which has been my monthly installment amount that they were going to, per contract, charge the remaining XXXX dollars in XX/XX/2021. 

I was I'll prepared for this, I called and emailed proof attached asking that they not do this. 

I run a business we are cash flow tight. 

They refused to heed my warning and on XX/XX/XXXX charged {$1000.00}. To exacerbate my fragile situation, 10 days later they took the other {$1000.00}. This cause Nsf and I lost my employees trust because his payroll paycheck bounced back nsf. 

I'd this fair? 

When I asked them to refund the {$1000.00} they said no I must dispute with XXXX. 

Fortunately, my bank reversed the charge. 

My employee employer relationship has been dramatically worsened by this failure to pay. 

I never missed one payment look at my track record To further cause insult, they reported to all 3 credit bureaus that I was a 30+ late payer After all I had to borrow to pay my employee while the bank worked on reversing the transaction and our trust built relationship is ruined. 

Please reprimand this organization fir preying on weakened businesses that have barely been able to catch our breathe post mid pandemic. 

I want them to fix the late pay. I paid them their {$1100.00} including late fee added XX/XX/XXXX. Should they have been able to change the contract repayment terms mid contract and report me as a bad payor as a result of their failure to refund me the $ $ the took two times in one month? 

Should I suffer? Is this morally, ethically, or humanely decent?",Company has responded to the consumer and the CFPB and chooses not to provide a public response,"Prosper Marketplace, Inc.",PA,19403.0,,Consent provided,Web,2022-02-02,Closed with explanation,1,,5177240,2022,2,1,Credit reporting / repair
2025-03-05,Credit reporting or other personal consumer reports,Credit reporting,Incorrect information on your report,Information belongs to someone else,,Company has responded to the consumer and the CFPB and chooses not to provide a public response,"TRANSUNION INTERMEDIATE HOLDINGS, INC.",CA,91352.0,,Consent not provided,Web,2025-03-05,Closed with explanation,1,,12329566,2025,3,0,Credit reporting or other personal consumer reports
2025-06-05,Credit reporting or other personal consumer reports,Credit reporting,Incorrect information on your report,Information belongs to someone else,,Company has responded to the consumer and the CFPB and chooses not to provide a public response,"TRANSUNION INTERMEDIATE HOLDINGS, INC.",LA,70615.0,,Consent not provided,Web,2025-06-05,Closed with non-monetary relief,1,,13927606,2025,6,0,Credit reporting or other personal consumer reports
2025-05-21,Credit reporting or other personal consumer reports,Credit reporting,Incorrect information on your report,Information belongs to someone else,"I am writing to have the following information removed from my credit file, the items that I need deleted are going to be attached in a word document. I am a victim of identity theft. I have multiple accounts and inquiries that I DID NOT apply for listed on my credit report. I ask that these items be deleted so my credit report will only show accurate information. I reported the theft of my identity to the Federal Trade Commission and have enclosed copies of the report. I would like these items deleted from my credit report as soon as possible. Please block this information from my credit report, pursuant to section 605B of the Fair Credit Reporting Act.",Company has responded to the consumer and the CFPB and chooses not to provide a public response,Experian Information Solutions Inc.,MS,39047.0,,Consent provided,Web,2025-05-21,Closed with explanation,1,,13635446,2025,5,1,Credit reporting or other personal consumer reports
2016-12-08,Mortgage,Reverse mortgage,"Loan modification,collection,foreclosure",,,,"CIT BANK, NATIONAL ASSOCIATION",NJ,7676.0,,,Referral,2016-12-09,Closed with explanation,1,0.0,2241769,2016,12,0,Mortgage
2025-02-26,Credit reporting or other personal consumer reports,Credit reporting,Incorrect information on your report,Information belongs to someone else,,,"EQUIFAX, INC.",TX,76059.0,,Consent not provided,Web,2025-02-26,Closed with non-monetary relief,1,,12202542,2025,2,0,Credit reporting or other personal consumer reports
2025-02-12,"Money transfer, virtual currency, or money service",Domestic (US) money transfer,Other transaction problem,,"I am writing to formally express my concerns regarding Zelle 's handling of disputes, particularly in light of the recent CFPB lawsuit highlighting significant issues with the platform. Despite using Zelle numerous times and reporting discrepancies, my financial institution and Zelle failed to investigate my claims adequately. They informed me that recovering lost funds was impossible and that tracking these transactions was unfeasible. The CFPB 's findings indicate that Zelle has not only neglected to protect consumers but has also allowed repeat offenders to exploit the system, leaving users vulnerable to scams. This lack of accountability and transparency is unacceptable and raises serious concerns about consumer safety.",,"Early Warning Services, LLC",TX,76131.0,,Consent provided,Web,2025-02-12,Closed with explanation,1,,12036412,2025,2,1,Money transfer / service
2025-07-17,Credit reporting or other personal consumer reports,Credit reporting,Incorrect information on your report,Information belongs to someone else,,Company has responded to the consumer and the CFPB and chooses not to provide a public response,Experian Information Solutions Inc.,FL,33610.0,,Consent not provided,Web,2025-07-17,Closed with explanation,1,,14698734,2025,7,0,Credit reporting or other personal consumer reports
2025-12-15,Credit reporting or other personal consumer reports,Credit reporting,Incorrect information on your report,Information belongs to someone else,,,"EQUIFAX, INC.",NC,28226.0,,Consent not provided,Web,2025-12-15,Closed with explanation,1,,18038668,2025,12,0,Credit reporting or other personal consumer reports
2025-02-18,Credit reporting or other personal consumer reports,Credit reporting,Improper use of your report,Reporting company used your report improperly,,,"EQUIFAX, INC.",TX,77459.0,,Consent not provided,Web,2025-02-25,Closed with non-monetary relief,1,,12115411,2025,2,0,Credit reporting or other personal consumer reports
2025-12-05,Credit reporting or other personal consumer reports,Credit reporting,Incorrect information on your report,Information belongs to someone else,,,"EQUIFAX, INC.",TX,77049.0,,Consent not provided,Web,2025-12-05,Closed with non-monetary relief,1,,17777282,2025,12,0,Credit reporting or other personal consumer reports
2019-02-28,Credit card or prepaid card,Government benefit card,Unexpected or other fees,,"I misplaced my XXXX XXXX card I continuously called XXXX XXXX for three days and got no answer. I even tried to send an email to the company  asking them to cancel my card and still no response. Finally I reached them on the third day, up until the third day my money was still on the card. At that time I had only XXXX left on the card that previously had XXXX on it. I was furious I called the police to get to the bottom of this and was given a police report number which I sent to the company along with the disputes of transactions on my cord. I later received a letter in the mail from XXXX XXXX saying no fraudulent activities had been done on this card. I couldn't believe it. What happen was my grandchildren ages XXXX and XXXX was playing XXXX on the telephone that I previously used to place an order on and the last 4 numbers to my card was still on the phone. The kids used those four number to log into the game and every time they hit the coin on the game it charged my debit card. Not knowing they was using my money on XXXX XXXX. I called XXXX and they was willing to word with me but XXXX XXXX refused to give me the information needed for XXXX to stop payment. This is a card that is used for my XXXX grandson and I would never authorize kids to use it to play games, that is just out of the question and I don't know anything about those games. I have custody of XXXX grandchildren and all monies received is for the car of the children. I can't find the police report number but I sent it with the report to XXXX XXXX. I can get it later from the police department and send it later.",,Comerica,VA,,,Consent provided,Web,2019-02-28,Closed with explanation,1,,3165933,2019,2,1,Credit card
2022-10-12,"Credit reporting, credit repair services, or other personal consumer reports",Credit reporting,Incorrect information on your report,Information belongs to someone else,,,"EQUIFAX, INC.",MO,63109.0,,Consent not provided,Web,2022-10-12,Closed with explanation,1,,6077476,2022,10,0,Credit reporting / repair
2024-10-11,Credit reporting or other personal consumer reports,Credit reporting,Improper use of your report,Reporting company used your report improperly,,Company has responded to the consumer and the CFPB and chooses not to provide a public response,"TRANSUNION INTERMEDIATE HOLDINGS, INC.",FL,33406.0,,Consent not provided,Web,2024-10-11,Closed with non-monetary relief,1,,10429610,2024,10,0,Credit reporting or other personal consumer reports
2025-08-15,Credit reporting or other personal consumer reports,Credit reporting,Incorrect information on your report,Information belongs to someone else,"In accordance with the Fair Credit Reporting act. The List of accounts below has violated my federally protected consumer rights to privacy and confidentiality under 15 USC 1681. 15 U.S.C 1681 section 602 A. States I have the right to privacy. 15 U.S.C 1681 Section 604 A Section 2 : It also states a consumer reporting agency can not furnish an account without my written instructions 15 U.S.C 1681c. ( a ) ( 5 ) Section States : no consumer reporting agency may make any consumer report containing any of the following items of information Any other adverse item of information, other than records of convictions of crimes which antedates the report by more than seven years. 15 U.S.C. 1681s-2 ( A ) ( 1 ) A person shall not furnish any information relating to a consumer to any consumer reporting agency if the person knows or has reasonable cause to believe that the information is inaccurate.",Company has responded to the consumer and the CFPB and chooses not to provide a public response,"TRANSUNION INTERMEDIATE HOLDINGS, INC.",PA,19050.0,,Consent provided,Web,2025-08-15,Closed with explanation,1,,15322476,2025,8,1,Credit reporting or other personal consumer reports
2025-11-10,Credit reporting or other personal consumer reports,Credit reporting,Problem with a company's investigation into an existing problem,Investigation took more than 30 days,,Company has responded to the consumer and the CFPB and chooses not to provide a public response,"TRANSUNION INTERMEDIATE HOLDINGS, INC.",FL,33602.0,,Consent not provided,Web,2025-11-10,Closed with non-monetary relief,1,,17152932,2025,11,0,Credit reporting or other personal consumer reports
2014-08-28,Debt collection,Auto,Cont'd attempts collect debt not owed,Debt is not mine,,,JPMORGAN CHASE & CO.,CA,91601.0,,,Web,2014-09-03,Closed with explanation,1,0.0,1005759,2014,8,0,Debt collection
2025-02-12,Credit reporting or other personal consumer reports,Credit reporting,Problem with a company's investigation into an existing problem,Their investigation did not fix an error on your report,Under 15 U.S. Code 1681b Permissible purposes of consumer reports I never gave these credit reporting agencies any written consent to report anything on my consumer report,Company has responded to the consumer and the CFPB and chooses not to provide a public response,Experian Information Solutions Inc.,VI,,,Consent provided,Web,2025-02-12,Closed with explanation,1,,12047273,2025,2,1,Credit reporting or other personal consumer reports
2025-06-17,Credit reporting or other personal consumer reports,Credit reporting,Incorrect information on your report,Information belongs to someone else,,Company has responded to the consumer and the CFPB and chooses not to provide a public response,"TRANSUNION INTERMEDIATE HOLDINGS, INC.",GA,30501.0,,Consent not provided,Web,2025-06-17,Closed with non-monetary relief,1,,14124854,2025,6,0,Credit reporting or other personal consumer reports
2025-07-13,Credit reporting or other personal consumer reports,Credit reporting,Incorrect information on your report,Account information incorrect,"I have requested the inaccurate information be deleted from my credit report and provided documentation to the credit report agency that notice was provided to my apartment complex in writing by signing and returning the form that was provided to me by email. 

I originally requested to transfer to a larger apartment at the end of my lease because I received temporary custody of my 3 grandchildren. I was denied for the transfer and instead completed my lease term but moved to a larger apartment elsewhere all while communicating this with management. I was never told my written notice would not suffice only that I would needed to move due to being over the occupancy for my current unit which was technically done 2 weeks prior my lease end but I paid rent for the full month to avoid any termination penalties. I was advised to do this by management. 

I also was not provided a move out statement by the management company which legally has to be provided within 30 days of move out. 

I spoke with the new management company and they said I was charged for not providing proper notice but I have emails that were responded to that shows I provided what was requested. 

I have submitted this documentation to dispute the inaccurate information on my report and they have not provided verification of debt or removed it from my report. 

This is creating a hardship with finding housing as its being reported as bad rental debt. I provided the notice form that was sent to me and completed my lease term. I have fulfilled my lease obligation and am being penalized.",Company has responded to the consumer and the CFPB and chooses not to provide a public response,"TRANSUNION INTERMEDIATE HOLDINGS, INC.",FL,32927.0,Servicemember,Consent provided,Web,2025-07-14,Closed with non-monetary relief,1,,14614655,2025,7,1,Credit reporting or other personal consumer reports
2025-12-17,Credit reporting or other personal consumer reports,Credit reporting,Incorrect information on your report,Information belongs to someone else,,Company has responded to the consumer and the CFPB and chooses not to provide a public response,"TRANSUNION INTERMEDIATE HOLDINGS, INC.",SC,29061.0,,Consent not provided,Web,2025-12-17,Closed with non-monetary relief,1,,18112862,2025,12,0,Credit reporting or other personal consumer reports
2024-01-04,Checking or savings account,Checking account,Closing an account,Company closed your account,Chime close my account I dont understand how or why,,Chime Financial Inc,NY,11225.0,Servicemember,Consent provided,Web,2024-01-04,Closed with explanation,1,,8101895,2024,1,1,Bank account / service
2025-10-08,Credit reporting or other personal consumer reports,Credit reporting,Incorrect information on your report,Information belongs to someone else,,,"EQUIFAX, INC.",PA,19082.0,,Consent not provided,Web,2025-10-08,Closed with explanation,1,,16450340,2025,10,0,Credit reporting or other personal consumer reports
2025-07-08,Credit reporting or other personal consumer reports,Credit reporting,Improper use of your report,Reporting company used your report improperly,,Company has responded to the consumer and the CFPB and chooses not to provide a public response,Experian Information Solutions Inc.,TX,77051.0,,Consent not provided,Web,2025-07-08,Closed with explanation,1,,14534574,2025,7,0,Credit reporting or other personal consumer reports
2025-02-25,Credit reporting or other personal consumer reports,Credit reporting,Improper use of your report,Reporting company used your report improperly,,Company has responded to the consumer and the CFPB and chooses not to provide a public response,Experian Information Solutions Inc.,CA,92123.0,,Consent not provided,Web,2025-02-25,Closed with explanation,1,,12206295,2025,2,0,Credit reporting or other personal consumer reports
2025-10-19,Credit reporting or other personal consumer reports,Credit reporting,Incorrect information on your report,Information belongs to someone else,,,"EQUIFAX, INC.",IL,60610.0,,,Web,2025-10-19,Closed with explanation,1,,16683650,2025,10,0,Credit reporting or other personal consumer reports
2025-03-19,Credit reporting or other personal consumer reports,Credit reporting,Problem with a company's investigation into an existing problem,Their investigation did not fix an error on your report,,Company has responded to the consumer and the CFPB and chooses not to provide a public response,Experian Information Solutions Inc.,CA,90057.0,,Consent not provided,Web,2025-03-19,Closed with explanation,1,,12567527,2025,3,0,Credit reporting or other personal consumer reports
2025-08-13,Credit reporting or other personal consumer reports,Credit reporting,Incorrect information on your report,Personal information incorrect,,Company has responded to the consumer and the CFPB and chooses not to provide a public response,Experian Information Solutions Inc.,WA,98003.0,,Consent not provided,Web,2025-08-13,Closed with explanation,1,,15256523,2025,8,0,Credit reporting or other personal consumer reports
2025-11-18,Credit reporting or other personal consumer reports,Credit reporting,Problem with a company's investigation into an existing problem,Their investigation did not fix an error on your report,,Company has responded to the consumer and the CFPB and chooses not to provide a public response,Experian Information Solutions Inc.,CA,92880.0,,Consent not provided,Web,2025-11-18,Closed with explanation,1,,17292130,2025,11,0,Credit reporting or other personal consumer reports
2025-07-27,Credit reporting or other personal consumer reports,Credit reporting,Incorrect information on your report,Account status incorrect,there accounts that dont belong to me that are reporting on my credit report and i have called in already numerous times to remove me from the credit cards. they were authorized users from my x and we both have called and furnishers have removed us but bureaus are not.,,"EQUIFAX, INC.",FL,33009.0,,Consent provided,Web,2025-07-27,Closed with explanation,1,,14908817,2025,7,1,Credit reporting or other personal consumer reports
2018-07-27,Mortgage,VA mortgage,Struggling to pay mortgage,,,,NATIONSTAR MORTGAGE LLC,TX,78640.0,Servicemember,,Referral,2018-07-30,Closed with explanation,1,,2976746,2018,7,0,Mortgage
2025-02-10,Credit reporting or other personal consumer reports,Credit reporting,Improper use of your report,Reporting company used your report improperly,,Company has responded to the consumer and the CFPB and chooses not to provide a public response,Experian Information Solutions Inc.,CA,95843.0,,Consent not provided,Web,2025-02-10,Closed with explanation,1,,12024275,2025,2,0,Credit reporting or other personal consumer reports
2025-12-17,Credit reporting or other personal consumer reports,Credit reporting,Incorrect information on your report,Information belongs to someone else,,Company has responded to the consumer and the CFPB and chooses not to provide a public response,Experian Information Solutions Inc.,NJ,7205.0,,Consent not provided,Web,2025-12-17,Closed with explanation,1,,18097128,2025,12,0,Credit reporting or other personal consumer reports
2026-01-30,Credit reporting or other personal consumer reports,Credit reporting,Improper use of your report,Reporting company used your report improperly,,,"EQUIFAX, INC.",TX,77084.0,,,Web,2026-01-30,Closed with explanation,1,,19128677,2026,1,0,Credit reporting or other personal consumer reports
2025-01-23,Credit reporting or other personal consumer reports,Credit reporting,Problem with a company's investigation into an existing problem,Their investigation did not fix an error on your report,,,"EQUIFAX, INC.",DC,20012.0,,Consent not provided,Web,2025-01-23,Closed with non-monetary relief,1,,11711818,2025,1,0,Credit reporting or other personal consumer reports
2023-04-03,"Credit reporting, credit repair services, or other personal consumer reports",Credit reporting,Problem with a credit reporting company's investigation into an existing problem,Their investigation did not fix an error on your report,,,"EQUIFAX, INC.",TX,77045.0,,Consent not provided,Web,2023-04-03,Closed with explanation,1,,6788219,2023,4,0,Credit reporting / repair
2025-08-01,Credit reporting or other personal consumer reports,Credit reporting,Incorrect information on your report,Personal information incorrect,,Company has responded to the consumer and the CFPB and chooses not to provide a public response,Experian Information Solutions Inc.,MI,48223.0,,Consent not provided,Web,2025-08-01,Closed with explanation,1,,15035676,2025,8,0,Credit reporting or other personal consumer reports
2020-04-20,"Credit reporting, credit repair services, or other personal consumer reports",Credit reporting,Incorrect information on your report,Information belongs to someone else,,Company has responded to the consumer and the CFPB and chooses not to provide a public response,Experian Information Solutions Inc.,TX,77449.0,,Consent not provided,Web,2020-04-20,Closed with non-monetary relief,1,,3614735,2020,4,0,Credit reporting / repair
2023-02-09,"Credit reporting, credit repair services, or other personal consumer reports",Credit reporting,Problem with a credit reporting company's investigation into an existing problem,Their investigation did not fix an error on your report,,,"EQUIFAX, INC.",TX,77051.0,,Consent not provided,Web,2023-02-09,Closed with explanation,1,,6545615,2023,2,0,Credit reporting / repair
2024-11-07,Credit reporting or other personal consumer reports,Credit reporting,Improper use of your report,Reporting company used your report improperly,,,"EQUIFAX, INC.",FL,34715.0,,Consent not provided,Web,2024-11-07,Closed with explanation,1,,10713189,2024,11,0,Credit reporting or other personal consumer reports
2021-02-02,"Credit reporting, credit repair services, or other personal consumer reports",Credit reporting,Problem with a credit reporting company's investigation into an existing problem,Investigation took more than 30 days,,Company believes it acted appropriately as authorized by contract or law,NAVY FEDERAL CREDIT UNION,VA,23462.0,,Consent not provided,Web,2021-02-02,Closed with explanation,1,,4111427,2021,2,0,Credit reporting / repair
2025-07-22,Credit reporting or other personal consumer reports,Credit reporting,Problem with a company's investigation into an existing problem,Their investigation did not fix an error on your report,,Company has responded to the consumer and the CFPB and chooses not to provide a public response,"TRANSUNION INTERMEDIATE HOLDINGS, INC.",FL,34748.0,,Consent not provided,Web,2025-07-22,Closed with non-monetary relief,1,,14815178,2025,7,0,Credit reporting or other personal consumer reports
2021-08-23,"Credit reporting, credit repair services, or other personal consumer reports",Credit reporting,Incorrect information on your report,Information belongs to someone else,,,"BCA Financial Services, Inc.",FL,32114.0,,Consent not provided,Web,2021-08-23,Closed with explanation,1,,4655221,2021,8,0,Credit reporting / repair
2024-11-02,Debt collection,I do not know,False statements or representation,Attempted to collect wrong amount,,,ENCORE CAPITAL GROUP INC.,OK,73010.0,,Consent not provided,Web,2024-11-02,Closed with explanation,1,,10652783,2024,11,0,Debt collection
2016-08-04,Debt collection,"Other (i.e. phone, health club, etc.)",Cont'd attempts collect debt not owed,Debt is not mine,,,"ResidentCollect, Inc.",TX,77385.0,,Consent not provided,Web,2016-08-04,Closed,1,0.0,2045340,2016,8,0,Debt collection
2025-09-12,Credit reporting or other personal consumer reports,Credit reporting,Incorrect information on your report,Account information incorrect,,Company has responded to the consumer and the CFPB and chooses not to provide a public response,Experian Information Solutions Inc.,NC,27864.0,,Consent not provided,Web,2025-09-12,Closed with explanation,1,,15865105,2025,9,0,Credit reporting or other personal consumer reports
2025-09-11,Credit reporting or other personal consumer reports,Credit reporting,Incorrect information on your report,Information belongs to someone else,"I am writing to request that you block from my credit file certain information that I believe is the result of identity theft, as provided under 15 U S C 1681c2 a of the Fair Credit Reporting Act FCRA.",,"EQUIFAX, INC.",IL,60443.0,,Consent provided,Web,2025-09-11,Closed with explanation,1,,15865768,2025,9,1,Credit reporting or other personal consumer reports
2025-02-07,"Money transfer, virtual currency, or money service",Mobile or digital wallet,Unauthorized transactions or other transaction problem,,XXXX received fraud alert text message from CHASE asking about using an XXXX to get groceries {$360.00} ( all text messages were saved and shown at Bank on XXXX ) - I declined the amount and then it stated a rep from chase will call about it. They instructed me to remove the money from the account and to place on a digital google wallet card and open a new account because the original was compromised. XXXX and XXXX labeled from Texas were the phone numbers given to call and speak with someone about reporting this to the fraud department. After pulling the actual money from the checking and savings accounts for a total of {$7400.00}. After placing the money in the ATM - I also did not receive a text message about the deposit. They also stated that they would send a follow up email- which again never came. I attempted to open the card # they gave me in XXXX wallet XXXX exp XX/XX/year> and XXXX XXXX when I got to the verification screen it did not show my number- just the number to the bank. I called CHASE and explained what happened- all they said was they could do nothing because physical money was removed from the bank - they could not see any text messages I had received so they could do nothing. I went to my local branch in XXXX XXXX and explained again - the kind banker showed me that there was no text messages ( even though my text messages were identical to the new ones I had received ) and could not see anything but the withdrawal. We closed that checking account - opened a new one. The CHASE fraud team would not even take a report about the situation - I filed an online police report with XXXX XXXX ( will be attached ).,,JPMORGAN CHASE & CO.,OH,,,Consent provided,Web,2025-02-07,Closed with explanation,1,,11990255,2025,2,1,Money transfer / service
2026-02-23,Credit reporting or other personal consumer reports,Credit reporting,Problem with a company's investigation into an existing problem,Their investigation did not fix an error on your report,,Company has responded to the consumer and the CFPB and chooses not to provide a public response,"TRANSUNION INTERMEDIATE HOLDINGS, INC.",MD,21244.0,,Consent not provided,Web,2026-02-23,Closed with non-monetary relief,1,,19720277,2026,2,0,Credit reporting or other personal consumer reports
2025-06-08,Credit reporting or other personal consumer reports,Credit reporting,Problem with a company's investigation into an existing problem,Their investigation did not fix an error on your report,,,"EQUIFAX, INC.",MS,39367.0,,Consent not provided,Web,2025-06-08,Closed with explanation,1,,13958111,2025,6,0,Credit reporting or other personal consumer reports
2025-03-07,Checking or savings account,Checking account,Managing an account,Deposits and withdrawals,,Company has responded to the consumer and the CFPB and chooses not to provide a public response,TRUIST FINANCIAL CORPORATION,VA,22406.0,Older American,Consent not provided,Web,2025-03-19,Closed with explanation,1,,12371689,2025,3,0,Bank account / service
2025-08-19,Credit reporting or other personal consumer reports,Credit reporting,Problem with a company's investigation into an existing problem,Their investigation did not fix an error on your report,,Company has responded to the consumer and the CFPB and chooses not to provide a public response,Experian Information Solutions Inc.,OH,45205.0,,Consent not provided,Web,2025-08-19,Closed with explanation,1,,15356891,2025,8,0,Credit reporting or other personal consumer reports
2026-02-12,Credit reporting or other personal consumer reports,Credit reporting,Incorrect information on your report,Information belongs to someone else,,,"EQUIFAX, INC.",AL,,,,Web,2026-02-12,In progress,1,,19465499,2026,2,0,Credit reporting or other personal consumer reports
2025-10-17,Checking or savings account,Checking account,Managing an account,Problem using a debit or ATM card,I have unauthorized charge on my account for {$1700.00} that I did not make and chime declined my claim I want my money back please help me,,Chime Financial Inc,PA,,,Consent provided,Web,2025-10-17,Closed with explanation,1,,16651099,2025,10,1,Bank account / service
2024-03-13,Credit reporting or other personal consumer reports,Credit reporting,Incorrect information on your report,Information belongs to someone else,"In accordance with the Fair Credit Reporting Act. The List of accounts below has violated my federally protected consumer rights to privacy and confidentiality under 15 USC 1681. 

Account Name : XXXX XXXX XXXX Account Number:XXXX  Account Name : XXXX  Account Number:XXXX  Account Name : XXXX Account Number:XXXX  Account Name : XXXX Account Number:XXXX  Account Name : XXXX XXXX Account NumberXXXX Account Name : XXXX XXXX Account Number:XXXX  Account Name : XXXX Account Number:XXXX  Account Name : XXXX Account Number:XXXX  Account Name : XXXX Account Number:XXXX  Account Name : XXXX XXXX  Account Number:XXXX  Account Name : XXXX Account Number:XXXX  Account Name : XXXX Account Number:XXXX  Account Name : XXXX XXXX XXXX Account Number:XXXX  has violated my rights. Or a list of inquiries : 15 U.S.C 1681 section 602 A. States I have the right to privacy.

15 U.S.C 1681 Section 604 A Section 2 : It also states a consumer reporting agency can not furnish a account without my written instructions 15 U.S.C 1681c. ( a ) ( 5 ) Section States : no consumer reporting agency may make any consumer report containing any of the following items of information Any other adverse item of information, other than records of convictions of crimes which antedates the report by more than seven years.

15 U.S.C. 1681s-2 ( A ) ( 1 ) A person shall not furnish any information relating to a consumer to any consumer reporting agency if the person knows or has reasonable cause to believe that the information is inaccurate.",Company has responded to the consumer and the CFPB and chooses not to provide a public response,"TRANSUNION INTERMEDIATE HOLDINGS, INC.",MI,48204.0,,Consent provided,Web,2024-03-13,Closed with non-monetary relief,1,,8541424,2024,3,1,Credit reporting or other personal consumer reports
2025-11-04,Credit reporting or other personal consumer reports,Credit reporting,Improper use of your report,Reporting company used your report improperly,,Company has responded to the consumer and the CFPB and chooses not to provide a public response,"TRANSUNION INTERMEDIATE HOLDINGS, INC.",TX,77070.0,,Consent not provided,Web,2025-11-04,Closed with explanation,1,,17019004,2025,11,0,Credit reporting or other personal consumer reports
2022-12-05,"Credit reporting, credit repair services, or other personal consumer reports",Credit reporting,Improper use of your report,Reporting company used your report improperly,,,"EQUIFAX, INC.",GA,30075.0,,Consent not provided,Web,2022-12-05,Closed with explanation,1,,6277984,2022,12,0,Credit reporting / repair
2024-11-26,Credit reporting or other personal consumer reports,Credit reporting,Improper use of your report,Reporting company used your report improperly,,Company has responded to the consumer and the CFPB and chooses not to provide a public response,Experian Information Solutions Inc.,NC,27455.0,,Consent not provided,Web,2024-11-26,Closed with explanation,1,,10926687,2024,11,0,Credit reporting or other personal consumer reports
2025-08-15,Credit reporting or other personal consumer reports,Credit reporting,Problem with a company's investigation into an existing problem,Investigation took more than 30 days,,Company has responded to the consumer and the CFPB and chooses not to provide a public response,Experian Information Solutions Inc.,GA,30157.0,,Consent not provided,Web,2025-08-15,Closed with explanation,1,,15316706,2025,8,0,Credit reporting or other personal consumer reports
2025-09-13,Credit reporting or other personal consumer reports,Credit reporting,Problem with a company's investigation into an existing problem,Their investigation did not fix an error on your report,,Company has responded to the consumer and the CFPB and chooses not to provide a public response,Experian Information Solutions Inc.,MO,63042.0,,Consent not provided,Web,2025-09-13,Closed with explanation,1,,15916987,2025,9,0,Credit reporting or other personal consumer reports
2022-09-01,"Credit reporting, credit repair services, or other personal consumer reports",Credit reporting,Incorrect information on your report,Account information incorrect,,Company has responded to the consumer and the CFPB and chooses not to provide a public response,Experian Information Solutions Inc.,VA,23075.0,,Consent not provided,Web,2022-09-01,Closed with explanation,1,,5941233,2022,9,0,Credit reporting / repair
2025-05-07,Credit reporting or other personal consumer reports,Credit reporting,Problem with a company's investigation into an existing problem,Investigation took more than 30 days,,Company has responded to the consumer and the CFPB and chooses not to provide a public response,Experian Information Solutions Inc.,FL,33578.0,,Consent not provided,Web,2025-05-07,Closed with explanation,1,,13363260,2025,5,0,Credit reporting or other personal consumer reports
2024-03-29,Credit reporting or other personal consumer reports,Credit reporting,Incorrect information on your report,Account information incorrect,,,"EQUIFAX, INC.",DC,20019.0,,Other,Web,2024-03-29,Closed with non-monetary relief,1,,8658697,2024,3,0,Credit reporting or other personal consumer reports
2024-04-26,Debt collection,Credit card debt,Attempts to collect debt not owed,Debt was paid,,,GOLDMAN SACHS BANK USA,IL,60443.0,,Consent not provided,Web,2024-04-26,Closed with explanation,1,,8870793,2024,4,0,Debt collection
2025-06-19,Credit reporting or other personal consumer reports,Credit reporting,Incorrect information on your report,Information belongs to someone else,"I recently received a copy of my credit report, and I noticed some accounts on my consumer report that should not be on there. Please help me to validate the misreporting on my credit report and remove the inaccurate information found in my credit file.",,"EQUIFAX, INC.",NC,28105.0,,Consent provided,Web,2025-06-19,Closed with non-monetary relief,1,,14175293,2025,6,1,Credit reporting or other personal consumer reports
2026-03-06,Credit reporting or other personal consumer reports,Credit reporting,Incorrect information on your report,Information belongs to someone else,,,Experian Information Solutions Inc.,ID,,,,Web,2026-03-06,In progress,1,,20039115,2026,3,0,Credit reporting or other personal consumer reports
2025-03-09,Credit reporting or other personal consumer reports,Credit reporting,Improper use of your report,Reporting company used your report improperly,"Credit Reporting Agencies : Equifax, Transunion & Experian Creditor : XXXX XXXX XXXX XXXXXXXX XXXX XXXX In accordance with the FCRA, this creditor has violated my rights. Under 15 U.S.C 1681 section 602, I have a right to privacy and 15 U.S.C 1681 Section 604 A Section 2 states that a consumer reporting agency can not furnish an account without my written instructions. Under 15 U.S.C 1666b a creditor is prohibited from treating a payment on a credit card account under an open-end consumer credit plan as late for any purpose.",,"EQUIFAX, INC.",AL,,,Consent provided,Web,2025-03-09,Closed with explanation,1,,12389002,2025,3,1,Credit reporting or other personal consumer reports
2024-03-26,Credit reporting or other personal consumer reports,Credit reporting,Improper use of your report,Credit inquiries on your report that you don't recognize,,Company has responded to the consumer and the CFPB and chooses not to provide a public response,"TRANSUNION INTERMEDIATE HOLDINGS, INC.",NJ,8105.0,,Consent not provided,Web,2024-03-26,Closed with non-monetary relief,1,,8620995,2024,3,0,Credit reporting or other personal consumer reports
2023-11-20,Credit reporting or other personal consumer reports,Credit reporting,Incorrect information on your report,Information belongs to someone else,,Company has responded to the consumer and the CFPB and chooses not to provide a public response,"TRANSUNION INTERMEDIATE HOLDINGS, INC.",NE,68132.0,,Consent not provided,Web,2023-11-20,Closed with non-monetary relief,1,,7877710,2023,11,0,Credit reporting or other personal consumer reports
2025-11-07,Credit reporting or other personal consumer reports,Credit reporting,Incorrect information on your report,Information belongs to someone else,,Company has responded to the consumer and the CFPB and chooses not to provide a public response,"TRANSUNION INTERMEDIATE HOLDINGS, INC.",TX,78550.0,,,Web,2025-11-07,Closed with non-monetary relief,1,,17062800,2025,11,0,Credit reporting or other personal consumer reports
2021-12-01,"Credit reporting, credit repair services, or other personal consumer reports",Credit reporting,Incorrect information on your report,Personal information incorrect,"These credit bureaus have been notified XXXX  times prior to me notifying you, but I do not work for XXXX XXXX and I am self employed, My company is not XXXX contractors, but neither one of these are allowed to be on the report and these must be removed. 

I own "" XXXXXXXX XXXX XXXX XXXX '' This is the only name that will be allowed to be displayed on the credit report. 
I Started this company XX/XX/2018 2018",Company has responded to the consumer and the CFPB and chooses not to provide a public response,Experian Information Solutions Inc.,,,,Consent provided,Web,2021-12-01,Closed with explanation,1,,4966611,2021,12,1,Credit reporting / repair
2025-11-01,Credit reporting or other personal consumer reports,Credit reporting,Improper use of your report,Credit inquiries on your report that you don't recognize,,,"General Motors Financial Company, Inc.",MI,48239.0,,Consent not provided,Web,2025-11-01,Closed with explanation,1,,16965276,2025,11,0,Credit reporting or other personal consumer reports
2026-02-25,Credit reporting or other personal consumer reports,Credit reporting,Improper use of your report,Reporting company used your report improperly,,,"EQUIFAX, INC.",IL,60411.0,,,Web,2026-02-25,In progress,1,,19787288,2026,2,0,Credit reporting or other personal consumer reports
2025-01-02,Credit reporting or other personal consumer reports,Credit reporting,Incorrect information on your report,Information belongs to someone else,,Company has responded to the consumer and the CFPB and chooses not to provide a public response,Experian Information Solutions Inc.,FL,33032.0,,Consent not provided,Web,2025-01-02,Closed with explanation,1,,11351412,2025,1,0,Credit reporting or other personal consumer reports
2025-09-22,Credit reporting or other personal consumer reports,Credit reporting,Problem with a company's investigation into an existing problem,Their investigation did not fix an error on your report,,Company has responded to the consumer and the CFPB and chooses not to provide a public response,Experian Information Solutions Inc.,PA,18104.0,,Consent not provided,Web,2025-09-22,Closed with explanation,1,,16104875,2025,9,0,Credit reporting or other personal consumer reports
2025-02-25,Credit reporting or other personal consumer reports,Credit reporting,Incorrect information on your report,Information belongs to someone else,,Company has responded to the consumer and the CFPB and chooses not to provide a public response,"TRANSUNION INTERMEDIATE HOLDINGS, INC.",NV,89502.0,,,Web,2025-02-25,Closed with non-monetary relief,1,,12204728,2025,2,0,Credit reporting or other personal consumer reports
2025-08-29,Credit reporting or other personal consumer reports,Credit reporting,Incorrect information on your report,Information belongs to someone else,,Company has responded to the consumer and the CFPB and chooses not to provide a public response,"TRANSUNION INTERMEDIATE HOLDINGS, INC.",FL,33013.0,,Consent not provided,Web,2025-08-29,Closed with non-monetary relief,1,,15611770,2025,8,0,Credit reporting or other personal consumer reports
2022-03-17,Checking or savings account,Checking account,Opening an account,Account opened as a result of fraud,,Company has responded to the consumer and the CFPB and chooses not to provide a public response,"BANK OF AMERICA, NATIONAL ASSOCIATION",PA,19040.0,,Consent not provided,Web,2022-03-17,Closed with explanation,1,,5336287,2022,3,0,Bank account / service
2020-05-27,"Credit reporting, credit repair services, or other personal consumer reports",Credit reporting,Incorrect information on your report,Account status incorrect,,Company has responded to the consumer and the CFPB and chooses not to provide a public response,"TRANSUNION INTERMEDIATE HOLDINGS, INC.",TX,78218.0,,Consent not provided,Web,2020-05-27,Closed with explanation,1,,3670178,2020,5,0,Credit reporting / repair
2023-01-19,"Credit reporting, credit repair services, or other personal consumer reports",Credit reporting,Incorrect information on your report,Information belongs to someone else,"I appreciate you taking the time to CORRECT some of the information in my credit file ; however, there are still items that need to be removed. Sections 609 ( a ) ( 1 ) ( A ) and 611 ( a ) ( 1 ) require the 3 Credit Bureaus to validate these items ( A ). I hope these disputed items will be repaired immediately : XXXX XXXX XXXX XXXX XXXX XXXX XXXX XXXX XXXX XXXX XXXX XXXX XXXX XXXX XXXX XXXX XXXX XXXX XXXX XXXX XXXX XXXX XXXX XXXX XXXX XXXX XXXX XXXX XXXX XXXX XXXX XXXX XXXX XXXX XXXX XXXX XXXX XXXX XXXX XXXX XXXX XXXX XXXX XXXX XXXX XXXX XXXX XXXX XXXX XXXX XXXX XXXX XXXX XXXX XXXX XXXX XXXX",Company has responded to the consumer and the CFPB and chooses not to provide a public response,Experian Information Solutions Inc.,TX,77566.0,,Consent provided,Web,2023-01-19,Closed with non-monetary relief,1,,6451749,2023,1,1,Credit reporting / repair
2025-02-12,Credit reporting or other personal consumer reports,Credit reporting,Incorrect information on your report,Account status incorrect,"XXXXXXXX XXXX XXXX XXXXXXXX Charged off account closed paid as agreed no reporting correct information remove a place back on ready see this off my report XXXX XXXX XXXX XXXXXXXX Charged off account closed paid as agreed no reporting correct information remove a place back on ready see this off my report XXXX XXXX XXXX XXXXXXXX Charged off account closed paid as agreed no reporting correct information remove a place back on ready see this off my report XXXX XXXX XXXX XXXX Charged off account closed paid as agreed no reporting correct information remove a place back on ready see this off my report XXXX XXXX XXXX XXXX XXXXXXXX **** Charged off account closed paid as agreed no reporting correct information remove a place back on ready see this off my reporT 15 U.S.C. 1681 ] ( 1 ) The banking system is dependent upon fair and accurate credit reporting. Inaccurate credit reports directly impair the efficiency of the banking system, and unfair credit reporting methods undermine the public confidence which is essential to the continued functioning of the banking system.",Company has responded to the consumer and the CFPB and chooses not to provide a public response,"TRANSUNION INTERMEDIATE HOLDINGS, INC.",CA,,Servicemember,Consent provided,Web,2025-02-12,Closed with non-monetary relief,1,,12035467,2025,2,1,Credit reporting or other personal consumer reports
2025-09-10,Credit reporting or other personal consumer reports,Credit reporting,Improper use of your report,Reporting company used your report improperly,I am requesting that the following items be removed or corrected on my credit report : PLEASE REMOVE THESE FRAUDULENT ACCOUNTS : XXXX XXXX XXXX XXXX XXXX XXXX XXXX XXXX XXXX XXXX XXXX XXXX XXXX XXXX XXXX XXXX XXXX XXXX XXXX XXXX XXXX XXXX XXXX XXXX XXXX XXXX XXXX XXXX XXXX XXXX XXXX XXXX XXXX XXXX XXXX XXXX XXXX XXXX XXXX XXXX XXXX XXXX XXXX XXXX XXXX XXXX XXXX XXXX XXXX XXXX XXXX XXXX XXXX XXXX XXXX XXXX XXXX XXXX XXXX XXXX XXXX XXXX XXXX XXXX XXXX XXXX XXXX XXXX XXXX XXXX XXXX XXXX XXXX XXXX XXXX XXXX XXXX XXXX XXXX XXXX XXXX XXXX XXXX XXXX XXXX XXXX XXXX XXXX XXXX XXXX XXXX XXXX XXXX XXXX XXXX XXXX XXXX XXXX,Company has responded to the consumer and the CFPB and chooses not to provide a public response,Experian Information Solutions Inc.,FL,33025.0,,Consent provided,Web,2025-09-11,Closed with explanation,1,,15854537,2025,9,1,Credit reporting or other personal consumer reports
2025-02-05,Credit reporting or other personal consumer reports,Credit reporting,Problem with a company's investigation into an existing problem,Their investigation did not fix an error on your report,"I am filing a formal complaint regarding the actions of Equifax XXXX XXXX XXXX XXXX, as they have violated multiple provisions of the Fair Credit Reporting Act ( FCRA ) and other privacy laws concerning my personal information and consumer rights. 
First and foremost, I have been affected by Equifaxs failure to protect my personal data, particularly in light of their history of data breaches. Due to their lack of diligence, I have reasonable concerns that my personal information is at risk, making me more vulnerable to continued identity theft and fraudulent activities. Despite my repeated efforts to dispute inaccurate information on my credit report, Equifax has continued to mishandle my data and fail in its legal duty to ensure fair and accurate reporting. 
Violations Committed by Equifax 1. Failure to Ensure Accuracy of Consumer Reports ( FCRA Violation - XXXX U.S.C. XXXX ( b ) ) Equifax has continued to report incorrect information on my credit report, despite multiple dispute attempts. 
This includes unauthorized hard inquiries, incorrect addresses, and inaccurate account balances. 
As a result, my credit score has been negatively impacted, leading to credit denials and financial harm. 
2. Unauthorized Disclosure of Personal Information ( XXXX U.S.C. XXXX & XXXX U.S.C. XXXX ) Equifax furnished my consumer report without my written consent, violating FCRAs permissible purpose requirements. 
Under XXXX U.S.C. XXXX, financial institutions are required to protect the confidentiality of nonpublic personal information, which Equifax has failed to do. 
3. Violation of Opt-Out Rights ( XXXX U.S.C. XXXX & XXXX XXXX XXXX ) Equifax has shared my personal and financial data with third parties without properly informing me of my right to opt out. 
I was never given the required opt-out notice, which is a direct violation of my consumer rights. 
5. Failure to Investigate and Correct Disputed Information ( XXXX U.S.C. XXXX ( a ) ) Equifax has engaged in stalling tactics, repeatedly asking for identity verification, despite already receiving multiple forms of identification from me. 
Despite my disputes, Equifax has refused to remove incorrect data and continues to report misleading financial information that damages my credit standing. 
Financial & Emotional Damages Incurred Due to Equifaxs negligent actions, I have suffered financial losses and emotional distress, including : Denial of credit opportunities, including a home loan and business financing. 
Increased interest rates on existing accounts due to Equifaxs inaccurate reporting. 
Emotional distress, anxiety, and frustration due to the continued mishandling of my personal data.",,"EQUIFAX, INC.",TX,,,Consent provided,Web,2025-02-05,Closed with non-monetary relief,1,,11939516,2025,2,1,Credit reporting or other personal consumer reports
2024-04-14,Credit reporting or other personal consumer reports,Credit reporting,Incorrect information on your report,Public record information inaccurate,,Company has responded to the consumer and the CFPB and chooses not to provide a public response,Experian Information Solutions Inc.,IL,60422.0,,Consent not provided,Web,2024-04-14,Closed with explanation,1,,8770750,2024,4,0,Credit reporting or other personal consumer reports
2024-12-25,Credit reporting or other personal consumer reports,Credit reporting,Incorrect information on your report,Account information incorrect,,Company has responded to the consumer and the CFPB and chooses not to provide a public response,Experian Information Solutions Inc.,NC,28601.0,,Consent not provided,Web,2024-12-25,Closed with non-monetary relief,1,,11262666,2024,12,0,Credit reporting or other personal consumer reports
2024-11-05,Credit reporting or other personal consumer reports,Credit reporting,Incorrect information on your report,Account status incorrect,,Company has responded to the consumer and the CFPB and chooses not to provide a public response,"TRANSUNION INTERMEDIATE HOLDINGS, INC.",GA,30058.0,,Consent not provided,Web,2024-11-05,Closed with non-monetary relief,1,,10697563,2024,11,0,Credit reporting or other personal consumer reports
2022-03-22,"Credit reporting, credit repair services, or other personal consumer reports",Credit reporting,Improper use of your report,Reporting company used your report improperly,"In accordance with the Fair Credit Reporting act XXXX XXXX XXXX XXXX XXXX Account # XXXX and XXXX XXXX XXXX XXXX XXXX Account XXXX XXXX has violated my rights. 

15 U.S.C 1681 section 602 A. States I have the right to privacy.

15 U.S.C 1681 Section 604 A Section 2 : It also states a consumer reporting agency can not furnish an account without my written instructions.",,"EQUIFAX, INC.",TX,78229.0,,Consent provided,Web,2022-03-22,Closed with explanation,1,,5351508,2022,3,1,Credit reporting / repair
2024-09-16,Student loan,Private student loan,Struggling to repay your loan,Can't get other flexible options for repaying your loan,,,"Navient Solutions, LLC.",VA,23061.0,,Consent not provided,Web,2024-09-16,Closed with explanation,1,,10134115,2024,9,0,Student loan
